text,label,label_name
   mere jatt pr toh jaa hi mat smjh ayi.. .dobara kisi ..jatt pr aaise bt b mt krna caste ko beech ..laakr.. ..neech log .,0,Abusive/Offensive
rat ko milo bc,4,Profane/Untargeted
masha allah khan ads sb.. ab aap kab goverments banwanay aur chlanay lagay..,1,Normal
sir ye hamein na batayen k fake news hai. ye tu hamein b pata hai. app action len is channel k khilaf k woh fake news chala kaise rahe hain,1,Normal
in students ko wapis tou le aain lekin do we have the facility to diagnose or treat this virus? can we stop it from spreading? do you want it to spread in pakistan? they have a better chance if they stay there until a vaccine is made. ,1,Normal
 dhoondny se mil jaty hain,1,Normal
are bc lagta cahcchi abhi abhi halala karake aayi haii.ðÿ˜šðÿ˜š,2,Religious Hate
jannat dena ya jhahnum dena upar wale ke hath me hai par watan ke gaddaro ko unki sahi jagha pahochna army ki zimmedari hai #article6forptmleadership,0,Abusive/Offensive
angreez bazorgon ki bilkul izzt nhi krty.. newton aur ainstyn hmry haa hoty to un ka bhi salana ors hota,1,Normal
abe chup b bharwe...tje jate jate thuka apni behn chodne k lye de gia h....to us ko chodta reh r badle me thukla ko gata reh,0,Abusive/Offensive
 😂nahi pata nahi kya hai mein khana deti hoon wo khaa leti hai lekin pyar nahi karnay deti bhag jati hai😅🥺😂😅💔,1,Normal
  zulam to her jaga horha he. krne walloon main ferq he.,1,Normal
meri ex k ab itny ex ho gy hain k us ki shadi waly din 'channa merya' py ek group performance ho jaey ga 😂,1,Normal
pakistani randi ki pakistan's randiiiiiiiii kanya ne kitne bar choda hai,3,Sexism
zafar bhai sheron ki foj ka hijra commando,3,Sexism
"bhenchod funny aadmi hai tu, aur kya chahiye 🥺",4,Profane/Untargeted
better being a hijra than an anti national....,3,Sexism
pehle apni aurto ko halala se bachao ye bhi modi kar raha hai. agar sahi tum logo ka dna kiya jaye to pata nhi baap kon niklega,2,Religious Hate
me : bhai pada nahi jarha friend : fail hojaega me : ese kese bhenchod gaand faad dunga pass hoke rahungaa friend : haan hojaega me : par kese? friend : abe oo bhusdandi ke,4,Profane/Untargeted
"  abe kisi sasti randi ki aulaad, pehly ja kr apny total baap gino hen kitny 😂ek tu me hn, baki koi 10, 12 or bhi hn ge 🤣 tery jeson ko yahaan underwear me rakhy hen hum😂",0,Abusive/Offensive
sore throat for the fourth time bhenchod kya hai yeh?????,4,Profane/Untargeted
benchod randi ke aur marege tumhe smajhe,3,Sexism
kuti nasal ki kuti jo sahaba py bhonki hai,0,Abusive/Offensive
"aik jaise randi ronay hain hamaray. prepare well for your cies, pehlay walo main achay grades aayenge toh aagay motivation mille gi. considering you’re in class 10?",4,Profane/Untargeted
rt : pehnchod saalay!!,0,Abusive/Offensive
shehbaaz:-paras tere night suits itne famous hai na. sb poochte hai ye kaun satrangi sa banda aya hai 😂😂  punjab dekhna tha na paras ko. dekh le  #shehnaazgill #bb13 #biggboss13,1,Normal
 bhaiya bhabhi ko miss kar rahe hoh 🙏koi baat nahi our bhabhi is best in the world...,1,Normal
 hahah. wo mujy b nhe pata.,1,Normal
petrol itna sasta hogaya hai.  i'm planning to invest that money in stocks.  shukriya ,1,Normal
😂😂😂 tu hi iska official baap hai isiliye dar raha hai tere se baat krne se dusre baap se mil.le   😂😂,1,Normal
the guy whom i was crushing on last year is getting married next year like bhenchod you're 23 kya tereko shaadi karna hai,4,Profane/Untargeted
  lant lant aurat march ko sport kerny waly ko shrm keroo yar,0,Abusive/Offensive
the protest of charsi people of india,0,Abusive/Offensive
tou khud ko bchi samjti hy saali 😂😂😂😂😂,0,Abusive/Offensive
ahhh randi marwaogi?,3,Sexism
hansa tu nahi chahiye per can't stop myself 🤣🤣🤣 ,1,Normal
 tu toh college mein bhi yahi bolta tha,1,Normal
shrif family ka 1 or pol khol gya landan ka falts jo ka un ka motbik 2006 ma lia gya hn ohh 1992_93 sa un ka pass han,1,Normal
teri phudi ko b chata gashti behanchor many charsi ki randi,3,Sexism
pyar ho to phle bc 😐,4,Profane/Untargeted
rt :  muthal muthal muthal 😂😂🤣 acha sory,0,Abusive/Offensive
hijra lag rhi hai,3,Sexism
"that's why he married a 8 year old girl ,kept her sister asma also with him and in return her father was made caliph .bolo bhenchod",0,Abusive/Offensive
 jis trha tujhe chaha koi chahe tu bhul jana mjhe,1,Normal
 god khan sab,1,Normal
wesy shkl ton dr. nhi heera mandi di purani gashti lagdi a tu,3,Sexism
 😂😂😂😂😂😂 meri baat mujh pe 😂😂😂😂,1,Normal
 abey yr taana kon mar rha bai 😐😂 nahi nahi sahi hai ache lagty vo hathorey jaisy barey barey glasses 😝🙊😂,0,Abusive/Offensive
dekh raha hai eski shakte... 😂,1,Normal
  mry ko in lines py bht hansi ati 😂😂😂😂😂😂,4,Profane/Untargeted
"jinhone kaha tha na college mai life set ho jayegi, bc khud toh tum apni marvare ho hamari aur le lee hain, ye sahi hai.",0,Abusive/Offensive
nahi yr es bhenchodo ki aker he torenge 😡,0,Abusive/Offensive
ek jhut chupane ko kitna jhut bolega.......haan d protest was from jnsu and abvp.  bc kuch v patta nahi tum mc sab ko kya milta hai jhutta afwah failla ke .....we know ur ideolgy .....press ho biased media mut bano...,0,Abusive/Offensive
the hijra has already adopted them.,3,Sexism
ooooh bc deepika randi ki ma chodunga thode din ruko main btata hoon inko,3,Sexism
 dr sahb plz help us ak cancer ka mareez hy or shokat khanam walo ny pasy na hony ki wja sy discharge kr dia hy mehrbani frma kr sir kisi bi trha hm sy rabta kr ln wo govt teacher hy engr hy 03007334159 is number pr fone krna hy sir mehrbani krn plz,1,Normal
why can’t i multitask???? i’m 22 fucking years old and i still dont know how to multitask bhenchod,4,Profane/Untargeted
may allah guide before she became second qandeel baloch,1,Normal
"ameen sum ameen dua m yad rakhaye ga 💕,",1,Normal
allah hum sabko apnay or apnay mehboob k ghr ki hazri naseeb farmay❤💙😭 say ameen &  mashaallah ❤ ,1,Normal
or tum log halala ki paidaish ke shikarðÿ¤£ðÿ¤£ðÿ¤£,2,Religious Hate
haye re teri gawariyat😍... bhaunk te reh bas wanhi aukaat hai teri.. after all aukaat pe hi toh ayega tu 😂,0,Abusive/Offensive
mei ny jana k zindgi bht tlkh hai...,1,Normal
"my boss, sara din kaam hee krta hon tumhari trah nahi hon aur overtime lagane ka muje koi shoq nahi",1,Normal
comment pick up lines 😂😂menay jo suni thi aik vo thi if u were a burger at mc donald's u would be called mc gorgeous😂😂❤,1,Normal
teri maa ka halala kra rha tha koi problem madarjat bhosdike mulle,2,Religious Hate
halala ki oladoo,2,Religious Hate
bhenchod.....kutta pakistan ......kutti saali kom.......,0,Abusive/Offensive
 betao kon hai wo,1,Normal
kio singer bana hota hah kio beghairt zafri khan bana hota hah kio mashooq ke sath laga hota hah rat ko 2 bje yad ata hah yaar parna kab hah,0,Abusive/Offensive
 by the way kr kya rhe ho tum 😂,1,Normal
waisy aeo kam kya karty hain ek hi visit kar k sign karty hain hain 2 bar visit dal jaty hain...koi mentoring nai koi improvement nai..fazool main govt inko 25000 extra daiti hai ,1,Normal
"1. sunni, shia, ahmadiya are examples i don't care if christianity has more sects, it doesn't take away from my point  2. sure you did 😊 this is getting boring take care and good night ✌️,2019-06-12 11:29:58,alien mothership 🛸",1,Normal
qurbanya day sakty ho..? so then come to balochistan..  bakwas karty ho bc,0,Abusive/Offensive
  es ne to saf na krdi hn... ab u hi khilaa dy😔,1,Normal
"mereko kabhi depression nhi ho sakta, main hi depression ko ho jaata hu. bhaaj jaata h bechara mujhse darr ke",1,Normal
nhi ye chadr mehngi hy bht... ghreeb bnda hu or kahan sy lu ga is liye tumhari chadr sy kam chl jaye ga🤣🤷‍♂️,1,Normal
aj tu sub kuch bhula kar jhoom! jhoom yara jhoom,1,Normal
gashti k bachay saboot check kr,0,Abusive/Offensive
comment section mein bhaunk tu raha tha har gali khane wala kam bhi to nahin kiya hai samjha chutiye,0,Abusive/Offensive
  qanoon naam ki b koi cheez hoti ha madam. agr us aurat ko problem ha to apny husband k against fir karwaye or court se apni protection ki appeal kary. aisy mard ko jab police or court ki tarf se danda jaye ga to all will be fine. this kind of awareness required to all women,1,Normal
ap ki ama nay batya hai kay wo yahodi hai ya bhen nay...,2,Religious Hate
bc dil kr raha,4,Profane/Untargeted
 mein charpai se koood kr jaan dy doonga 😭,1,Normal
 iraady kuch thik nhi lg raha hy thumhary,1,Normal
yeah qandeel balooch k baad bakiyoun k pichay b hath dhoo kr purr gai hain. bukhsh day inki jaan mulana sb,1,Normal
he is drunk bhenchod,4,Profane/Untargeted
"sagh, makai ki roti makhan mltani halwa, akhrot dry fruit",1,Normal
 tu wapis aa pakistan😂,1,Normal
"muslim, indian, hindu reformer.....??   kaha se aate hai aise log?  muh se ilaichi toot nahi rahi aur chale hai pichwade se akhrot todne.  miyan pehle khud religion ko reform krlo. hum log humara religion dekhlenge.",0,Abusive/Offensive
"mall road is the most fucked up area, you can't breath easily because the air is so fucked up, please band kardu bhenchodo, chhutiya kam kar dena end par, abhi tou na bund maro.",4,Profane/Untargeted
bhenchod ur the one who’s racist and fat phobic u literally lost the argument tf go suck on muhammad pubg tattay or sth idk.,2,Religious Hate
amir liaqat aik baap ki aulad nae hai,0,Abusive/Offensive
"dear bestie,  if life is rain,  you are my raincoat  aey maa chuda na bhenchod",4,Profane/Untargeted
oeyy randdii k bachay ganddu hindu.. kyun jhoott baq raha hai gashti maa k ganndduu bachay. peshaab p k palnay wali qoum.,2,Religious Hate
tm sbko apni trah randi bnana chahti ho,3,Sexism
yo randi,3,Sexism
"abey maa ch**  bjp congress or ye tere baap,tum jese dallo ka kam he khangress ki chamcha giri karna,pehle sukanya devi ko kaha gayab karvaya he tere baap be vo pata karke aa suwar ki aulad",0,Abusive/Offensive
haan obviously. yahoodi ki oppression se pehle musalmaan ko khud ki musalmaano pe oppression dekhni chahiye.,1,Normal
ayse nai ayse le tu 😆🤣 ,1,Normal
aisay koi gashti k bachay hain bhrway maa yawanay lun khanay k aik dusray ka whatsapp no. leak kr k apney aap ko boht bara koi superstar smjh rhay hein. o lanat bae tum logo ki paidaish pr jo zindagi guzar gyi r jo anay wali hai sab pe lanat hai bae kesay tum suar ho bhenchodo.,0,Abusive/Offensive
dude yar dost ko kehty hain,1,Normal
 kesy bhulon ab..teri story ny meko apni hone wali ki yad dilaa di🤣,1,Normal
ha maine bhi to yahi kaha h,1,Normal
ab khel jame ga is the best #anthem of #psl #alizafar,1,Normal
hhahahhahaha bsdk tere jaisa fattu maine aajtak nahi dekha tujhe laga baap sogaya tera hutt teri ma ki €hut,0,Abusive/Offensive
mein danish hun mein bohot gareeb hun to mehwish bun k meri zindagi mein na ana bhenchod.,4,Profane/Untargeted
 sab mai sab sy pyari ap lag rai hain ☺️,1,Normal
kisan diesel use krtay hain pehlay hi itni cost barh chuki hai mazeed diesel mehnga,1,Normal
ye ssty khusrey 8th main 8 baar fail honey key baad sarkari nokri dhoondh rahey hotey hain aur jab inki taleem key mutabiq nokri nai niklti tu ben dalna shuroo ho jatey hain,3,Sexism
  you are just girlfriend material no one wants wife like you. itna jism jo sirf admi apni bivi ka dekhta h  apka to sary jahan ne dekha h,3,Sexism
teray kehny pe my maa baap kou chordun..❓ teri is he baat pe teri maa na chod doun..😊,0,Abusive/Offensive
tu bc ise ungal sahi karta hai😂😂😂,0,Abusive/Offensive
mai kehna cha raha tha k pehlay spotify tou ajai phir instagram ka bhi dekha jai ga,1,Normal
"bhenchodo har waqt negativity ko highlight karo ge news me despite knowing ke kitni saazish mulk ke khilaf ho rahi hai, to yehi sab hoga na.",4,Profane/Untargeted
😂😂na ho khush raho aap boltay raho😂🤦‍♂️🤷‍♂️,1,Normal
pury tweeter or shehbaaz shehbaaz ho rhi kya baat hy bhai #shehbaazonfire,1,Normal
tu randi hai na is liyei,3,Sexism
  sir ap darna mat ham apke sath h sirf apka channel esa h jo truth dikhane ki himmat rkhta h . really we proud of you sir zee news,1,Normal
kuch nhi bs aap ki yad aa rhi thi 😵.,1,Normal
sardar mat bol isko yr or kuch bhi bol ganda sa sardar nhi hai aurat ki respect nhi karta asli nhi hai,0,Abusive/Offensive
2 number khusray kon sy hotay han 🤔,1,Normal
chota admi.... ye benasla besharam yahoodi agent alumnati ka member ma'am  sahiba ne zafar wal jalsa ma selected ko hand k sign se bata diya tha,2,Religious Hate
 lekin asli mai bhee tou kartay hain na. tou khuaab mai ye thori pata chalta hai k khuaab hai ya haqeeqat. phir agar na istemaal karain tou kya pata khuaab na ho haqeeqat ho.,1,Normal
rt : valentine day haram ha aur usko mnany waly harami 💯😂,4,Profane/Untargeted
from the condemns the attacks on the indian diaspora outside  and urges the west to support marginalised groups in pakistan such as #balochisthan #ahmadiya   for a better,1,Normal
rt :   aap ke baap ka bill aata hai?,0,Abusive/Offensive
anyone jo crush k qabil ho?  🤷‍♂,1,Normal
teri maa bahn ki. chudai krta h      haraami,0,Abusive/Offensive
rt : humny mohabbat ka bharm sb sy judaa rkha hai dekh zikr tera hai mgr nam chupa rkha hai,1,Normal
hahah pata hai mujy ni bola par jisy bola uska comment solid tha mujhy baramaza ay hhahah,1,Normal
i mean js ko raat ko late tak nend ni ati woh sbhu aik din jaldi uttah jae tu raat ko time se e khud e ankhen band hona shru ho jien gyn,1,Normal
aur jo khud randion kee tarhan party change kurtay hain... aur awam kaa paisa zaya kurtay hain.. unko bhee aisay hee kisi din purray gee... i have no love for ml... i support pti just for  and you are nothing but a bully...,0,Abusive/Offensive
guys make it trend bcz hmry pakistani frnds ko hmri zroorat hy or social media kch b krwa skta phr chahy wo acha kam ho ya bura tw plzz is ek achy kam ka hissa bn jay   ,1,Normal
allah tou qareeb hi hota hi door tou hum chlay jatay hn,1,Normal
", main heran hota hun ki duniya mein itne badsoorat randiyan bhe hoti hain",3,Sexism
bhaag bhenchod ek baar ke liye laga red chillies org hai🤣🤣🤣,4,Profane/Untargeted
randi tere khene se koch nahi hoga kanjar nasal ki payedawar,3,Sexism
bhen chod k bachy ye sun ye teri bakwas hai na ab rishta bhi do gay na choti ka tu b n waly nhi bethy gay,0,Abusive/Offensive
  kaafi costly hoga na?,1,Normal
 kuch bhi nhi..😂,1,Normal
 aur jo haseen na ho usko koi munn nahi lgata,1,Normal
ary koi hamin bhe muuh dhoo kr muh laga lo🙄 ;-; hr jaga larkiyon ki tweets pr zalzaly aye hoy hm larky kdr jain marjain hm? 🙄,1,Normal
 in box ko lock kar do,1,Normal
  hahahaha wo main ny click keye thy khud dekhany k leye bt i gues dell kar dye thy bad main 😂😂😂,1,Normal
 keh rahi hn na rehne den is bat ko is pe no behs,1,Normal
 yaqeen krain m b yahi kehny wali thi apko  😂😂,1,Normal
just like jb dey ka skin jala tha wo nhi dikhaya. ya jb asim ko chukla ne pakad ke injure kia tha chest pe wo nhi dikhaya.    editing ka baap.  #bb13,1,Normal
inki lighting py sara paisa lag gya awam ka bc 😂,4,Profane/Untargeted
ajj jaib mein 30 rupay aur host mein pakistan kay legend ko kar rha. 😂,1,Normal
 3 din se uni nahi jaa rahiiii 😨😭😔,1,Normal
jan allah ko dani ha per saboot court ko nahi dany is jumly k bad b aap jasy educated log na many to allah he hafiz app logu ka.,1,Normal
jb tum namaz nahi party to ya mat socho k waqat nahi mila bal k ya socho k tum sy aysi kon c khata hoi k allah ny tumhein apny samny khara krna bhi pasand nahi keya.♥,1,Normal
rt : i just received akhrot from kashmir n kashmiri kulchy toooo😍😍❤️❤️,1,Normal
"rt : woh ""hi"" b bolegi,woh ""bye"" b bolegi, woh larki hai janaab, dimaagh kharaab hua toh ""bhai"" bhi bolegi 😂",1,Normal
 jes trna ya chaned urteny be hayae pihla rhe han use tran chand begert mard b han as ka matlab ya ni ha jo urat march per bop rhen han wo thk ha yan galat kabe achey chezun ko b follow karo,1,Normal
duniya fani hai or insan harami,4,Profane/Untargeted
 ngtivity phelana bnd kren.. fitna or fasaad phelana ahl e bait or un se mhbt krny walon ka kaam ni hai,1,Normal
 mujy koi gum ny,1,Normal
sarey bajwa k itihadi hain baqi khosh hon dey bahaney ney 😉,1,Normal
     haha.  teri ma ka yar hu bhhainchod tamiz kar,0,Abusive/Offensive
kiunke afghanistan mein pakistan ne america/england/ nato mi bhen chod kr ralh d isliye for your info mushharf equipe missile۔tecno to libia when france stard crying making pp in d pants pakistan i s i deafeat america/england/nato with american help۔i s i father of all۔agencies,0,Abusive/Offensive
randi h yr,3,Sexism
 to tumhn yh kaha s pata k khushia charhi hui🙄,1,Normal
 kuch wesy b rahen mushkil thi kuch mujhy mrny ka shoq b tha.. 🖤,1,Normal
that nigga was yahoodi he probably lied to all the employees,2,Religious Hate
"utny yahodi israeil mein nhe hn gy jitny iran mein abaad hain, israeil america ka toota hai jis mein uski jaan hai",1,Normal
jui inahahallah pakistan say qadyani yahoodi agent ki hukmat awr ap jesy qadyani yahoodi ki supporter ki secret program planning awam ki samny rakty rehngy,2,Religious Hate
plz sir hamy in say koi khtra nahi hamy is imran khan yahodi our kadiyanion say bachny pay gor karen pak army tayri azmat ko salam,2,Religious Hate
abe mc mein bheju teri maa cow ka photo kat te hue bc. chod teri tarah andhbhakt nhi hu aur nhi illiterate.. go and drink cow piss.,2,Religious Hate
pta hai ye jo schi wali mohabbat hoti ha na ye dill  ya dimagh se ni hoti... ye to rooh se hoti hai tbhi to mrne k bad b zinda rehti ha shyd...,1,Normal
aima ga ri hy bhenchod dj mike band kr deta hy awam suti ni hy ye dj manhoos hy nikalo is penchod ko,0,Abusive/Offensive
 sir yahan justice ko bhe huqooq nahi miltay ager woh je huzoori na karay... aam admi ko to bhool jaen,1,Normal
mujy bi cahiye followers koi ju interact karay thora buhat raat ky is pehar jab me shadeed bore hu ra huta hun,1,Normal
kahe bhaunk raha hai ?,0,Abusive/Offensive
"😎🇵🇰😎 ab jub gaaf phhatti tou naram lahjay may apni ahmaq following ko bay-waqoof bana raha hay,,,kal tou gardan ka sarya he akarr akarr ker phattnay ko aaga tha.😎🇵🇰😎 ullu kay patthay ab zara aik qadam barrha oor dekh kay kabhi teri tasnng hoti thi.",0,Abusive/Offensive
es yahodi ka app ne b bistr garm kya hy hahaha,3,Sexism
chairman of ppp can call him “bayghairat”in the parliament. all pmln and ppp leadership 24/7 call him puppet & selected. mullah terrorist can call him yahoodi ... wish you had the courage to condemn them as well while you invited all these abusers in your programs.,1,Normal
they need akhrot,1,Normal
 oh tere mubaraka 😂❤️,1,Normal
 walaikum salam,1,Normal
 boht aj 6:30 p video ay gi teri jis m tu boht excited hoga😂😂,1,Normal
"nawaz sharif wapis aye ga? nawaz shareef leader hai, imran khan yahoodi agent hai, imran khan cocaine leta hai, nawaz shareef bemar ha ya drama kr raha hai? maryam baher jaye gi ya nahe?  wtf is this behaviour?🤷",2,Religious Hate
"subha subha ik post dekh k yaad a gya.. my mamus & khala, and mamies and parents will leave one day  and it hurts so badly.   subha subha rula dia.  😭😭😭😟😟😟",1,Normal
"  acha abhi bhe lfz "" honi chye "" kaha ja rha hai.... hats off",1,Normal
ohh international tawaif tere jaisi randion ko koi ghaas bhi nai dalta zyada chwlain nai maar tum log jitna bhi kr lo pakistan ko nai tor skti cia ki tawaif,3,Sexism
rt :  ek no ka hutiya hai ye  charsi urban naxal,0,Abusive/Offensive
tum inki maat socho teri maa ka yaar to chala geya or ab wo kia kary gei kia wo ab ......... kary gai or abi to teri baji mariyam usko ab katri bi mu nahi lagte wo to modi ko bi nahi bula sakty hahahaha  or pta hai wo bi ab imran khan ke intazr mein hai ke imran usko bi moka dey,0,Abusive/Offensive
"if you born as shia, ahmedi then india is a best place to born. you can practice your religion without any state discrimination.",1,Normal
"saali , tuje gaali dene ke liye hi follow kar rha hu, otherwise tumko follow karna sharm ki baat hai. tu saali kya karne gayi thi jnu me, marane ki aadat teri gayi nahi abi tak.",3,Sexism
#pashtunsstandwithmanzoor  gul marjan sab da hash tag rawan day ,1,Normal
 lakh di lanat teri shakal teeee.,0,Abusive/Offensive
hur kisi k koi na koi story hoti hay.,1,Normal
gand mara bhenchod,0,Abusive/Offensive
 kia kiya h is ny..q arrest kia,1,Normal
 tum ny dekha mujhy kabhi kisi ko troll kartay huay??😳,1,Normal
ya allah reham 😢🤲..jiss waqt humein milkar kashmir ke liey awaaz uthani chahiey thi uss waqt fazlur reman madarsey ke logon se jhoot bol kar ke yahoodi aur qadiani hukumat ke khilaf maarch karo awaam ki tawajjah hataey rakhi,1,Normal
"ab iska sara credit har anchor le rha h jb k  rape,  ki asal jad h hi media jo mera jism.meri marzi,  hareem.shah , qandeel bloch , valentine day pe program krty hn phr rape hi hn gy",3,Sexism
"but in your country u make pm a man (by rigging election) who does adultry, take bribes, eat zakaat and play jouwa with his yahoodi saala with zakaat money 👏🏼👏🏼 yet he claims he will make madina ki riyasat 😝😝😝 total fraud",1,Normal
today i say that from now on i am not going to vote for pmln and will never forget that what they did today. inshallah will not let people forget about this in future as well. this does not mean i am supporting pti they are lanati   #shame,0,Abusive/Offensive
       chuss thi heavy 😂,1,Normal
"chaalloo... ager imran waqaye yahoodi agent hota to is ko iqtadaar may laatay laatay 22 saal na lagtay. ye pehlay 4,5 saal may he hakoomat may hota..",1,Normal
"koi is bharwe ko rokta q nahi ha, ye hamari fouj k bare me bhi bakwas kr rha ha, idare q khamosh hain....???",0,Abusive/Offensive
rt :  iska khud ka dna sadak par bhaunk rahey kuttey ka lagta hai..,0,Abusive/Offensive
another qandeel baloch on list.,3,Sexism
bhenchod whatsapp khoul,0,Abusive/Offensive
 😏😏😏 noi g mai backbencher thi,1,Normal
    mujhe to hassi a gyi je sun kr ke sidnaaz khtm ho gya kya dekh kar gyi hai ghr main.mujhe to lgta hai je sid ko arti ke liye pasand kr rahi hai or rishta krne ayi hai sid or arti ka jo bol rahi hai sidart trend chal raha hai.bakwas lady go back your home sali,0,Abusive/Offensive
arey teko ya se lavda fek ke maruga ki tera khandan chud jayega teri nani se le kar beti ko chod duga lavde ke baal saala hijra,3,Sexism
sara din kaam kr k is time bari neend aati hai😴,1,Normal
ye pagliya gyi h saali... kuttiya ye ab bhul gyi h jisne #halala or #teentlaaq se aazadi dilwayi usko bhul gyi h ye mullli....,2,Religious Hate
high class randi,3,Sexism
coz rss aur sanghion ki gaand roz chaatne ke liye aise bakwas kerne parhte hein bharwe ko daily basis per.issi liye to famous bana huwa hai. otherwise bhonkne ke ilawa is 🐕 ki kiya qabliyat hai?,0,Abusive/Offensive
     jitnay bhe bhonk lo allah ka karam hay is arz e pak pe. tum jaisay nasoor aisay he khatm ho jain gay. madam reham ik nay chora hota to ye pashteen party aap k leay 1 tissue thee,0,Abusive/Offensive
rt : to mar jao khi jakr. or haa apni maa se permission to le lete aise hi kisi ko baap bna lete ho,0,Abusive/Offensive
bitch tmy kya lena dena in baton sy. ab tm ny randi he rahna jitni b nkawas kr ly,3,Sexism
iss nay 1 saal main hi 72 saal ki kasar nikal di. bera gharaq kar dia har cheez kaa. 400 adaaray band ho rahay hain..sab waaday thuss..  jo meray mazhab ki izzat nahin karay gha to main kaisay doosray kay mazhab is ahtram  kar loon?,1,Normal
ufff bhi.....🤦‍♀️🤦‍♀️sorry g agar aapko aisa lg ra hai....mei aap ka mazak ni ura rai thi..🤷‍♀️🤷‍♀️🙁,1,Normal
"ahmaq admi, molana ne foj ke bare ma kia kia alfaz istimal kye. sharam kro kuch apne walid ka hi khayal kr lo he would never have done this",0,Abusive/Offensive
tujh jese bharwe ki itni c bat smjhne ki bhi auqat nhi k agr ns ko kch b hota he to zahir bat he ilzam hkomat py lagy ga qk un logon ko moqa chahiye hkomat py bat dalne ka so wo aisa kuch krne ka kbhi sochen gy bhi nhi.han un k apne bndy zror aisa kr k hkomat ko bdnam kr skty hn,0,Abusive/Offensive
dekh be randi ke ladka mai ne tere maa ko spelling sikha ke aaya hu tu apni maa se shikh lena.......ab thik hai spelling madharchod randi ke bachha teri maa ko choda char bar,0,Abusive/Offensive
agr pata hota itni taklef deti h muhabbat  to dil jorny sy phly hath jor lety.......,1,Normal
in main tm bhi shaamil ho harami ki olaad,2,Religious Hate
apni amma se poch nai to didi sania se poch..khusray to tum log ho jinki larkain shadian pakistanion se krti..,3,Sexism
ooay yeh tum ho. yaha kia kar rahay ho. hmmm.bachu.,1,Normal
laanat ho tum per,0,Abusive/Offensive
chulu bhr pani ma doob mr beghairat... ye ppp walo k mutabik beghairat koi bura word nai ha.its mean shameless .. 😁😁😁,0,Abusive/Offensive
bc kisko janna hai ki shukla ka muh stink karta hai ya nahi.. kya isse interesting koi conversation nahi hoti kya !!  faltu dikhate hai yaar ye.!!  #biggboss13,4,Profane/Untargeted
 aapne dekha hi aj h main to roj hi jaha hoti hun,1,Normal
 kuch nahi hua mujhe,1,Normal
   bank sare he 1 jese hote hen... but un ki product and services different ho sakti hen 😎,1,Normal
 kon hai headr mein ? 👀,1,Normal
   hn ye sai hy 😂😂😂,1,Normal
the rudest book ever se bhenchod 🤑,4,Profane/Untargeted
tension mat lo  tum akele nai ho  sab ki life ki  lagi padi hai 🤣🤣🤣,1,Normal
atnay din no see no lift 🙄🙄,1,Normal
teri ama ko chod kr ek bhai paida krrta hun dono bhai khelte rhna bsdk,0,Abusive/Offensive
tera baap hay burhan wani aur tera jija hay,0,Abusive/Offensive
kitna tax deta hai too bharwe,0,Abusive/Offensive
pen ki aukaat nahi teri chut lene ki mera lund le phir dekh tu rakhail na ban jaye meri,0,Abusive/Offensive
isako famous karo bahut bhaunk rahi hai. 😂,0,Abusive/Offensive
kiu nhe ager ap company dey ge to karni pare ge asy me kse dosti kero ga ap se,1,Normal
humey ni sunna ,1,Normal
hahahahaha ... halala and triple ts are desired by muslims as per pe #sharia or saria ! big confusions,1,Normal
pta hi hoga ...jb suhagraat pr teri maa ka yaar ne teri maa ko uske samne choda to pta to hoga hi,0,Abusive/Offensive
rt : ant: i'm slow snail: no i'm slow tortoise: i'm slowest  ptcl: rishte main tou hm tumhare baap lagte hain.,1,Normal
"acid attack, rape, domestic voilence, wife k hoty hoy girls k sath relation rakhna, ya time pass k ley girls ka use krna in pa mard chup ho jta h ye sub kon krta h? mard apny ap ko paak kar ly toh aurat ko in sub ki zarorat nahi #auratmarch",1,Normal
rt : kabira bhenchod maan ja pls 🎶,3,Sexism
tum log pappu mat bano kyunki sonia aur pawar ne tumnlogo ko pappu hi nahi kutta bana kar chhod diya hai..ab kai kai karte rahi; bhaunk toh sakte nahi 🤣🤣,0,Abusive/Offensive
 pyr ka red ink se kya link,1,Normal
haan tera hijra jesay oxford say noble prize lay kar nikla thaa... ab imran khan ki nafrat mai indian media k talway bhee chaato gay😂😂,3,Sexism
rt : bicharne wale mai sab kuch tha beghairt mai wafa hi nai thi bas,4,Profane/Untargeted
teri maa ki choot bhosdiwala..  randi ka baacha.  teri ma ko bol apna rate barade nhi th koi chodega nhi..  aur tera ghar nhi chalega .. maa ko chudwakar th ghar chalta tera..  sun apne baap se panga na le..  maa chod ke rakh dunga..  chal nikal ab randi ka baccha,0,Abusive/Offensive
well said.lanati hain ye qadyani kafir,2,Religious Hate
     nargas ki id to thik se laga lo 2 number pe 😉 ,0,Abusive/Offensive
tu sach much shaitan ki  paidaish ha.your channel continuously ran the news for an hour .,2,Religious Hate
 tu main ny bhi aik line keh di😂😂,1,Normal
   ghussa !???? mery samney hoti na ye to chapairain lagani thi isi my ny literally zaleel kar rakha hy,0,Abusive/Offensive
dost jin k khayal mein ali zafar aur atif aslam barhy singer hein arif lohar aur ali azmat se 😅 un se behas ni krty koi fayeda ni hota 😅,1,Normal
bc kbhi a6a na bolain 😒,4,Profane/Untargeted
o hijrey tum kesi kam k nahi ho allha ki qasam thok lga k gand pe doob k me jao behare he sala hijra cerrpet treen hijra or iska bap slaa gunda abi tu apki gand phti he or agy mazeed phty gi dkho inshallah,3,Sexism
nalla ashely bc kutta mc,0,Abusive/Offensive
kdr chupay huay seekhni mjhy,1,Normal
emeen walo say dushmani aur nafrat mien aik tu yahoodi hon gai aur dosray wo jo khula shirk(idol worshiping) kertay hien surah al maida verse 82. es ayat ko samjho bohat simple hai aur gumrahi say niklo allah hidayat da sub ko,1,Normal
jab tak jahil awam zinda hai tab tak chor log is tarah k trend karte rahhe ge top bharwo k bacho pakistan army sab se best hai or we love pakistan army nawaz ganje mulla bharwe #nationdemandsunbiasedarmy,0,Abusive/Offensive
talat wase tu kis ka dalal ha beghairt jab tu ne peda hona tha tare bap ne condem use na kar ky tare jase daly ko peda kar diya haram zady jab kise pakistani ko makkah na jane diye jaye tab unk dard samjh sako gay beghairt,3,Sexism
correct bro...ye fattu honge saale...ab yahan bhaunk rha hai,0,Abusive/Offensive
kaafir tujhe kuch nai malum,2,Religious Hate
kabhi badaam tou kabhi akhrot.. don't know konse such much k achay hote hein,1,Normal
har rat ka andhera honey se pehly haal poch lia kro.  aesa na ho k hm matti me so jayen or tum duniya me dhondty raho.🥀,1,Normal
tum jesi rundi ka bacha kia hoga ? bechare ko sari zindagi rundi ke bache ke thane sunne parrenge,3,Sexism
kitne vote mille is pakistani bharwe drugs ki dukan ko 17-18 lol 😂 woh bhi iske kharide huve lol 😂 aukat dikha di hindustani o ne teri lol 😂 maza aa gaya flop chutiya,0,Abusive/Offensive
chal chal tu sirf bhonk or apni tareef kar randi orr tu bhi kam ki nahi hai hawai daaz hai maa ko chdwati raho mujhsy shabash,3,Sexism
randi ki nasal hai tumhara niyazi,0,Abusive/Offensive
youthiye yahan bhi kutton ki tarah bhaunk rahay,0,Abusive/Offensive
  sahi hy phir jao aap us k pass,1,Normal
saare puncture vale job maang rahe hain.. bhenchod jab bhi inke pass gaye bole tube badalni padegi.. to hum kya karte tubeless lagva liya aur abb vo keh rahein hain #notmypm unki maaa ka bhosda,0,Abusive/Offensive
 m b jb new thi tweeter py mjy b frnd ny kaha k fb meiny aagy sy reply kya no facebook😜😜,1,Normal
 redmi note 8 pro le lein mein wohi use kar rha hun.,1,Normal
madharchod randi apni awkaat me rah k baat kro sali,3,Sexism
"no more randi rona's from now on, but how can i survive then?",4,Profane/Untargeted
is phudi nasal ko itni attention na do bc bacha ha yeh,0,Abusive/Offensive
 ye b talent h 😂,1,Normal
"apnay tou pura chara tha ""ahmaq"" ko!!!!",3,Sexism
 kya pata khatoon ko dost sabit kr day 😂😂😂waisay bhy red sweater hai 😂😂😂,1,Normal
just bc livvy poo my new bff and jazzyj don’t get it doesn’t mean someone else won’t! education first my friends.,1,Normal
mian ten years iss jumat ke sath rha hoon  na kam na kaj ke ...... ,1,Normal
wah re twitter satrangi gandu b opinion de rhe h yaha par bhenchod har chiz game k nazriye se dekhni h bilkul,0,Abusive/Offensive
abay saalay tujhe block krta hu ruk 🤮,0,Abusive/Offensive
 jutt sab mazy ki bt ye hai k 2no match quetta se jeety hm 😂😂,1,Normal
and will be allowed to escape ?!?! yahoodi agent hum se ziada qanoon k paband hain when it comes to corruption. they are more sincere to their country!,1,Normal
apni umar dekh aur apni baty dekh bhenchod,0,Abusive/Offensive
mujy es liye ye lga k shyad usy bura lgta ha mera ap sy baat krna,1,Normal
jo emojies ma dekh rhe hai wo meri ankhy hai,1,Normal
na khud ko sakn h na kisi ko krny dy ga,1,Normal
bhenchod matlb rt k liye kuch bhi krlete jahil kahin k,0,Abusive/Offensive
sali randi,3,Sexism
  bc tujh jaise logo ko jute se marna chahaiye akal ki andhi 😂 #naxali #urbannaxal,0,Abusive/Offensive
 jub tum ny help karni nhi hai phir faida..🥺,1,Normal
"bhai, main phele apke tms what's app group mien add that mobile reset kia hai tu group khatam ho gaya hai, plz add me again. my no. is:03007344748",1,Normal
this is serious. y pti is afraid. is it the money of shaukat khanam or actually some yahoodi lobby or working behind it.,1,Normal
bsdk tere baap ka maal hai kya halala ki paidaish.. muh se mungfali nahi toot to aur gaan se akhrot todne ki baat kar raha hain.,0,Abusive/Offensive
bht khubsurat keh gy aap,1,Normal
"randi ke, modi ki maa ki tatti khane wale salle reporter",0,Abusive/Offensive
iske paas koi izzat kaha hai ye randi se bhi gayi gujari hai,3,Sexism
tu bhen chod ik number ki paki taxi hai,3,Sexism
 kal b aisi hi pitch thi zaini ✌️,1,Normal
jaa bhen k lory tum harrami ki nasal ho.. dewband maslak pe kutty ki tareh bhoonkty ho..,2,Religious Hate
bhenchod hans raha tha abhi,4,Profane/Untargeted
charsi bi ice cream khaty hn kiaa 🤔🤔,0,Abusive/Offensive
report ki nasal kutte ke brabar hoti h jaise teri bhi,0,Abusive/Offensive
mazboot banane walle itna arsa bera gharaq nahi karte ab khel khatam ho chuka he... #gameoverselected,1,Normal
akhand chutiye jake pooch le ladki ki marji thi ya nhi ? aur tu uska personal assistant tha jo tujhe pata hai uski marji nhi thi ? feminism ki goliya khakar yhan mat bhaunk .,0,Abusive/Offensive
10 saal ka relation chod diya toh asim ko chodne me 10 sec v nhi lgege 😒 he deserves a bttr girl,1,Normal
  jab net nahi hoga tab kia karo ge ?😂,1,Normal
bajwa and imran chore zakat khore yahodi agents both are destroy pakistan ajenda and near to go jail for the first time real accountability start in pakistan and kashmir issue resolved by pmln zindabad,2,Religious Hate
 kon mehnat kare jb over booked ha 😜,1,Normal
ni to phir unfollow kr do bhenchod,0,Abusive/Offensive
to wo song writer par depend karta ha ok na k fahad bhai py🙄,1,Normal
sahi main maine to tv mute kr deya jitne bar unke conversation dekhaya,1,Normal
chal hram ki olaad pakistan ki jan choro tm logon theka liya howa h pakistan ki hakomat sirf tmny he krni..sala hijra,3,Sexism
if you became a dermatologist apke dukan ache chalege,1,Normal
free dhaniya ki jagah free validation maango sabziwale se,1,Normal
  sahi ja rhy hu,1,Normal
chal na randi ! we have spiritual connection with supreme leader imam khamnae !  we have our hearts and souls for holy cities of najaf and karbala !  dont give a fck to wahabi chutiyas,2,Religious Hate
agr aap k pass bhi is jesy harami friends hain to aap sb sy lucky ho #ehd_e_wafa,2,Religious Hate
imran qadyani yahoodi agent hy pti ki 18 bank account hy jis may qadyani yahoodi hondo ny funding ki hy . gold smith jimaima aneel musrst . atif miaan sub qadyani yahoodi hy,2,Religious Hate
 kronologi di ptik tum  ,1,Normal
ye chutiya  myth hi faila raha hai...,0,Abusive/Offensive
 pronounce kr to tere meme kharab ho jani😂,1,Normal
randians apna randi rona dal k beth gaye hain.😂👌🏼,0,Abusive/Offensive
yeh sun'ny sy pehly mjy qabaz thi.. now feeling better.. ✌🏻😪 #tayyarhain ,1,Normal
 bc government protest kar rhi hai kya 😒,4,Profane/Untargeted
 main ny boht say dheet dekhay hain..tumhara apna level hai..😒,0,Abusive/Offensive
"pak on tenterhooks they say as after 3 years of his appointment pakistanis have realised that he is a ahmadiya ""a non muslim"" and as per their constitution a non muslim cannot be the army chief ? after nov.2016 now they have awakened 🤔",1,Normal
aadhe gaane me so gai mai. nothing different. sonu nigam ka koi muqabla nhi hai.,1,Normal
"#pakistan  coas qamar javed bajwa is #ahmadiya a qadiani! anti-ahmadiya ordinance  law of pakistan do not allow ahmadis to call themselves muslim or ""pose as muslims"" which is punishable by 3 yrs in prison.  plea filed against #bajwa for being ahmadi   kya hoga iska?🤔 exile?",1,Normal
teri maa bhi chod ke kar sakte hai randi ke,0,Abusive/Offensive
"selected yahoodi, hindu ya sikh me se kisee ek ka nutfa he qadiyani to hy he.",2,Religious Hate
 bs kr du tweet per tweet,1,Normal
myne b shugl myn pocha😝wese bta he dyn ab?,1,Normal
bhenchod yeh tips ka kya rr laga rakha hai kabhi bowler ko credit de do,4,Profane/Untargeted
tere mohalle ka halala karne wala agar lulli bahar rakhta to duniya me ek chutiya kam paida hota. ðÿ˜ðÿ˜ðÿ˜ðÿ˜ðÿ˜,2,Religious Hate
budkaar maa ki alvi olaad tou phr british agency hussain nawaz say kiyu nahi maang rahi paisay?? teri maa chaklay main rundi hay tou iska zumadar tera nana howa hay tera dada??,0,Abusive/Offensive
sahi baat ha phattu harami han ya.,2,Religious Hate
  pta ni kon allah ka naik bnda hai 😁🙊,1,Normal
mujhy bhe yar aivein asman par qemat pohanchai hui hai.. is sy achy to akhrot hain,1,Normal
abay bharwe trailer ko song se compare kar raha ha 😂😂😂 reshma k dalleeee,0,Abusive/Offensive
  sir agar manzoor galat ha to per pakistan mai sacha koii nai ha sach hameya pata ha kai pm or speaker kon ha speaker ki ky hysiyat ha jo koi order jari kary jab tak stomach ki ibdat na howe h😆,1,Normal
frog naseem use to represent mqm in baldia fire where 250 were burned alive. today he is with pti. yahoodi bacha imran dhoob kay mar jao tum,2,Religious Hate
   arham kon ha😂😂,1,Normal
rundi ka short cut,3,Sexism
hattt bhenchod 400 rs. ki movie dekhenge 400 rs. room rent nahi denge anti national naare lagaayenge,0,Abusive/Offensive
"huh wut you say u imbecile, i shat on you...toh toh toh kaafir",2,Religious Hate
 aaaaa champli jyada bol mat,0,Abusive/Offensive
lagata hai teri maa gayi thi bjp walo ke pass jab uska halala kiya unhone jab kahi tu paida hu.,2,Religious Hate
  yehi ke iss ko kuch nahi pata,1,Normal
 bhai kush achi chez share krny ho ap k sath to kese ki ja sakti hy police k hwaly sy plz btayen,1,Normal
yeah aink wala dado abusing krta hijra net par baat kar is ki lee kaal mai bhot hijra hai yeah😂😂😂,3,Sexism
ye gashti hai to isky pas janay waly kon?,3,Sexism
sir gazhi hijra hy ap bhe dp laga lein pta tu chly ap  kya cheez ho,3,Sexism
"abey nikal na, facts tujhe dekhne nahi hai wahi madarse wali tatti bhaunk raha hai tabse ..  jaahilo se kya debate karu",2,Religious Hate
"pakistani: *raises voice about human rights issues in pakistan*  other pakistanis: ""but what about kashmir""  bhenchodo itna dard ho raha to jao karo jihad ghazva-e-hind pe. civilians se pehle apni muqaddas army se hisaab lo jo kab se kashmir ke bahaney hamara paisa kha rahey",0,Abusive/Offensive
rt : yar i'm trying to get over it at least thoda randi rona touh krney dou😤😩,1,Normal
koi chutiya hi hoga jo naya phone leke uske saath bend test karega hmlog phone lete hai to jaan se jaada sambhal ke rakhte hai khair choro kisi kisi ko baat samaj me v nahi aayega,4,Profane/Untargeted
ik toh ab mujhe yahoodi bacha lagta hai,2,Religious Hate
kiu teri maa ki phudi mari h isne? nawax shareef ki haram ki aulad,0,Abusive/Offensive
yawr i think i'm in love 😔 . . . . . . . . . . . . . . . . . . . . . . . . . . . .waqae  . . . . . . . . . . . . . ye kul raat khuwab aya th 🙊,1,Normal
oh sab amreeki yahodi israel jaate hain. lekin meri professor sab se achi hai. wou anti zionist jew hai. bari achi baatein krti hai. mujhe lagta hai k wou kabhi musalmaanon pe sakhti naye krti. hum khud bhi bure hain. aur mera maanna hai k hum khud par tanqeed naye karein ge,1,Normal
chwl  bkws kism ki beghairt aunty hai 😐 tum b farigh ho dimgh say....yah mujah khah hi jaha gi 😏😏😏,0,Abusive/Offensive
 kal kahan thi sara din??🤨,1,Normal
  chahe point pe kiya....pr is dost ko bna to kamina diya na😂😂😒😒😂😂,1,Normal
 abhi tak tou sahi ja rha agy ka pta nhi😂😂,1,Normal
abe chutiye...caa m khi kisi ko degree nhi dikhani h... charsi padh liya kr ki rule h kya...  pichwaade m tere dum nhi bolta h kisi c km nhi,0,Abusive/Offensive
chup kar kanjeri,3,Sexism
  aur bhi bahut jahil hai unhe bhi yaad kar liya karo. itna selective hone se hume problem hoti hai.,4,Profane/Untargeted
teri chut me sabhi bhaiyo ka lund reply de randi,3,Sexism
 dost wo nhi jo har waqat ap ki tareef kry,1,Normal
streak tour di bhenchod,4,Profane/Untargeted
yeh b to bc landay ka columbus hai is se india se zada daryaft b kya hona tha,0,Abusive/Offensive
kyu baad me garmi nahi mili kya uske lund me dum nahi tha,0,Abusive/Offensive
"teri maa ka yaar mein hon, rundian. modi kuttay ko abbu banane ka tujhe bara shauq hai, lagta hai apni maa ko modi ke paas bejhta hai. 😂😂😂",0,Abusive/Offensive
ghumna ghumana kya nehro pe aa k call kren zra me apk pas pohnch jaun gi.😝😝😂,1,Normal
atankwadi pragya kya wo tere maa baap ko bomb se udai kya jo tu chutiya paida hua or digvijay singh jo rishte me tera baap lagta h usne bola tha hafiz sahid ji osama ji samjha n gutterchhap.,0,Abusive/Offensive
sasty charsi 🤤,0,Abusive/Offensive
"bhenchod katue,lavde teri soch tatti hain ... i respect muslims but tere jaise muslims mein mein apna lavda dena bhi pasand nhi hain mujhe karve kahin kahe",0,Abusive/Offensive
chutiyaa ho aur imran khan par na bhonkay ye kesy ho skta. where were when these guyz calls him yahodi agent calls a sitting pm bgerat threatens him  calls him zani charsi nashai. tb tm log nepal chaly jaty ho?,0,Abusive/Offensive
apni gao mata ko chodny waloon ko azadi ks bharwe ne di?,0,Abusive/Offensive
  apni dunya mein jo imf ke dunya see bohat door hae :),1,Normal
bhaii apna randi rona bad mein roo layyio aj psl enjoy krne de bhai😂,0,Abusive/Offensive
 mery frnds ny mojy samjha hoa🙄,1,Normal
ab selaab aa jaye ga😜,1,Normal
 shuttle cokc burky mein nojwan aurat ko bhi bhurria samjh kr murd tawju nahi karty jabk modern dress mein bhurria ko bhi ghorney see baaz nahin aate,1,Normal
aap kirdarkashi say baz q nahi atay😡,1,Normal
 hahah mn nahi bnati kaha to hay,1,Normal
mujy yakeen nai ab oehly load krrwo tb banao ga,1,Normal
imran niazi aik mirrassi hay. drama baz yahodi agents both are bajwa and imran destroy pakistan ajenda khosa sahoolat kaar and naibe chore javed pco musharaf chamcha javed bagairat sahoolat kaar pti. failed govt. kunjer logown ka akath hay pti. gaddar watan farowsh imran.,0,Abusive/Offensive
awww ❤❤❤ nhiii aap log bhi hmaray sath ho🤗🤗🤗 aesy nhi kehtay ❤❤ #badamiansareunited 😍😍,1,Normal
waisay suna uski beemari theek huey ya abhi tak bc mustanda tarap raha hai,4,Profane/Untargeted
"🤣🤣 your lies are funny. every single day hindus, sikhs, shias, ahmadiya s are killed in pakistan. women are raped. children in madrassas are sexual abused. millions killed in balochistan, sindh etc etc. you left that out.",1,Normal
khabees bharway. tu kiya kare ga. tu india ka agent hai.,0,Abusive/Offensive
charsi shareef,0,Abusive/Offensive
bhai maa chod do in jihadiyo ki,2,Religious Hate
"abe charsi ye padh, dhyan rakhna aage se.",0,Abusive/Offensive
 farq sirf itna hai k tere paas sirf tere maa ki duain hai ... jab k imran khan k saath iss mulk ki laakhon maaaon ki duaiin hain,1,Normal
  bazz a ja mujh janti ha tu achi tarha😜👈,1,Normal
such kehtay ho chor nai ha choron ka sardar ha chor ki to koi okat he nai ha bayghart kanjar kashmir frosh lanti sazishi imran yahodi k samnay apni family ko dekho fardos veena malik afzal chun babar awan jahngir tareen tum kasm day do main youthiya ban jaon ga paka wada,2,Religious Hate
tum ab apni choti kuri b paish kar lo tub be tum nawaz ka-l-be nahi okhar saktay bharwe kanjer,0,Abusive/Offensive
agr  kanjeri ka koi face hota to wo ye kanjeri ka hota,3,Sexism
"physics department name was changed only because he was not a muslim. problem is not that he was an ahmedi. problem is why take away his achievements from the reach of kids, or not give him the deserved recognition, since he belonged to minority?",1,Normal
cheesecake pasand karnay walay log kahan se atay hain yaar,1,Normal
14 fab ko  tujhe pata  masroof hota tu aj hi mil liya .... ,1,Normal
bhen ki chut uski jo aisa soch v rhe h.... maa chod denge aise logon kj,0,Abusive/Offensive
 kdr ap ao na,1,Normal
  ap bata do na suchh kia hai. ap tu sarkari hajj nae kar sakten untill next n league government if may be,1,Normal
" nahi pat rahi, na free ma na paise se",1,Normal
saali tu jis din maregi..ek dharti ka bhoj khatm hoga..jis desh ka kharati hai usi mein chhed karti hai..tu to sabse badi terrorist hai..bitch,0,Abusive/Offensive
when i hug you my loora is out of control then fucking will must be needed 😉,3,Sexism
another view point relating to mera jism meri marzee,1,Normal
 kuch hota bhi hai😂😂😂,1,Normal
rt : can a nice and kind yahoodi agent fund me? ya girl's broke af but illzam muft main lagta hai.,1,Normal
 koi nai but it was literally dope i mean on entire stock 🤤,1,Normal
hahaha look the state of a mind of a pakistani... couldn't even read it properly....latest randdi of china ..pakistani,0,Abusive/Offensive
"hi khalim, humain iss hawalay se aapki madad karna chahte hain.kindly dms main hamaray sath apna number aur mukammal location share kijiye. shukria! 🙂",1,Normal
"jisko ye dukh hai ky 14 february ko wo chocolates kis ko dega,  toh bhai mujhe bhej dena kyun ky ek single hi single ka dukh samjh sakta hai.",1,Normal
lahnit is beghairt molvi pe jo itna gir giya ha,0,Abusive/Offensive
boll rahaa hu aur aise maaadharrchodh godi media ke anzanwaa randdi se ko koi bachaa dikhha degga gardann kaaat usske,0,Abusive/Offensive
 lykn bt krny ka ak nazriya b hota k ap kis nazriye sy bt kr rhy,1,Normal
"i changed my mind from now, i will support charsi leftist.....",0,Abusive/Offensive
"apney ghar ki tarbiyat twitter pe mat dikhaya karo logon k pata chal jayega k maa ne isey ""randi"" lafz k ilawa aur kuch nahi sikhaya q aur aksar in alfaz ka istemal wahi kartey hain jin k ghar mein wahi chez mojood hoti hain.",0,Abusive/Offensive
  hn ye bhi sai kaha iski halat aysi hoti hy wese bhi sardii mein😜😜 ,1,Normal
aurat barri pyari cheez h... . . . khud hi ghalti kr k khud hi naraaz hoo jati h...❤️🌚,1,Normal
 tum bhi humesa khush rahoo,1,Normal
too kul bhi rundi thi aj bhi hei,3,Sexism
lakh lanat jhoota munafiq tareen yahodi imran chore zakat khore yahodi agents both are bajwa and imran chore zakat khore destroyed pakistan,2,Religious Hate
tumhari chut fategi,0,Abusive/Offensive
or tu jinki baat kar raha he vo saab tere hi baap he.un sab bc ko beech chrahe par nanga karke jinda jalana chaiye.,0,Abusive/Offensive
rt : ubsy apni snaps nhy lgaoungi bharwe troll krte hyn.,0,Abusive/Offensive
"ap jesy loag hoty hain jin py eventually saleebi or yahoodi foujein a k qabiz ho jati hain aur phir woh or unki naslein aany wali kai sadiyon tk azadi ki jang larty rehti hain aur apny pyaron ko ""liberal democrats"" k hathon zibaah hoty dekhti rehti hain.",1,Normal
4200 directly 5k through agent,1,Normal
  tum n such m iski awaz suni h ?😂😂😂,1,Normal
tu mj sey phele mare ga tu dekhen ..,0,Abusive/Offensive
abe bharwe teri wazarat bhi pakistan k mafaad mai nahi,0,Abusive/Offensive
ok bye match ke baad milty hain.,1,Normal
 kch krny ko h he ni  kch log apni adat bna kr chly jty na nend ati hai 😂😂 bnda kry to kia kry,1,Normal
bhenchod syllabus kuch aur..aur padhke kuch aur gaya.,4,Profane/Untargeted
 agr wo aap s sincere h tb haan kro,1,Normal
agher yahodi kah tu wo kuch nhi. allah ki mar pary is fasloo per,2,Religious Hate
chinki tu bahout bdl gyi hai rey.... 😟  #bb13,1,Normal
 ho hi na jao tum..😒,1,Normal
main yahan kisi ki bhai nahi hon ya😭😭😭😭ar 😂😂😂 mera handle name dekho 😂😂😂🙄🙄,1,Normal
"afghanio ne tme hindu se bachaya,randi k aulaad tareekh paro tm wo ganda khoon ho,jo siko aour hindu ki rape se paida woe ho,tme kalima tho sikaya afghano ne,magar tmari gandi dna wai ranjeet sing wali a,randi k aulaad tm ne kah pana di,am pashtono ne di,apnay bio ko hera mandi",2,Religious Hate
usman saeed randi kay bachay tumhari gand may pharo ga bohat jaldi,0,Abusive/Offensive
"baby, ahmedi worship place ko jinho nay demolish kia, us ka kuch pata kia?  wo jo pedophile pakra gaya hai, us ka case kahan tak pohncha hai?",1,Normal
rt : paras sala nalla gutttrr kuty ka pila gandi nasal ka admi.hy sala kutta kamina bc mc #fightbacksana,0,Abusive/Offensive
kabi bi nai jo sakta ya shia log pora ka pora yahodi hn,2,Religious Hate
tera number bhi aayga... iska ip note kerke esko bji jail bhejo ... yeh hijra bola brave police man ko. esko bataoo ek baar kopche main laker.,3,Sexism
randi kothe par hi jayegi or kaha,3,Sexism
is baap par kya guzeri hogi ? allah inko jannat mai jaga day ameen.,1,Normal
pani kbi krwahat nai marty  mitha chaly ga😂😁,1,Normal
sahi toh hai..  sach kadwa lag raha hai kanjari lal ko,3,Sexism
angrezi main thora hath tang hai warna teri maa chod deta pakar ke,0,Abusive/Offensive
 veli na ho to 😕😂😂,1,Normal
ab apko minar_e_pakisan dia jaye ga,1,Normal
 main bhatak gya tha🤣😂🤣😂,1,Normal
yahodi nizam pakistan may kamyab nahi ho sakta 😁😁😁😁😀,1,Normal
shoe fit hua tho pehenle bhenchod,4,Profane/Untargeted
wo teri maa hogi.. halala wali,2,Religious Hate
simply called bc log...😂,0,Abusive/Offensive
          oohhh teri 😂🙆‍♀️,1,Normal
 ghubaraa phatny sy teri pedaish hui thi. tbi tera aql esa hy bc .🖐️🖐️🖐️,0,Abusive/Offensive
gotze rundi ka bacha yaad ajata hai 😭😭😡😡😡,0,Abusive/Offensive
rt :   harami hyn b.c,2,Religious Hate
rt : hum aj tak khud ko nahi samjh saky  or log hamary bare mein pata ni kya kya samjh lety hain.,1,Normal
 aur qassam s iss post p mur k kissi n nazr bh nahi dalni...tum log insafye ho e darpok,0,Abusive/Offensive
    we should have a mard march cause feminists are blocking him?😂😂,1,Normal
 aur apps pay hein na general baat hai yahan to aik tum hi ho🥺❤,1,Normal
  😁😁tu ronaa mat han,1,Normal
whyyyy?? tell me the reason! my frnd told me to watch it.,1,Normal
   ragra tum jaisio ko mil sakta bas ik ba haya aurat ko ankh utha k v nai dekhta,3,Sexism
"ask the shias why the sunni muslims are killing them?  ask the ahmedi, kurd, turki and sufi muslims why their fellow sunni muslims kill them when they belong to the same religion  they kill in the name of allah, terrorism has a religion and its islam.",1,Normal
rt :  kaafir ho jaayenge aaj se janaab,2,Religious Hate
 ap b yahi sochte ho sabko yahi lagta hai to fir ye kya drama kar rahi hai,1,Normal
agr app ko pakistan ka prime minister bna diya jaye tu ap kia kray gay?? 🤔🤔🇵🇰💯💯😂😂,1,Normal
kisi randi maaa ki nasal hai madrchod tu kisi murd ki beti nh kuty ki beti hai jab teri maa ko kuty ny chuda to teri jesi kuti paida hue,3,Sexism
       accordin to u sana bht buri hai ore ye dono frnds hai ryt??? ye daikh lay zra,1,Normal
hamay pyar hy pakistan se 😍🇵🇰 #pakistan #merawatan #🇵🇰 #,1,Normal
is cult  mein kisi boht hi pyare ko kho dene k baad uski qaber pe phool rakhna b jurm hai west mein qaberisat se phool chura k un ko sale kr k ahmdi chanda dia karte hain takey ragister se naam na kut jaye,2,Religious Hate
  fasaad machaye ni abhi to😌,1,Normal
ohoo.... is tarha to phir sb companies jo iqsaat pr ashiya dati hain.. wo sb soodi hy r sath hi lany wala bhi sood ma dakhil ho ga...???,1,Normal
omg😭 i wasn't expecting this birooo😭❤ u r d best bro uk😭❤ boht acha tu bc ,1,Normal
 to fast ko face karna tha na ☹️☹️🥺🥺😥😂,1,Normal
hahahahaahhahahahahaah this is good stuff. rana charsi is at it 😂😂😂😂,0,Abusive/Offensive
ooper se sir g msla ye ha k this works too 😁😂,1,Normal
aj kal k relationships se zyada mazboot toh akhrot hain,1,Normal
 ha kuch kro yr phir ☹️☹️,1,Normal
apia aj kal independent rhty hein... rts krna hoti hein.. manage nhi kr paaou ga🙏,1,Normal
bahanchod isky kapro ko kya hogya kabi apni bv ka hair band phn leta hai. aj apni ammi ka trouser phn liya.,0,Abusive/Offensive
tere har baar k randi roni hai ye😂,0,Abusive/Offensive
 yeah single life tab tak best hai jab tak aap ko kese se mohabt naw hoye ho i am also single but 💁😹,1,Normal
follow to kar lai gay but follow back bhi chaye,1,Normal
  😂😂😂khud na le loon phir,1,Normal
"bc  said bla bla bla.   reply with anthem ""tayyar hain"" 😀😂😁 #psl2020 #pslanthem #pakistanarmy",1,Normal
 modi ko kisi malshi ke pas le jao es ke dimagh ki malish krwao ye india ki nakli shine utrwana chahta hai es ka anjam bhi hitler ki trha ho ga jang harne ke bad ye khud ko goli mare ga ya pagal khane jae ga pakistani teri nani amma ka ghar hai,0,Abusive/Offensive
oh i thought mere pas tum ho wala danish he #askdanish,1,Normal
   humari teacher aesa kuch btati hi nai🙁🙁🙁🙁 my pouchon gi teacher sey,1,Normal
dekh to sai phaly har time bachiun k sath laga howa hai 😠😂😂😂,1,Normal
 hahaha bas kro yar ab tm b😭🥺🥺🥺beaker anthem tha kabara kar dia in budhoo ne 😭😭😭,0,Abusive/Offensive
say no to drugs. alhamdolillah. blessings from almighty allah ,1,Normal
fav toh kardiya hai ab kitna fav hu yeh aap btaa de😅♥️,1,Normal
khottay k puttar lanati yahodi lobby k agent haramkhor badzat dalay  niazi tabah o barbard ho jaye tw,2,Religious Hate
naya account bna ke phr teri gaand marain ga..teri maa behn 1 krdain ga..khanzeer ki paidawar ha tu... #ptmantipakmovement,0,Abusive/Offensive
 no mai leti nahi medicine. 😒 but yeah i am taking care of myself.  ❤,1,Normal
 yeh kon hai,1,Normal
  arry mzak tha bhai 🤣,1,Normal
wo yahodi larka tha lakin dajjal nahi tha us k pas kafi knowledge tha aur rasool allah saw k sath bahas ker raha tha tu hazrat umar ko ghussa aa gaya tha ap saw ne sirf itna kaha tha k agar ya dajjal hai tu es ko umar nahi essa ibne maryam qatal karien gai ya sari story thi,1,Normal
 gashti ky bachy taire maa bhe bahanchod the taira baap be dalal hy or tu hijra hy gandu . tairy baap ny jo jo kam kiya hua sub ko pata ithny gashti ky bachy ho tum log yeh khan ke maharbani hy tum logon ko abi tak kuch nahi kaha mery demag ka koi hota kahta khair hy,0,Abusive/Offensive
yeh khan hmaray sabr ka imtikhan le raha hay 2 sal hone ko hay performance 0  saray matharchodo bhenchodo ko ministries diye hay,0,Abusive/Offensive
fuckoff bhenchod,0,Abusive/Offensive
 khuda k lia shagzeb ye channel chor do jo apko majboor kr raha ha k mera jism meri marzi ki tashreeh krny ki...jb k sara pakistan janta ja k is l peechy kya hidden muqasid han...bs krdo,1,Normal
teri maa ka btaya gshti,0,Abusive/Offensive
1 balatkari muslim 3 balatkari tera baap hindu h uske bare m kuch bol  be,2,Religious Hate
 kuch logon ny subah un ko naaly sy nikalty hocy bhe daikha hai,1,Normal
mental health necessary for the mental illness imran chore zakat khore yahodi,2,Religious Hate
 pehlay tum bano phir hum banain gay..🤣🤣,1,Normal
  phr koi aysa partner dhondhen jis pe already mehnat hui oi ho. 😂😂,1,Normal
  o koi mery tweet bhi like kar 2 koi follow kar lo gareeb ka bacha ho,1,Normal
 yr scooby ese dialogues na mara kr mera haasaaa nikal jata🥺🥺,1,Normal
nahi.... lekin menu ptaa teri kudi kol main so jawan ty tu nhi bolna .... gashti maan da ktoori da bacha #general nu naaw tu baji dy tere wargy hor ee bht ny wesy main mar gyan vella ? dally,0,Abusive/Offensive
 aa tere jin kaddaan 😂,1,Normal
gand mara bc,0,Abusive/Offensive
 yaar kaamal ka bahadur banda hy ye mohsin daawwaddr,1,Normal
bharwe awaz ari hai ???,0,Abusive/Offensive
 nahi nhi bilkul nhi 👀😕😂  han ab na ana 😑😑,1,Normal
 q ab january ko badnaam kr rhi hen dec to pehle hi badnam tha,1,Normal
"hassan, urdu ki insult ya english ki insult aap jaise ahmaq aur jaahil hi kar saktey hai!",0,Abusive/Offensive
 arre yaar!🤷 mahira is not even nominated.. kya aap bhi na💁,1,Normal
ma ny b dekhna th spray🙄🙄,1,Normal
bc tmhen chora q unhon ny mein to ya pareshan hu gandy andy,0,Abusive/Offensive
nae ma jab tak charsi say karahi khaa aown ga,1,Normal
"agr hamari fauj gand marwa rai hai to isme tumhari gand kyu jal rai hai,yeh to achi baat hai tumhare liye to dar kis baat ka..isey kehte hai khauf aur yeh rehna chaiye samjha bhadwe ki nasal",0,Abusive/Offensive
ye b halala ki paidayash he hai ..ise apne bap ka pta he nahi hai,2,Religious Hate
g g seekh ly seekh ly aap in sy bohat smjhdar hain ye 😉😜😜,1,Normal
this hijra bilawal is the scum of pakistan,3,Sexism
kya khyal hai ab aapka,1,Normal
tab tak road cross nahi karen gi jab app k or unke darmayan faasla sirf maut ka na reh jaye! ,1,Normal
along with akhrot,1,Normal
lanati insan tu to baray sukan se ji raha ha jo lpg mar rahay hain un ka b kuch khayal kr le. hum lanat bhjetay hain tum aur jo pakistan aur jinnah k bray ma ghlat soch rakhta ha...,0,Abusive/Offensive
waada to shayad 15 lakh ka bhi kara tha mota bhai,1,Normal
tumri ma buhat hanzir hy jis ne tum jaise  yahodi kafir rhandi hanzir aurat ko paida kiya,2,Religious Hate
ur mary ab ki bhen ki trf bura laga ?  nah bakwas karo nah sunay  pary i hate ppp but kisi maah bhen ko sysat main nhi laty,0,Abusive/Offensive
  tumhare liye road tax double lgega 😂 or agar kuch khane ke dil hua to double gst pay krna hoga.. lol,1,Normal
lekin kuttay phir bhi bhonkte rahenge or karwan chlta rahega.,0,Abusive/Offensive
ay hy e gashti no1,3,Sexism
bc mc fc bhonk gdhi etc etc etc   for you from ur dear fvrt dmaad shukla,0,Abusive/Offensive
zara ki kiss bhut special ha 🤪,1,Normal
okay. for now i’m watching kaafir on zee5,1,Normal
 pehy wali thek thi us mn sober sober lagti thi,1,Normal
nahi aap sa koi ho hi nahi sakta,1,Normal
 main hoo naw meri jaan,1,Normal
y sala pakka halala ki paidais hai,2,Religious Hate
 asmi azhar tu apka crush hy na 🤣🤣🤣🤣,1,Normal
baap badalne ki tayyiyyari mein ho kya?,0,Abusive/Offensive
nhi nhi..apke account k masail sar kanoon pr😀,1,Normal
 multan se laanat bhej rha hn.  tumhary next tweet pe phr se bheju ga.   jab tak zinda hn tab tak bheju ga haraami journalist soor ka bacha 🐷,2,Religious Hate
khowla behen itni explanation dene ki zarurat nai kuch insano ke sar may dimagh ki jaga akhrot hota hai 😁 #achasorry,0,Abusive/Offensive
chutiye kaagaz nhi dikhane caa mein😂😂 charsi.,0,Abusive/Offensive
aurat ko azadi nh  aurat ko rights chahye  or yh wo baat h js mn 80% male women ko support b krty hn ...  what a cheap agend behind all this azadi march . #auratazadimarch,1,Normal
 ameen.. or jo me ny apko hzrt ali ka qol btaya hai us ko ap ghor se prhna of smjna.... allah sb ko sedhi rah pr chlaye,1,Normal
teri baji ko bhe ye he aitraz ha ha wesay patwari khota he tera asli abba ha beshak apni ami jan say puch lay baki imran yahodi bayghart kashmir frosh say to teri ami jan nay taste change kia ha imrani tati sahib,2,Religious Hate
bc bb khatm ho gya but i cant move on,4,Profane/Untargeted
my student kon melna chata hai inbox me ,1,Normal
"when in #peshawar (if ever), check out nisar charsi tikka (literally nisar the pot smoker's tikka). they do an amazing karahi and have even had mark weins review it. check it on youtube.",1,Normal
aurat ka paisa aurat ka paisa aur mard ka paisa bhi aurat ka paisa. bohat na insafi hai 😂,1,Normal
  hahaha danish ny to phr b marna e ta,1,Normal
"tum jio hajaro sal , sal ke din ho apke hisab se😍😍😍",1,Normal
 ye kuin 😥😥,1,Normal
why give nawaz sharif bond to a biggest lier in the world imran chore zakat khore yahodi destroyed pakistan and business of pakistan nation. ckickout imran from pakistan government and put to jail for the first time real accountability start in pakistan. naibe work only for pti,2,Religious Hate
ek din ayaagaa hisaab lyngaa in zalimona se,1,Normal
imran chore zakat khore yahodi is also jahaz.,2,Religious Hate
"pehly bingi mari k niazi bhag raha ha jab agly ne poch liya k kab bhag raha ha to apni judgment pesh kar di... jawab nhi ha patwario k... wohi typical kahanian sikh ha, qadyani ha yahoodi agent blah blah blah...",1,Normal
2 years ago i asked my father for my own car. so he said “hbl car loan se lelo” bc itni khajal khawari keh tang akar i bought used honda civic. and mine is way better than new honda city. or sashky apny,4,Profane/Untargeted
waseem jahil baap se murad sirprast,0,Abusive/Offensive
nazar lag gayi bhenchod fuck this i knew it would never last,4,Profane/Untargeted
"randi maa ke bachay, china bhi muslims ko oppress kar raha hai. wahan teri ghairat nahi jagti maderchod?  model town mein gunjay ne 14 logon ko mara aur 2 auroton ko, uska kia? teri maa ki phudi maron, bara aya ghairat mand.  ja kashmir ja, gandu.",0,Abusive/Offensive
lhr high court ki roshni me humay insaf dilwaya jaye humy regular kiya jye.,1,Normal
 nahhhhhhhhhhhhhiiiii but joht se bhtr hai,1,Normal
   mashallah aap ki soch 👍,1,Normal
"yeh harami general sunni muslims ka qatil ha, pakistan ka dushman tha, americans ne bohat acha kia. aik khanzeer jahanam-wasil hua",2,Religious Hate
 pata hai mujhy..😌,1,Normal
chalna be chutiye apna kaam kar  shakal kutte jesi hai or zubaan khinzeer jesi,2,Religious Hate
han may me h kal sy parhna shuru kru ga 😂😂,1,Normal
 waisay jitni english aap kay leaders ko aati hai uss hisaab say unhony yahein padha hoga kyuki english ki kafi acchi li hai,0,Abusive/Offensive
" yeh bhi kya hi kar lega, mark this tweet he will also be as useless as  and the outgoing one.",1,Normal
isay khalis tezaab main dabo dabo k phle nehlaya jaye ga  us k baad isay phir tezaab say nehlaya jaye ga yahoodi ko,2,Religious Hate
chehre se toh muskura deti hai maa par aankho se dard chupana bhul jaati hai maa.💕,1,Normal
maa baap saath rahay bachay hush,1,Normal
ap bhi nazar nhi aa rhi 😏,1,Normal
"jo bhi tu ney likha, most of it is correct.  lekin apney mulk ka bhi haal likh dekh pehley.  hagnay k lye toilets nahi hein, bhen chod oceans and lakes pey jaa k hagtay ho.  saaf peenay ka paani nahi hai. every minute, ek larki aur bachi ka india mein rape hota hai.",0,Abusive/Offensive
    apas main he laad kar main gye yeh😂😂😂😂😂,1,Normal
gandu endian hindu terrorist state want another 27th february alike humiliation in the hands of pakistan when pakistan airforce shot down two endian fighter plane and captured coward hijra endian terrorist pilot,3,Sexism
study krny baitho gi to khyal khud aye ga yaaawr yh achi thi yh daikhti hn😂,1,Normal
is ka tasbeh ko prhna dekho zara lanati insan kahna b glt ho ga. logo ko dhooka dy rha ha,0,Abusive/Offensive
elfey pee lou sab jor jaye ga,1,Normal
sai ho ga dr. sb😂😂,1,Normal
lol... phir holocaust kehne per q tmhare yahodi bhaio ke jalti hae ?,1,Normal
hahaha dhoka kon dega! mujhe agr such ma kisi fake id se approach kiya usko ma such ma orat ya hijra banake chorunga😂😂😂😂,3,Sexism
itna force kr rahee hain aap or koi choice he nhi hai😂😂😂,1,Normal
rt : in machro ki maa ka bhenchodo ny azaab kardiya,4,Profane/Untargeted
"aisi behki behki batain tunn ho k ho sakti hain or tunn 2 he tareko say hua ja sakta ha,  1. need 2. hooron wala teeka",1,Normal
 ye fixed match lag raha mujhe,1,Normal
hor kitnaa....! mujhe 2years se zyada hogay apke fb ka wait krtay. but koi ni hm waiting list mn lg jatay hn pher b😊,1,Normal
wo hota kia ha. kbi nam b nhe suna 😂😂,1,Normal
 yha koi bhi eetbar ni kr rha🧐,1,Normal
#mediastayunbiased mujhe achi trhan se yad hai wo din jab hamid mir ke sar par jeo news ka tajj pahenya gya tha. us waqt nawaz ki hakomat ti..r aj ye rishwat khor ban gya hai. q k ye hamry captan ke khelaf hai. ,1,Normal
oyeeee hoyeeee is watsapp group ka jo hal ho eha hai naaa aj kal mai apne bhai ko khta thaaaa bc inqlab ka nara chor do lekin nai paa jii jinada khamday o ona ty ni bhonkna cahahye da,0,Abusive/Offensive
"with the blessings of gurupitaji today after my speech on world peace was honoured on behalf of my father baba shamsher singh in world peace seminar held in jagannathpuri organised by ahmadiya muslim jamaat.   jagdeep singh   gurd. aarti sahib, gurd. bauli math sahib,puri,odisha.",1,Normal
 sis rishta ki talsh ha suna tha ya besti b talsh krny sy ml jty kia🤔🤔🤔🤔,1,Normal
 okk snapchat pe ah jana 😂,1,Normal
imran khan no doubt is an incompetent fool but in his bughz is ghatya molvi ko lana bohut mehnga paray ga hamari ahmaq qom ko led by fanatics and liberal fascists - extremist brothers in arms. once in power molana will roast liberals like tudeh fared with ayatollahs.,0,Abusive/Offensive
"rt : bhenchod mandir ka ghanta samjha hai, har koi ata hai baja kar chala jata hai.",4,Profane/Untargeted
"focus on the good, bharwe",0,Abusive/Offensive
apkay favorite khusray bilawal ne start kiya... puri baat btaya kro.. munafiqat chor do,3,Sexism
   zaroori nahi hota... sachay pyaar mein ilhaam nahi hote...,1,Normal
jo loug cheekh cheekh kar kehte hain ke qandeel baloch jesi aurte'n mulk ko badnaam karti hain woh iss waqiye pe chup rahe'n gy.,1,Normal
kis ka bc,4,Profane/Untargeted
" doc, maine tu iss baar kuch nai kaha.. whay have you become this person ? 🤦🏻‍♂️",1,Normal
 ya allah pak hum sab ko naseeb farma.aameen,1,Normal
 jin logon ko shaq he nauzubillah bibi fatima a.s ko zameen ki lalach thi ase baat nahi he unho ne dunia bhar ki orton ke lie misaal kaim ki ke apne haq ke lie apni awaz bulann karni chahye,1,Normal
unse acha bnda akhrot kha le,1,Normal
 btw apki first avi achi thi 🤣🤣😂,1,Normal
waah bhenchod...ye log apna point prove karne ke liye kuch bhi kar sakte hain bkl,4,Profane/Untargeted
"yar meri koshish hai. inshallah dekhon gi. meri university k aik larke ne, jou yahodi tha, nytimes main article likha k zionism ab cool naye raha, aur anti-zionist humain bully krte hain. usko lagta hai k israel ko colonial kehna ghalat hai.",1,Normal
 umar fukriyan word punjabi people use karte hai .kabhi kabhi muze lagta hai tum dono brothers punjab se  hi ho.,1,Normal
batayen na anpado ko bhi hak hota hai,1,Normal
we're celebrating secret santa at work today 🙄🙄😦 yahoodi saazish,2,Religious Hate
kyu k pakistanio ko yahi paraya gaya ha k china hamara dost ha turkey se hame mohabbat sikhayi gayi hai,1,Normal
aukat inki dant se chane todne ki nhi kr g*** se akhrot todne ki bat krte  ,0,Abusive/Offensive
mene dekha hai aur dekh b rha hon kmal ka hai,1,Normal
bghaghair chhilay say kam ni chalay ga kia sath may akhrot b hn,1,Normal
 meri likhi bat ko log smjh nahi pattien  me ehsas likhti hu log alfaz prhty he,1,Normal
momin hai tu be-taigh b larta ha sipahi.... proud sons of almomin bawaqar you guys made us proud today. rest in heaven ❤ ,1,Normal
shadi kar ln ga,1,Normal
 nafarat failaana waalo me se hai bhai iske sath bahut log hai comments me dekhna lekin  kb tak ye aisa hi rahega sharam aayegi ek din ise,1,Normal
apke behn muj sy zyada apsy payr krti ha us ny btaya ha mujy😌,1,Normal
  pakistan mein ye b bimaar tha or yaha. kese fit hai pta nai patwari khoti k bcho ko kb smjh ay gi,0,Abusive/Offensive
wesay toh ramazan hota hai..lakin agar ap burger bachay ho toh ramadan hota hai..🌝 ,1,Normal
sab sa zayada important wali tu apke sath ha bhool b gayen afsos,1,Normal
" hainnn achy log bhi hain, aur yeh bura waqat tha bass ta k achy waqat k liye tum prepare hojaao",1,Normal
yahoodi saazish😣,2,Religious Hate
larkay apni insecurities mai hi marr rhy. pehlay kuttay wali krtay larkiyon k sth jb vo tang ho k emotionally abuse ho ho k thak jati or phir chor k jati to kehtay saali bewafa thi 🌚 naya mil gya tha etc etc and all that shit. so much hateeee 🌚,4,Profane/Untargeted
axha tu kisi angreez ki najayz pedawaar hai jo teri maa ko chod gya thaa,0,Abusive/Offensive
bc tum to ab puncture bhi mahnga lagate ho. to tumhe kya dard hi.,0,Abusive/Offensive
 from apply kiya hai csc ke portal se mere from pura apply ho gya tha or last mai payment wallet se debit bhi huwa but from ka print out nhi aata na mail ya sms aaya csc customer care wale phone uta kar koi jawab nhi de the hai  bollte hai hum kya kre payment debit huwa ,1,Normal
"  kutti k bachy apny baap sy tameez sy bat kr _ salay tujhe bhi dunia main pakistani e ly kr aya eh ... gandi olad rundians  lundian nation, lundian people",0,Abusive/Offensive
"mai koi bahut bda nhi hua hu, avi chhota hi hu..",1,Normal
impossible hi ha itny comments😂,1,Normal
 kha show hota h vote ka muje pta ni h,1,Normal
nahien koi ore rundi roona dhoondo kewnkeh aap ka kaam he yahee heywood and 👎👎👎,0,Abusive/Offensive
"bhen k lorey , 6 saal se tmhare jalse dekh rhe hain randi k bache, jhoote ki nasal.",0,Abusive/Offensive
jaisa doodh waisa makhan....waziristan walay bhen bhai bhi itnay hi paray likhay hein jitna yeh namonaa :),0,Abusive/Offensive
"ghar ka dudh mera favorite he. jab dil krta he wife, saali, bhabhi kq dudh pileta hu. takat ka khazana he ",4,Profane/Untargeted
quaid azam was right ky hindu muslim kabhi sth nhi rhy sgty aaj hindu apni hasli shakl dekha rhy hn. agar kisi muslim ny aisa kia hota to india media ki maa mar gi hoti pr ab nhi boly gy. aagy ka ky yehi bol dn gy ky mentally disturb tha or case khtm .#jamia,2,Religious Hate
karachi kashmir tu bari bat hai aik inch b le k dekhao ap tumhari okat kia hai abhi nandan ko ro ro k manga tha k ni tum ne ase hi ab india ka bhi endia hone wala hai.kutya.,0,Abusive/Offensive
faasla rakhen baad me ap ka istikhara theek nahi ata. ,1,Normal
3.5 tumhain kam lagtay hain..😳,1,Normal
rt : khubsurat larkion ki arrange marriage kiu hotti ha😕😪,1,Normal
han na kisi qabil ban gya hota to behn ka bojh hi halka kar deta,0,Abusive/Offensive
your tweet shows that qadianis are really kaafir,1,Normal
ye wardi wale madar chod tm jese chootio ko le aye apni maa chudai k liyee,0,Abusive/Offensive
 abb keya chut girnay ka intazaar hoga ya jab university of peshawar ke terah her adara apni salary bund kurwa layga tab hosh aye ga,1,Normal
 with due respect sir kya aurat march se ye chezain khtm hu jain gi...?,1,Normal
  hahhahah apko mazak lag raha hai main ny sach main btaa dyna 🤦🤦😂😂,1,Normal
o teri bivi ko chodo chotiy k bchy kis ko bewaqof bna raha he .teri gand me itna dam he tu mere sath monazra kar ly me sabat kar do ga imran shytan india.yahodi.qadiyani ka ijent he gand marwa kr wzarat leny waly baty kar raha he,2,Religious Hate
kuch nh janu new new hen yh bharwe abhi shyd xd,0,Abusive/Offensive
  ni q k agar ap n suni ho te ye na bolo k awaz achi h hahahha,1,Normal
  y to mt bolo celeb to tum ho,1,Normal
" aap bemar ho, oh allah shet dy aap ko 🌝💕",1,Normal
areyyy haramkhoron ab to aankhen khol lo..tharki kahin ke..saale fans sidharth ke..aur gaand sidnaaz jaise fake cheez ki chaatne lgte hain..bc shenaaz waalon mein itna dum nhi hai ki 118k tweets krlen..ye saale saanp paale hain sidheart mein hain ..saale fekkkkuu hain saare bc..,0,Abusive/Offensive
tm gashti ki bachi jo marzi krti phiro ab bat apne pe ai to sath e phat gi teri,3,Sexism
 kon a voooo?bta bhai ko.. abhi leta mein uski..class.🙄,1,Normal
bhanja ha 3 saal ka,1,Normal
hahahahhahahah😂😂😂 phudi da gandu. se hien yeh chutiye bangali kutte,0,Abusive/Offensive
rt :  ntr introduced 6 new directors what's about hijra mahesh😂😂😂,3,Sexism
"tum usi ahmaq ki choori hoi ho,lahore",3,Sexism
hi kutia... randi ban k chudegi.  ya bhabhi,3,Sexism
kaafir ka mtlb jaan liya tumne ???,1,Normal
hum bhi madina jaien gy ik din inshaallah💕,1,Normal
  hahhaaha 🤦😂😂  haider bhai sab chory apko pta maheen from lahore b wb ki fan hai wo b bohat bati wali 🤩🤩🌚🌚😂😂 mgy abi pta chala 😂,1,Normal
sare k sare bharwe aik jaga jama ho gai hain bc,0,Abusive/Offensive
 nahi maine ni likha h...,1,Normal
haan bharwe tu hasan mohsin k nikal jo teri maa kay khusse main choda hai,0,Abusive/Offensive
danish bhai kia aap sakoon me ho? #askdanish,1,Normal
 agar aaj se 40 saal pehley isi tarha ke banner pakarh kar mera jism meri marzi waala naara aapki amma ne maara hota to aap is duniya main ye tweet karney ke liye maujood hi na hoteen 😑😑😑,3,Sexism
main 5'8 ke sath bh chota lgta hn bc😶😑😑😑,4,Profane/Untargeted
i am charsi 🤟🤣   wbu ?,1,Normal
🤦🏻🤦🏻 feeta kato—aap sy kuch ho nhi skta.,1,Normal
 aap 51% khawteen ki achi awaz ban sakti thi but mera jisam meri marzi ziada aziz ha apko,1,Normal
bc inki bandi ko koi kuch bole to inki gaan me chul machti hai bkl dogle hai khali rt khane aaye hai yaha...!!!,0,Abusive/Offensive
1 no. ka #charsi !!! 😂😂😂😂😂,0,Abusive/Offensive
pichwara se akhrot kahe fod rahe ho chicha,1,Normal
 allah ka gunghar banda jo allah se har waqt magfart ka talbgar hai,1,Normal
  ko sb pata tha us ne btaya nahi ap ko???,1,Normal
lanati khan,0,Abusive/Offensive
sach kabhi chupay ni chupta,1,Normal
 all fingers are not equal but girls ke family jo nahi manti ye saab se bara issue hai,1,Normal
 kuch ni nend he ni a rhs,1,Normal
bhosadiwala aur hijra tha jnnehru madarchod ne khud ko hi bharat ratna de diya tha  #jawaharlalnehru,3,Sexism
bro ab tou swat tak motorway ban gayi hai,1,Normal
uneducated log hi kabi yahodi card kabi qadyani galez logo ke card sell kartay ho,1,Normal
astaghfirullah....kesi nazeba baatein krtee hain aap.... mene tou aajtk kiisi lrki se baat tk nhi kee😔😔 shadeed single hoon,1,Normal
tmhri baaaaay ka phuda maa lori ghasti,3,Sexism
you can call him a apostate slander his wife his past call him a yahoodi  agent it is all freedom of expression but imran mimicking  billo and the whole media is up in arms.,1,Normal
tumhari gaand m jitna dum h lga lo bosdiwalo ...ye mt bhulna ki tere star ki pahli hit aj ne gift ki h ...randi rone mt suru krna fir..rashma shetty  k paw pkdo ki pese de de ke review leti h or marketing krti h...randi wale sale kutte,3,Sexism
 buhat khush hai kal raat ko baat hoi uss ka hans hans kay bura haal tha 😂😂,1,Normal
aj he laya  hun 3800 ky half kg aa jao  with kajo  and akhrot  maziydar,1,Normal
 or yai wo lmha h jb hm jan b harny ko tyar hoty hn,1,Normal
 is confusion ko choren is trha bass koi se 2 sekect kren ...dil ko.mazboot kr k fasla kren...😍🙈,1,Normal
 haha kia hwa tha? you must have heard stories about it,1,Normal
mje meray uni k marasi yaad agay 😂,1,Normal
 to hum kon sa bury hein😕,1,Normal
 sir shoq nhi poetry ka bs ayse hi tweetless hota to krta hu just,1,Normal
"agirl at the breakfast table says ""tumhari zindagi mein sab theek hai na tum aaj kal bohut udaas lagti ho"" yaar bhenchod khuda ka wasta hai ye harkat na kiya karo u think ure helping but ure makin it worse it's a rough day im not a comedian i cannot be fucking laughing allthetime",4,Profane/Untargeted
kisi ko pata chale ga to line maray ga na 🤣,1,Normal
 friendship sai darr nahi labtaa sahab fraaaaaaandshippppp sai lgta hai. 😊,1,Normal
acha tera kia khayal pakistan delhi k redzone ki randi hai jisay aira gaira otha lai ga?  maa chod dain ge tumari ao na zara pakistan khushbh laga k 🖕,0,Abusive/Offensive
khuleaam madarchod gandu gandhi chutiya gandhi haramkhod gandhi or kitna gaali dun o  bhi kam hain us rundi ke khandaan ke liye🖕🖕🖕🖕✍☠️💀☠️💀tonic sudh desi 🇮🇳👳🖕🖕🖕🖕🖕🖕✍,0,Abusive/Offensive
rt : “it’s so unattractive when girls swear” haan bhenchod meri zindagi ka maqsad tujhe hi attract karna hai na randi,0,Abusive/Offensive
tu knsa streaks dekhta bhenchod,0,Abusive/Offensive
bhenchod kahan phass gaya hoon,4,Profane/Untargeted
"( a big question for all the pakistanis ) puri duniya mey israel ki army badnaam hey, my first question to all the pakistanis, q. no 1, how many ( jewish ) yahoodi have killed by israel army , answer, no one, ( koi bhe nahi ), because israeli military is pure patriotic army",1,Normal
"rt :  😎🇵🇰😎 da'awat, walima ya khatam-e-quran per zidd ker kay nahi bulaaey gaey. leader bastards tou taqreer kay ghar jaa ker moujj urratay hain, ahmaq sarrak per parray rehtay hain, phir gilla kis baat ka.",0,Abusive/Offensive
  main toh soti hi nahi 😭😂,1,Normal
especially randi ki aami ko thok denge,3,Sexism
ham bhi pakistan military academy say aisay hi local transport per atay jatay rehay hain hamaray sath to aisa shughal nahi hua tha. ghareeb ka bacha yahan bhi maar kha gaya,1,Normal
  tune abhi kaha k nh h,1,Normal
kisi gashti mah k bacahy han bc randi ki aullad hai itna zulam bc 1 muslman per. inah di mah dah phuda  ik ik ko pakr kar bc ulta latako bc gashti dyo bacho😡😡😡😡😡😡😡😡😡😡😡😡😡😡,0,Abusive/Offensive
jo jo bhosdiwale biased host bol rahe he na agar unko host karne boldoge na toh bhenchod gaand fatke haath me aajayegi. isliye jo 10 saal se kar raha he usko karne do apne soch aur apne hisaab se. apni awaaz ke aukaat me rehke bhoka karo... madarchodo,0,Abusive/Offensive
"na mao di kuss yahwa gashti,",3,Sexism
ary randi b mn teri amma ko e smjhta hu yani mn tera bhai hu pr mn bra bhai chod hu bch k ryio😂😂💖,0,Abusive/Offensive
aag lagy chahy basti main baap to rehta masti main 😂♥  💕,1,Normal
unki aulaad b sweet ha bht 😌😌,1,Normal
hahahha yeh sarry katoary forign yahoodi funding me mulawis hen....maza arha hy ab inko bhonkty dekh kr....bhonk kuttay bhonk,0,Abusive/Offensive
hahahaha eski ma ka sali randi ki aulad h ye,0,Abusive/Offensive
 o bas bas ab tareef na kri mri🙈😂,1,Normal
to bhenchod gidad ...gidad ki hi maut marega😂😂....kya yarr🤦🤦,0,Abusive/Offensive
  wo e jin k tum logo ne bhoot ko izt di thi 😂😂😂,1,Normal
bhai us ko heart attack ðÿ˜œ humre society k norms s hoa.  talaq de k maaf kr deta to shadi k lye halala k zarorat hoti h ðÿ˜œ (molvi hazrat) naraz ho jate  aur hania s shadi kr leta tu tu (desi liberal) kete bewafaa mard aurat ko maaf na kr ska.  us n marna behtr smjha ðÿ˜‚,1,Normal
rt : black friday is yahoodi name..  so we are celebrating white/big friday 😝format yahoodi ho name yahoodi nahe hona chaye 😂,1,Normal
😂😂😂😂😂👍 ye naya tha,1,Normal
aisa kuch bhi nai ho ga hijra hakomat jo mehngai kam nai kar sakti wo ye bhi nai kar sakti allah pay bharosa rakhain or niazi k marnay ki dair hai sab kuch acha ho jay ga,3,Sexism
bhenchod kutton waali inki har jaggah social media pr hoti hai pta nhi kis matti k bny hain😑,0,Abusive/Offensive
"humary naye sir itnay young dikhty thy aur height bhi itni nahi thi so maine apny sir ko bol diya tha ""o bhai teri class nahi hai chal nikal"" phir 3 din kay liay college walon nay anay hi nahi diya",1,Normal
jo laga dekh kar wahi bola hai,1,Normal
niazi bajwa bhai bhai qadiyani yahodi ne ghdari say hakumat bani,2,Religious Hate
  sach sirf dar bolta hai kia? beghairat log loot k kha gai sab lifafion ko chakma dey k bhag gai govt ko chakma dey gai bahir properties bana lein haramkhor lifafi yahan un k wakeel bane phir rahey.  lanat?,2,Religious Hate
       dur fitty munh tere ty,0,Abusive/Offensive
i hate ors bhenchod,4,Profane/Untargeted
 koi na khush rho apny khrchy pr😂,1,Normal
acha mil to gya 😂 ab choro,1,Normal
"kis kis ko samjhao gi, koi nhi manay ga .. hum certified kaafir or irani agent hi hain so called pakistani musalmano ki nazar mein .. 😕",2,Religious Hate
 o bharway apni beti ko bhi bhej aurat march aur slogan lagwa us mera jism meri marzi lund ka sira,0,Abusive/Offensive
"chutia tashkent files film sleeper hit gyi thi. uss film ko kya tere baap me banaya tha. saale, halala ki paidais.",2,Religious Hate
bhenchod gun law implementation  krlo pehly tum.,4,Profane/Untargeted
  tu rekh ly baal mere 🙊😹 hawwwwwwwn laro thory se kar lo,1,Normal
allah pak ne makkah or madina ki hifaazat khod apne zime li hai... baaki arab momalik ab khokhly hochokay hain.,1,Normal
makkar jhotay haramkhur  corrupt  besharm and beghairt  kutti kee nasal,0,Abusive/Offensive
foreigners karen tu life hack hum karain tu jugaar wtf yaar,1,Normal
   ay hut mera khud ka bari mushkil sy pura hota 😂😂😂,1,Normal
  mujy kisi sy koi concern nai,1,Normal
"koi umer nahi, kisi b umer main ho jata ha",1,Normal
ya allah ham tamam musalmano ko yahoodi ejant banny sy bacha ya allah hamien seedah rasta dikah ya allah ham tamam musalmano ko hedayt dy ameen sum ameen,1,Normal
 actually..i had a cut on my finger..i was trying to cut tape. jo lips py lag gai thee..he misunderstood it..,1,Normal
bharwe 400 rupe tamater teri hee government men bik rhe hen kanjr,0,Abusive/Offensive
"pakistan is only for sunni + punjabi + muslim people. all others like shia, ahmadiya, bakarwal, pasthun, balochi muslims are inferior as per islam. this is 'the' mentality of pakistan.",1,Normal
   toh main ny usay kuch kaha??😳,1,Normal
 acha kyun kaya kr rahi ho aesa k ungliya nahi chala sakti bhoki kuch kha rahi ho ghee,1,Normal
 nhi chance tha ab scene ye hua bura in k sth ye team dubai n sharjah ki slow pitches k lye lit thi pr yaha k lye nhi or sb se nara uqsan hua umer k bahir hone se inhe,1,Normal
   bhai tw phr tum manty ho k cheeni thi  wapis jis ne b ki cheen'ny wala tw laanti hogya na,4,Profane/Untargeted
ya deen ka karobar karnewale jinhoon ni khan ki pheli sharikehayat ko baghi kia yahoodi yahoodi kah kar,1,Normal
darasal meri adat nahi ghastiyoon k sath mazeed ghast bany ki ye to teri batien tujh mai wapas ghusaa ra hu or teri maa chod ra hu magar tu kaha samjhy gi ye batien chutiya 😋😂,3,Sexism
"pcb ko talented log pasnd nai,har saal bc relyu katton ko contract daity opening ceremony ka #tayyarhain  #psl5  #pslcomeshome",0,Abusive/Offensive
bhenchod parhna hai. par dimaagh ijazat nahi deta. ajeeb chutiyapa hai ye.,4,Profane/Untargeted
 matlb wkw mei ye sab b hon gy omg in sab ko jheelna bht mushkle yr kb jain gy ye itny log ufff  #sidharthshukia #aslifans #bb13onvoot,1,Normal
kahan gayi bhen,1,Normal
 shazaib apni baji ko b bejna han aurat march ma agr itne he zruri hai to,3,Sexism
sale hijde kuch bhi gire nahi neeche warna teri maa chod dungi,3,Sexism
   khan riasat medina ka keh rahe hain or yahan nudity ko promote kya ja raha ha.waise name ha islamic republic of pakistan or media totally non islamic,2,Religious Hate
rt : upar ahmaddiya muslim niche simple hindu. chakkar kya hai guru ?🤔,2,Religious Hate
sid kutte ki nasal ha paras sid kutte ki baap ki gndi nasal se ha #vewerschoiceasim,0,Abusive/Offensive
bad demag aurat...,0,Abusive/Offensive
"believe me most of us are missing his voice from psl anthem..! his voice was ""jaan"" of psl❤️ #pslv #tayyarhain ",1,Normal
chuss marny se baaz na ai lanti aurat  ...😋😋,0,Abusive/Offensive
lakgh di lanat is beghairat topi baaz pe.,0,Abusive/Offensive
g bhai tcs krwa do ga apko 😍😊,1,Normal
duniya gool ha!!!! yahn sb ky double role ha👻,1,Normal
paisa phenk tamasha dekh.,1,Normal
phir rat sy pqrhna shru kru ga,1,Normal
bhenchod lauda saaaala gal hi ni khatam kar riha bunnndddd maraaaa🖕🏻🖕🏻🖕🏻🖕🏻🖕🏻🖕🏻🖕🏻🖕🏻,0,Abusive/Offensive
 weldone khawaja sab,1,Normal
 or kia kar sakti mi when people ignore me without reason... i felt like that i did something wrong so i asked sorry 😢,1,Normal
kutte ki naslon ki jaan nikal deni chahiye thi beshram hai ye awam jahil bc saaly aik baap beti ko protect nahi karskte thy saaly chakky se go nawaz go karwq lo bharwe 😠,0,Abusive/Offensive
"turmari ma ki chute, tumarra baharat matha chaud ki rakhu ga...tumarra saare chutia dur ki baagtehai...ahoo tume subko seekaiou #india tarri hai...#baharatmahaan rundi jaat bohot passa hai....lols",0,Abusive/Offensive
"i wanna talk to that upstanding, sanctimonious dude who denied any reservations for our community. bhenchod itni kam population hai, kahi toh koi quota karwa lete. mast admission ho jaata abhi",4,Profane/Untargeted
 acha g par b liya kro jb dekho twitter per,1,Normal
  uh're such a nice  &  loyal person🌸 or teri galiyan bri mazy ki lagti chill bndi a ! ,1,Normal
 bhai aesi tweet karni hi ni thi😃 be a gentleman...❤,1,Normal
guys keep supporting our queen she doesn't know k hum uss se kya expect kar rahe h  chahe wo sid k sath h ya nhi just keep supporting n  keep voting when she'll come outside shell understand things better nd will take good decision about her relationship soooo  #shehnaazgill,1,Normal
"malala the product of halala pehle burke se, halala se, bacche paida kerne se or gulami ki jindgi se to azadi lelo hindustaan se azadi to tumhare kukarm tumhe dilwa hi denge. kyuki terrorism failaoge to lat mar ke desh se bhagae jaoge. i am with my country and support caa, nrcðÿ˜‰.",2,Religious Hate
  jahan bhai sahi ho karugi na tnshn not,1,Normal
is gashti k bacho ka pir yahi kahna ha k jese is k bap navaz shrif ne kaha tha k india mane pakistan  ne dahmke karve ab ye kanjri ka bacha usi ki zuban bohl raha ha,0,Abusive/Offensive
soory guys intract nahy kiya 2 din coz i was busy as hell somewhere 😔.,1,Normal
  hahaha very funny🙄 hasna tha kia? when will you guys improve your sense of humor by the way? just curious🤷‍♀️ same kind of lame senseless  &  (thandi chuss) every single day🤦‍♀️,1,Normal
 maam yeh hamari class nhi hai.. w0 imran khan ki zati zindgi hai wo jane us ka kam jane.,1,Normal
ameen..khidmat yahe he k apnay private clinic pe apni feesen kam kren plz. ,1,Normal
apke post thek ha mgr har cheez ka matlb apne marzi sy na dia kry princess,1,Normal
 phr tu tmko tension lene ki zarorat nii,1,Normal
aurat march thek kar ke ai he manifesto 👍,1,Normal
hum aj tak khud ko nahi samjh saky  or log hamary bare mein pata ni kya kya samjh lety hain.,1,Normal
rt : awara yahodi qadiyani hakumat aur chwal niazi hakumat lant ho aur in ki spoter per bi lant ,2,Religious Hate
soch to teri zahir ho e rhi h  or lant appy wo b beshumarr 🖐🖐🖐 or jiski bat kr rhy ho tujy mirchii lgi na  to esii batein phir nikl e ati hain,0,Abusive/Offensive
 jao menay baat ni karni🥺,1,Normal
 meri jaan k toty❤,1,Normal
"zindagi nhi milegi dobara, are bhenchod nahi chahiyee!!!!",4,Profane/Untargeted
 yeah thats she/he was crying in lums m aurat march ka sath don gi😂😂😂,1,Normal
 koi to bat sun liya kro 😞😑,1,Normal
"beta mein teray jaisay 2,4 le k maroon ga...☻",0,Abusive/Offensive
rt : lakh di lanat tere munh tay khottay k puttar lanati yahodi lobby k agent haramkhor badzat dalay  niazi ht.,2,Religious Hate
 koi shak ni is baat mn,1,Normal
 apko appointment letter mil jayega jab to khud waha ja kr un sy bat kr lijiyega 😂😂😂😂,1,Normal
 aj ky bad wo chooza kisi ko gali ni dy ga promise kia ha us ny😋😉,1,Normal
kabhi ishq kiyaa ha?  👀🌚🌚,1,Normal
bhai wo bhi after all process ky sath ana chahty hain lakin koi process define kary ga? ap ki embassy keh rahi hai govt ki tarf sy koi instruction nahi hain... ap us waqt ka wait kar rahy hain jab casualties ho ge?,1,Normal
tu ladli e ha 😍👊,1,Normal
 bilkul guys yeh mat socho mai nhi keron ga to koi aur ker dey ga yeh socho agar mai b ker don ga to margin increase ho jay ga aur thora thora ker k he record bantay hain. #keepshiningsid,1,Normal
sir ka tu ma 15 saal say fan hon or in k muqaf or khiyalaat say 100% agreed hon. in k yahodi conspiracy k baray me lafz ba lafz biyan me suchai hai.,1,Normal
"wtf yrr kia pagal aurat h 😡😒 aesi ki wja se ee jo deserving hti jinki help ki jani chahye un larkiyon ki b koi help ni krta, bilawja 'aurat se aese bt kr rhy etc' kr ri 😏😏 msla srf o srf isse punajbi ka h 😒",0,Abusive/Offensive
 aor mene dil freezer me rakh dia😀,1,Normal
or kitna likhu main teri yad me...  koi dum nahi meri faryad me...   rooh b muj se chheen k lay gai...  main main na raha tere bad me... good~~night take  care ,1,Normal
"unfortunatly majority muslims believe reading quraan is personal matter but no one""other than muslims"" can touch or disrespect ""their qura,an""meaning thereby  ""the muslims""monoplise relegion and they do whatever they like,in routine they burn masques and qura,an in ahmadiya mosques",1,Normal
ye recipe mjhy achy s aati ha,1,Normal
 to wazeer e azam sb hujre se nikl kr awam k bech jaen or un se pochen kia hall hy vote lene k liay to ap dr bdr phir lete the or shokt khanum ka chanda mangne k liay b ap k paon me chkr lga tha ab kia ho gia hy,1,Normal
 or kesi ho?  sab fit hai?,1,Normal
"ullu ka pattha, is ke baap ka raaj hae, india aur israel ke sheh par bakwaas kar raha hae, itni ahmaq qoom hae, jin ko samajh nahe arahi ke yeh pakistan ko gher mustehkam kar raha hae, bhutto mar gaya, benazir mar gaye kuch nahe howa mulk ko, fariq karo is ko bhe. pakistan first.",0,Abusive/Offensive
faasla rakhein baad main aapko same feel nahi hota.😒💔,1,Normal
mana k sabar ka phal meetha hota hai but jitna sabar mene krlia hai mera phall sarrh chuka hoga 😂,1,Normal
 sir ap ny hmain aj tk fb ni diya bht afsos hai 😒😒🥺 ,1,Normal
rt : lolll mahek your complement (akhrot nuts)😝😝😝🤣🤣🤣 #dipikakakar #sonakshirastogi #kahaanhu…,1,Normal
mry dil pr churita chalti ha jb tm asa krti,1,Normal
htv k baap bajwa ko extension mil gyi. chlo bajwa sab ab hi sharm kha lo. kashmiri 160 din se apki rah tk rhe ha. kashmir ma foj bejho. hijra na bano. ap se ache to wo shia ha jinko hum kafir smjhte the unho ne american foj pe missile dag diye.,3,Sexism
hadees hai yahoodi se bada koi dushman nahi hi islam musalmano ka isko apni jagah deke galti kiye our mahammad s.a.w ki kahi baat ko nahi mane aaj natiza yeh yeh yahoodi sirf musalmaan ke khilaaf sajish rachrahte hai ki kaise musalmano ko khatam kare,1,Normal
tum beghairat insan pehly kis se zamanat li hy kameeny khabees iblees ki oulad 😠😠😠,0,Abusive/Offensive
"noon league agar khaati thi tou lagaati bhi thi, ab tou mai bhi iss baat pe yakeen karny lag gaya hoon.yeh pti walay bharwe bas khayi jaa rahay hain aur laga thullu bi ni rahay.10 lakh naukriyan aur 50 lakh ghar ka daawah kiya tha.mazay ki baat, mere jaisay pagal ne maan bhi liya",0,Abusive/Offensive
main smjta hoon k muslims ko a kuch merit prr dekhna part ga and any failure to do so will simply relsts in the continuence ov the ongoin oppression and brutality upon muslims !!!!,1,Normal
"rt : hum he ahmaq thay jo tere mazhab ka na socha  tujhe chorna tha, firqe ka bahana ban gya",1,Normal
   abhi abhi neo news se suna k cabinet ny pm ki pay increase kr d hy? kia yh such ha?,1,Normal
jappi le le k gand bhi marwa le gaddar bsdk randi k bacche,0,Abusive/Offensive
aguero hahaha bhenchod,4,Profane/Untargeted
kaash tere maa baap ne teko achese padaya likhaya hota ...achi shakal hai nhi teri kam se kam achi baat kiya kr ...pappa ko bolo condom pahne taaki tere jaisi firr na galti ho,0,Abusive/Offensive
 u r coronavirus or coro na virus 😂,1,Normal
mtlb anti sy dadi banny wali hain aap 😅😂😂,1,Normal
tumhare bad ye #dukh bhi to sehna par raha hai kisi k sath #majburi mein rehna par raha hai mujhe batein nhi teri #muhabbat chahiye thi mujhe #afsos hai mujhe ye kehna par raha hai...! #alizaryoun  #kitabeishq #urdupoetry #poetry ,1,Normal
is ka ajar aik din zaror mily ga😁,1,Normal
aree apne toh heart attack de dena tha maine pura na read kia hota toh 😂😂 ,1,Normal
 bta do na😂😂,1,Normal
aur jin ko dekh k khusrey bhi apna rasta badal lein wo kia hain ? 😂,3,Sexism
 islam ma aurat ko.izzat ki.nigah se daikha jata hai.  pakistan islami mulk hai.  hum aurat march ko reject kerte hain,1,Normal
rt : ap itny bhenchod hoooo itny bhenchod,0,Abusive/Offensive
ab main teri maa ke baare mein kaseede padhu jisne tujh jaisa gandu hijda paida kiya toh bura toh nhi maanega na? waise apni hi behen se kaise nikah kr lete ho yaar tum? sharam nhi aati? bade hi bhenchod ho 😂😂😂,3,Sexism
 tmne tu aj date pe jana tha na 😂,1,Normal
haan raand chaap randi ab desh ke gaadar aur halala krwaane waali aur krne waale royenge.,3,Sexism
 hakoomat bhi too awam ke sath shughal hi kar rahi hai.,1,Normal
"sham hote hi ye dil udas hota hai, tute khwaboo ke siwa kuch na pass hota hai, tmhari yaad aise waqt bohat ati hai, bandr jb koi aas-pas hota hai..",0,Abusive/Offensive
apko ab samajh laggi kyun apko phupho phupho lagai rakhda c mai 🤪. apko dekh k apni phupho yaad ajati 😂🤦🏿‍♂️,1,Normal
 saley  modi teri gand pe atom bomb pharen gy. 🇵🇰,0,Abusive/Offensive
hamaray bachon ko akhir insaf kab milay ga,1,Normal
  kp me 3 wazir q change huwe. uno ne to dil o zuban dono due pakhtoono ko,1,Normal
 hahahahah acha me to shop wale se pooch k btaya😂may be yhi achi ho,1,Normal
 nhi... hum bs hukum ky pabnd hein faisla parents ki mrzi sy hoga,1,Normal
 mujhe tm par fakhr h tumhe main bohat bohat pasnd karta ho i really like you agr meri baat achi lage to reply karna,1,Normal
hahhaha hamara b yahi hal hy,1,Normal
laanat ho tere mhoo pe.... yazeed ki olad,2,Religious Hate
"rt : momin hai tu be-taigh b larta ha sipahi.... proud sons of almomin bawaqar, you guys made us proud today. rest in heaven…",1,Normal
dusre ko hijra wo bole jisne apne ma bahan o bhej ke check karaya ho,0,Abusive/Offensive
or ek ya akhri kam hi hum se..insan se nhi ho pata,1,Normal
itni jaldi kya hai maadarchod ab to har roj main or mere sare dost tere account main teri maa ki coot main hi gaarare karenge just wait and watch samjha bahan ke lode randi ki aulad.,0,Abusive/Offensive
habib ka muh me le le bhen chod,0,Abusive/Offensive
 😂😂😂 yeh tu bilkul. mery bety ki trha baat kr rha hi,1,Normal
what the heck! koi kuch corona ,1,Normal
"sana to sid - tu apni team ko finale tak le jayega kya   😂😂😂😂😂   so called""one  army"" #shehbaazonfire #shehnaazgill",1,Normal
 that's the point...  insaan jab jinta mile usse ziada lena chahta hai to hamesha line se hatt jata hai.  it's human nature,1,Normal
  koi proof nahi sir,1,Normal
pehly jo tary baap na diya ha extension wo saly ab jothy ho gye... tary baap nawaz shareef na b di thi ab tmhari ami nikal rahi ha,0,Abusive/Offensive
 ye sara kam twitter pe hoga ya real main?,1,Normal
ha bhenchod sale jnu itna acha h to waha se sab wannabe social activist/jehadi kyu nikal rahe h aur kabhi koi kuch bana h waha ka koi student ?,0,Abusive/Offensive
 me to tmharay whatss app pr channna olx pe pehlay e chaya hua me 😝😝,1,Normal
yes baat arshad chotiye ko is ke na jaiz abu zulfi bukhari nay batai hai   bhen chod sirf mocking karta hai  kiss randi maa ka dalla putttar bharwa kanjar   kutti ka puttar meray sath program kar teri shalwar utar do ga,0,Abusive/Offensive
kyunki tera dimag nehi hain isilea tu yeasab bhaunk raha hain,0,Abusive/Offensive
 app answer tu do pehle muskil khud hee asan ho jaye ghee,1,Normal
"lkn is case me to pori qoam youth hi nangi hojyegi😂😂 yahoodi funds.. raw fund, ahmadi funds, yaadyani fund. pti ki tabdeeli ka satiya nas hone ja rha hai. i am so excited 💖 kb wo din ayega k jb pti ka berha ghark hoga🇵🇰 phr nawaz ayega 4thi bar💖 ek wari fir sherrrrr💖💖💖",1,Normal
bharwe 😂😂😂,0,Abusive/Offensive
"rt :  😎🇵🇰😎 diesel's """"""hidden""""""warning...😎🇵🇰😎 guess to whom.. 😁😁😁😁😁😁😁😁😁😁😁😁😁😁😁😁😁😁😁😁😁😁😁😁😁😁😁😁😁😁😁😁😁😁😁😁😁😁😁😁😁😁😁😁😁😁pagal",1,Normal
chutiya saali or expect dekho kya karty hai,0,Abusive/Offensive
 munafiq k liye koyi izzat nahi,2,Religious Hate
 demands aur slogans etc change ho jain to aurat march ko pura pakistan support kry ga,1,Normal
bhai hmra nam bhi daal lo list mn,1,Normal
abe saali😂😂😂✌,0,Abusive/Offensive
"isi lye yahhodi hakumat kr rhy han dunya min.. ham islam k leader banna chahty han lekn pehly ""yahoodi"" he ban jain.. plz no fatwa",2,Religious Hate
 mam have u watched mere paas tum ho?,1,Normal
 lol tmhary mind me tmhari recent tweet chal rhi ha. mene purani tweet per reply kea tha btw lol,1,Normal
apke wrong number lge hone ha,1,Normal
 fb day gy to dm hoga na,1,Normal
waooo so delicious tea 😋😋♥️❤️ made by mama   kon kon peena chahta?? #wednesdaythoughts,1,Normal
  ye mjy nani keh rhy hyn😂😂😂,1,Normal
haha saali❤🙊😂 pleasure all mines🙊🤷🏽‍♂️,0,Abusive/Offensive
apke support chahey aj he plan bna lety han☺️,1,Normal
seriously thinking about hijra,1,Normal
abe abhi to india ki burai kar rahi randi haha,3,Sexism
   han lekin in ko yeh baat smjh nahi na aati ke agar koi in ke ganday level tak gir ke in ko degrade nahi kar raha tau wo kamzoor nahi blke aqalmand hai. but anyways,1,Normal
guddiya block vahi krte hain jinke paas answer nahi hota,1,Normal
rt : mard hu ya aurat ..... us ki anna apny pasandeeda insan k agay haar he jati hai .....!!!❤,1,Normal
mr. pm me apke us tweet ka intzar kr rha hun jisme ap bolen gy k sub pakistani ghro se nikalen or border pr apni arm force ka sath den q k ab jahadd hi hai jo hona chahye,1,Normal
 yr mt kro na ye sb..plz bdi muskil se sb thik hua h...nd ap fir vhi kr rhe ho..plz esa mt kro yar..🙏🙏 abhi jo hmari takat h fir vhi hmari kmjori bn jayegi esa krne...so dhyan rakho yr...plzz😢😢😢,1,Normal
lanti hyn ye harami,2,Religious Hate
"when kunal kamra said ""muh se moongfali toot nahi rahi hai, gaand se akhrot todega kya?"" i felt that",1,Normal
rundi ka bacha bharwaaa ptm ka kuttaa,0,Abusive/Offensive
"dear sister i can see you are lacking in basic arabic but for your kindest information it means ""jhoton pa allah ki laanat ho"" :d",1,Normal
 suddenly hua ya pehle hi problem thi,1,Normal
ham serf banam musalman reh gaye hen kaam hamaare saare wahiii hen jo yahoodiyion k hen na yahan koi rokhne wala hai na poochne wala k ye kya randi khana laga rkha hai,2,Religious Hate
  marna he better ha ..pehle kon si awam money se bhare bags rakhti thikhan ne wapis le lie?na shukri awam,1,Normal
chalo bhenchod ye cringey youtubers to mare jayen ge. alhamdz.,2,Religious Hate
 is wqt konsa drama repeat hota h,1,Normal
bismillah ho chuka hy hisa dalen :)😌 ,1,Normal
#article6forptmleadership  goli merni chye sab ptm walo ko,0,Abusive/Offensive
 sahi farmya aap ny.,1,Normal
ok g jesy aap kahy 😊,1,Normal
ek din tu naw miley ga  tera naam phir bhi rahy ga ! ali zafar has lifted the standard so high that no one is unable to reach it ! #pslanthem #pslv,1,Normal
"tm saali kuch bhi bol lo kuch bhi kr lo,karogi to tm sirf dalali hi chahe mudda koi bhi ho,aur muh se to tatti hi niklega jb bhi khologi,jaise abhi tatti kr rahi ho muh se,thuu tere pe",0,Abusive/Offensive
bhenchod of higher order,0,Abusive/Offensive
waah bose dk aur baaqi logon k naam kaun batayega.. tera baap,0,Abusive/Offensive
  haa aisy apni marzi sy jesko marzi follow krro. at least hum kese ko follow back deny k liye bound toh nhe hoty.,1,Normal
"han bhii imran ki dadi ama ka ghr h jo, unka aya 200",1,Normal
so why do they call themselves ahmedi? any idea?,1,Normal
wesy bhai aap kabhi aye hein soawa?????🙊 (jehlum ki tehsil hai),1,Normal
rt : mujh say nahi hoti coding bc pahlay code kro phir code debug kro bahanchod ajeeb chootiapa hai,0,Abusive/Offensive
ye h bail budhii inko kuch na ptaa..ye sab hmlogo se he puchenge 🤣🤣,1,Normal
 hota kch nii bus paison kaa zayaa hai😂,1,Normal
sameera it differs. not same in all. kbhi mard compromise krta hay kbhi aurat. i have seen examples of couples.,1,Normal
a very lovely gift from someone special. ❤ presenting😍    swaira ashraf  sister from another mother.. may allah always happy   kush rahe ❤ slamt rahe 🙂 meri bhen 🙈🙈🙈,1,Normal
acha ab kya karu 😑😑 jao yar khelo ja ke 😕,1,Normal
horon walay teekay au k pas hotay hain kya......?,1,Normal
tapak is gashti py,3,Sexism
naak bandd ho gya bc.,4,Profane/Untargeted
teri amma to ek traf china ka louda chuti h dusri traf turkey se gand marwati h or tm bhadve saale aatankwadi ki aulad maderochood halala ki paidaish saale teri aukat srf bhaukne ki h kutte ki mout mara jayega jihadi randi ki aulad,0,Abusive/Offensive
ye muh parde ke liye nhi chupaya  ye hijra hai es liye muh chupaya hai😜,3,Sexism
naaz o andaz sey kehte hein k jeena hoga zehr dete hein toh kehte hein k peena hoga jab mein peeta hn toh kehte hein marta b nhi jab mein marr jata hn toh kehte hein jeena hoga,1,Normal
" apki behuda soch kisi b logo k pichy chupy iska pata logo ko chal hi jana hy, bs dukh is baat ka hy k hamary kuch bewaqoof log bina sochy aap jesi aurato ki bato me ajaty hyn.",0,Abusive/Offensive
 dont distort history. idhar hum udhar tum.  jo assembly mein jaye ga uski tangen toor den ge.  kuch is pe bhi roshni dalen,1,Normal
bhenchod ye kya team hai?,4,Profane/Untargeted
l gilll sahab waqai bemar kea  mtlb shoqat khanam ka doctor na khan yahodi ko glt report di ka mian sahavlb bemar hn,2,Religious Hate
arrre bhen k lwa#de nasal ki baat mat kar poore world ko pata hau kisi nasal kharab hai suar,0,Abusive/Offensive
chhoti se chhoti cheez ke liye bhi badi badi jung ladni padti hai! zindagi kisi jung ke maidaan se kam nahi usse 100 times zyaada hai theek hai na  😒😒😒😒😒😒😒😒😒,1,Normal
jis ka control ab b hai tm jaisi joothi aur bohtaan baaz aurat kamm e hai duniya mein,0,Abusive/Offensive
 mujy lga shyd neend mai thi😂😂😂😂😂 aik ankh sy daikh rhi thi shyd😂😂😂😂,1,Normal
"lanati hai vo haina.   ,  ?",0,Abusive/Offensive
thanks for or bless thinking for ahmadiya community.,1,Normal
tmri taraj animals ki potty n khate... tm jaake  bomb fodo jaake.......halala ke masala.  niklo.. yaha tm atankiyo k liy jagah ni h bhai. yaha atank n failaooo,2,Religious Hate
rt : kahan hor payen ge hum dharkano ko? k dil ki tarhan hum bhi totay hue hain,1,Normal
bc mujhe ye reply kyo de tha h.😡 maine to full negativity ki thi.,4,Profane/Untargeted
terey baap khoosa kanjar ne nooray kanjar ka badla lena tha es leay yeh sub kia  ,0,Abusive/Offensive
   koi tokta hi nahi hai kya karey,1,Normal
 gadha gadha hi hota hey aur ghorra ghorra halan k dono barbadari k kam krtey naslain aisey hi nain bni.,1,Normal
 please gujranwala main islamic behno kay march ki video share kro log apko follow krtay hain,1,Normal
 kutta kahnaaaa... kutto ki touhin haii...  kutte at least police cover letter kar attack nahi karte..😠😠😠😠😠😠,0,Abusive/Offensive
guys i found utterly idiot.   lol   muh se akhrot todne ke liye  muh mein dant ki jarurat hoti hai  🤣  muh mein le le for time been. 😉,0,Abusive/Offensive
rudraksh naksha  jaani dushman krishna cottage  baap of graphics,1,Normal
   khud per kis bat ka shak?🤔,1,Normal
naam dekh r kam dekh randi,3,Sexism
 nhi yar main waqi bhot serious aur agy hoon 😅😂,1,Normal
aap bhi tou single hain aap ko pata hona chahiye 🙄,1,Normal
muja pata ha k high steem ego's ko kaccy neechy la k atty it's my profession. 🌚,1,Normal
continue rkh ek din tujy b mily gi😂,1,Normal
tu manzil main teri musafir.💞,1,Normal
bhenchod nahi hai woh netflix ya prime pe,4,Profane/Untargeted
chal bc  #fightbacksana,0,Abusive/Offensive
kon ha wo?🤔,1,Normal
 lgta ap pe kuch zeyada he asar ho gia h mera jism meri marzi ka,1,Normal
    me ni smjhaon ga,1,Normal
"what do vendors actually mean by ""vip kelaaa"" and ""vip akhrot"" i mean y do kelaas n akhrot get so much protocol?",1,Normal
tum us k thory dia per razi hojao   qayamt waly din wo tmhary thory amal per razi hojay ga   beshak wo bakshny wala mehrban hy,1,Normal
kyaaaa musibbaattt ha yr sara mood khraab kr diya ha bc,4,Profane/Untargeted
saale pakistani bhadve teri randi maa ko chod dunga,0,Abusive/Offensive
    hoty hon gy ap raye nhi dy rahy balky fahad bhai ko blame kar rhy ho🤨,1,Normal
" in a fair world, even the home minister would have faced the consequences for saying ""aisa button dabaana ki shaheen bagh ki janta ko current lag jaaye"".. button.. trigger..",1,Normal
kon randi ki bachi hae yeh mc..jahan ki bhe hae bc dono mulkon mae yeh hee halat hae ..randi kae bchay..olad jasay thufay rehmat inko zeher lagty hain kanjar ki nasal,0,Abusive/Offensive
abe randi jaisa kuch hota hai kya,4,Profane/Untargeted
ni bhai abhi parhta hoon or shop ha apni udr hota😬,1,Normal
  logic ay baat me😂😂😂,1,Normal
  beshrm lrki baby ko teri qg bhi psand hy😂😂😂😂,1,Normal
  jaj sahib kal ap apni bhen beti ko salogan pakra kar march mai bhejna phr ap haq py faisla suna sako gy????,1,Normal
akhrot bhai aap ke pass kua saboot hey ke nawaz chor hey plz aap bhe kisi per ilzam na lagai,0,Abusive/Offensive
agr us bibi k iradey mazboot hen to bolti q band gai us ki koi tweet q nai kerti tm jese ghatya logon ne uthaya hua hai aisey jahilon r choron ko shame on u jahil aurat apni hi pehli bat ki khud nafi ker rai ho k tweeter khamosh hai lekin iradey mazboot hen lanat,0,Abusive/Offensive
na shia na sunni bus ye jo rasty jinho ne band kiye aaj bary randi k bache hen bharwe,0,Abusive/Offensive
 such me gir pare  meri tarha kal main to seereon se gir gayi thi😢😢,1,Normal
    retweet tu kar deya hai imran khan se koi umeed nahi adalat kay zarye maam should try,1,Normal
wah wah kutta bhaunk raha hay urdu mein.,0,Abusive/Offensive
bhai but wo bhenchod akki ko bich me gali dete hain chutiye,0,Abusive/Offensive
bc gari mehran vella attitude mercedes wala,4,Profane/Untargeted
"bhai me ye e likhny wala tha, aap ka jvb sun k khushi hui",1,Normal
bs iski kamii thi😭😭 ,1,Normal
chonchle aur point of view alehda cheezain hain 😊😊😊,1,Normal
"chup teri maa ka bhosda, maadarchod",0,Abusive/Offensive
 manzoor nahi hae,1,Normal
twitter me akar insta insta bhaunk raha hai 😂😂😂pure tatti,0,Abusive/Offensive
 to aapke hisaab se police ko goli khud khani chahiye thi,1,Normal
mtlb gashti aa gai ab apni line per ,3,Sexism
"bht afsoos hota hy is soch par k dusry ny  galat kiya hy to ab ap b galat karo gy,,,,, o bhai such k sath jeo,,,  imran ko to ap yahodi kehty hu par ap to deen waly hu kuch to socho islam k bary my kya asar jae ga",1,Normal
 try to forget what happened... nhi hoga tow na sahi,1,Normal
esko mottt qreeeb h qandeel wala hal hoga,3,Sexism
rt :  sb kuch mily ga😘😘😘 meri jan,1,Normal
hamarey liye bhi dua kiya karain. humain bhi bulawa ho,1,Normal
maderchod bhosadike bhen chod beti chod bhadhav saale,0,Abusive/Offensive
agr sir hum ko haq hamra na dia gaya to majubri sy hum apni ladies bachy bury jawan sab awc k smany etijazz kry gey purhaman... or bani gala b akr purhaman etijaaz kry gay... apny gahun k rasty k liye..  ..baqi details documents m di hui h.. kindly help kry gahun ki ,1,Normal
aishe ghosh ko bol de agar awkat nai hai fees dene ki to dhande pe baith jaye...desh ne theka nai liya hai aisi randiyon ka....,3,Sexism
lifafa ni mil raha is haram khor kanjre k bachy ko lanti beghirat randi ka beta saleem safi dalaa,0,Abusive/Offensive
achha ji...apko gaand me lena pasand nahi hai kya?,0,Abusive/Offensive
allah khabees may say tayyab ko alaihda ker daita hai,1,Normal
"which islam? the ahmaddiya? the sunnism? shiaism?  where all of you think the other is wrong 😂,united kingdom",1,Normal
 follow back krdo agr nhe kia tu,1,Normal
masla kia hai bharwe? 😂😂,0,Abusive/Offensive
o gashti ki bachi tum bahir baith kar mazay karo hum hain yahan pakistan ki khatir jaan dainay kay liay.,3,Sexism
mujhe bss ye pata ha k mera roona nikal gaya tha. i was legit crying and my chachu was there like hain hi beghairt ye to beita tum kiu roo ri ho😂,4,Profane/Untargeted
 aj rat phr shadi pe chalen noor mahal😄😄,1,Normal
rt : charsi tikka 🤣,1,Normal
mujhe pata hai kon.hai woh celeb ha😂,1,Normal
sara din aram kr kr k thak gai hu ab thora sa aram krlu phirr aram sy aram kru gi..... 😊😂🤣,1,Normal
 soap bhi bna do bs yehi reh gya tha,1,Normal
ye sa**i toh pakka kisi halala ki paidaish hai,2,Religious Hate
aaaahhhhhh bhenchod.....jese tere is mangalsutra ki sahi jagah tere gale me nai balki mere mote kaale lund pr he.... vese hi tujh jesi chudakkad kuttiya ki jagah kewal mere pairo k niche he saali.... chal inbox me aa.....,3,Sexism
 theek ho gai.. akr synch meeting py gai thi.. thak gai hu itna. mushkil thy mcqs,1,Normal
 happy birthday allah pak aap ko seht tandrusti wali lambi zindgi ata farmae aur aap ise tarah hansti muskraati rahen aameen ,1,Normal
nalla #nallaminzi156 #halala ki aulad minzi #chuslet minzi #manofwordsid,2,Religious Hate
"dusman na kary bhai ny wo kam keya hai 🥺🥺☹️☹️  kash apny during engineering ""multimedia"" ka subject na para hota 🌚🌚 ",1,Normal
"srkaar din tau bdlte rehte🙃 life goes on🌸 kbhi us paldre main ,taubkbhi us paldry main🙃",1,Normal
nawaz sharif developed pakistan and imran chore zakat khore yahodi agents both are bajwa and imran chore zakat khore destroyed pakistan,2,Religious Hate
masjid main elaan krwa dy na bc 😑,4,Profane/Untargeted
rt : what’s the role of the renewed interest in his faith (him apparently being ahmedi) in this suspension of extension for bajwa?,1,Normal
 wsy to quran pak hi kafi hai.aur aik book hai misaali aurat  written by maulana zulfiqar ahmad naqshbandi shab yeh writer hain google sy pdf download krlen,1,Normal
    excuse me! she's her manager nidhii please atleast kisi k emotions ka toh mazak mat udao.,1,Normal
"abe bakrichod 😂, randi ka bacha sala",0,Abusive/Offensive
"abbey saly randians, achy tum bs apni hi behno or bhabhion ki chudai krny m ho ya unko doosron sy chudwany m achy ho, wrna kisi or field m to achy ni ho tm log!",0,Abusive/Offensive
👉 sharukh aur salman tere baap hai phuch jake teri maa se teri maakichut  harham ke pille,0,Abusive/Offensive
wtf is happening? 21/6??? i mean barish ni honi thi bhai!  #lqvqg #qgvlq,4,Profane/Untargeted
"bhai sahb ,ye kis line main aagaye aap😂",1,Normal
 yah haramzadi kanjari kon hai..????,2,Religious Hate
 retweet nhi karni na karo.. philosophy mat jharo..😒,1,Normal
"raped and murdered. my own sister's name is madiha and this hashtag gave me chills. is mulk mein aurat ban k paida hona aik bht bari saza hai. nothing will happen, the rapist won't get any punishment.   ................. #stopchildabusesavefuture",1,Normal
ab iss pitch pe 100 se kam target hua to hi hmare chances hain chase k  #lqvsqg,1,Normal
mughal pure ka bharwa  shareef k young bharwe k sat,0,Abusive/Offensive
bagga sir ye janm se hi hai chutiya and charsi donno ! 😂😂,0,Abusive/Offensive
maine hilane k baat kar rha hu thand m itna kha.... a kaise hota hi pata nhi bc 🙈🙈🙊,4,Profane/Untargeted
aisi ghatia aurat hai na tu gero tu azlon ka begairat jai sath tu v,3,Sexism
allah pak is yahodi pm ko tofeeq ada fermay bolny ki,2,Religious Hate
 jiska elaaj nhi koi o rabba humein tharkk wo lagi🤦🏻‍♂️🤣🙏,1,Normal
and i have my brother who tolds me in every difficult situation maa b na chod ksi ki jo dill chiye kr me hoon naa....😂😅😅😋,4,Profane/Untargeted
   mullo ke sath tu rah... me brahmin hu or yahan mulla kaha se aaya beech me 😳 kuch bhi discussion ye hai ki engineers ka kam road se gai or sand hatana nahi hai 😡 pehle topic par dhayan do ye nahi sirf bolna hai,1,Normal
 😐😐😐main muktan ka hun to meharbani aus ka support ni karna aapny😑😑😑,1,Normal
 personal experience he.. ap ko hoga kuch ni but sir dard apne wqt pr e jata.. agar depression ya overthinking se he to jb sochna khtm krta sir drd v nas jata.. agar nend poori na hone se ho to neend poori kr lene se nas jata.. etc,1,Normal
mera paper hai monday ko  koe achi se t.v series bata do 😂,1,Normal
jbhi to sbse nfrt hogyi .. phattu saale,0,Abusive/Offensive
mai apke liye faroot mai kya laoun,1,Normal
gaandu hai bharwe video banate hain randi ke bache dalle,0,Abusive/Offensive
rt : ku k randi rona wala kam 12bje k bad hi start hota ha 🥀😏💔,4,Profane/Untargeted
tumhari maa chod den gy yah irani kutte🖕,0,Abusive/Offensive
 q esa kiya kiya hai ap ny?? 😂😂,1,Normal
 qsm se me kehna in chah rha tha lkin jse actress k asistant ni hty yes mam wo wale lg rhy😐😐😂,1,Normal
 sab kuch china hai ghar ka adha saman sara phenk detay hein😂😂😅,1,Normal
janoo ko pare ker de ,1,Normal
"rt : i love staring at you, secretly",1,Normal
remind me to not comment on starwars stuff again bc it makes me remember some people exist.,1,Normal
rt : asa kon ludo khelta hi bc ....😇,4,Profane/Untargeted
"trump pump is phattu 😁😁😁😁,",0,Abusive/Offensive
gand k baal tujhy mana kiya apni family shajra yahan na bta bhen chod dallay raha na tu koi gand ka kharora kisi anay shareef ki pedawar,0,Abusive/Offensive
 hn tou aesa kch likha hoga... es ka mtlb yeh tou na hua k h koi r es tweet ka mtlb b yeh ni h ab chor diya m ne ya us ne jo k h b ni,1,Normal
 check kar lo kahin block to nahi ho 😂,1,Normal
"abe, tu bhi halala wala hai kya..?",2,Religious Hate
   open v ni ho raha 😩,1,Normal
 waiting for ali wazir and party to get behind the bars too.  yahan twitter pr khali gola bari mat karo jao or jail me sath do mashar ka 🙉🙉,1,Normal
"her personal boundaries or harass her.  imagine a politician you like. now attach the label ""ahmedi"" to their face and gauge your own emotional reaction, or imagine the general reaction from this society.",1,Normal
"aaja apki web series halala dekhi, kya act kiya hai aapne, superb ðÿ™ðÿ™",1,Normal
o chal third class marasi!,0,Abusive/Offensive
pakistan k anddar 2 pakistan bastay hain.1 corrupt elite orr dosra ghreeb ka pakistan.yai lahore high court  kamm orr randdi ka khotha ziyada lagta hy,0,Abusive/Offensive
  bs ya kam hi na karo tu hi sahi h,1,Normal
rundi blocked.,3,Sexism
 abb baat ye hai ki dimag wale ko 100 rs dega to wo uska 1000+ bana sakta hai..!!!  lekin gawar ko 1000+ rs dega wo uska 10rs bhi nai bacha sakega...,1,Normal
 dm main demo send krta hoon😂😂🤣 drr na jana bss🤣😂🤣😂,1,Normal
  nhi tum itni shreef nhi ho  i know,1,Normal
jitnay b paisay maang rhy hain govt ko chahiey inko dy.  bht zulam hoa hy in k sath.  camps may zindgi guzari hain inho ne,1,Normal
pahle khud ki shakal dekh aaine me sale meetha lal charsi,0,Abusive/Offensive
 aisha....but milna mujay koini iknow,1,Normal
bhenchod mairi thand se phatt rahi hai,4,Profane/Untargeted
uper wale se binti aisi aag apke ghar pe har roj aye. sach mein dil se dua hai yeh aur lagegi zarur,1,Normal
 okay bhai 😂😂,1,Normal
 arey kar lunga kuch time baad mention not. 😊,1,Normal
yky ambjsajdk bhenchod main apni mummy ko bolti hu baal kaat dene ke liye,4,Profane/Untargeted
tum jesi ghatia aurat ka kam hi ni hai media par.kisi kothhay pe ja aur ulta late ja ke.begherat,3,Sexism
maybe waha ata ha jaha koi umeed ho.....  jaha umeed khatam ho jy tw bs 🙂💔,1,Normal
rt : mera jism merey allah ki marzi ❤️ #stopauratbarbadimarch,1,Normal
 #askdanish  danish se poch lo 😂 ,1,Normal
jitni deer chaly ga utni deer toh khush ho lany do .....nikya nikya khushiya🤭,1,Normal
tum apni bhen ki bari humy bula lena,1,Normal
woh madarchod hi nhi bkl bhi hai  bhen chod bhi hai,0,Abusive/Offensive
 allah ka shukr hay kheriat se han. ap kese han aor kahan gaeb thy?,1,Normal
randi hi to h,3,Sexism
bhai chod do oo dummy home minister hai poora uska hair cm ke paas hai,1,Normal
"suno bhailog,  duniya ka saara sach ek taraf, ma baap ka pyaar ek taraf.",1,Normal
  to tum ny b kitabon se hi hai.. tum konsa hazoor k pas bethy sun rahy thy tb...,1,Normal
wise halala ki paidaish tumse yhi ummid ki ja sakti hai madarsa chhhap suarðÿ˜‚ðÿ¤£ðÿ¤£ðÿ¤£ðÿ¤£,2,Religious Hate
chup randi ki nasal,3,Sexism
meri post per bi aya karo ma knsa corrona virus ho chawalo👀😮😮😒😏😏😂,4,Profane/Untargeted
 bas yh dialogue hi hit hoga baaqi kiya tha is me? 😂,1,Normal
 nikkah to sadgi sa bhi kia ja sakta jism ke bookh he metani ha to bs log apni sho sha k lya krty hain,1,Normal
 zaroor likhain phir jab ban hoga onair honay say pehlay toh hum phir campaign chlain gay wooowwww .,1,Normal
"bhateejy cool down yar. bhutto ny jo krna tha wo kr guzra, bhugatt lia r zia ny jo krna tha kr k bhuggat gaya. now we have to move forward k maazi ki ghalti dohrai na jaiy. lykin aaj b un ki support ki ja rhi hy jo hamari sippah ko gali dy rhy hain.",1,Normal
 yar lagta nhi ha lakin phir bhi asa kion kiya is k sath wja kya thi yar,1,Normal
ha padh liya vo hi soch rha tha isko kya hogys,1,Normal
hes gone now. allow it. you sound like a heartbroken banda wining for his kanjeri back.😂😂😂😂,0,Abusive/Offensive
  wah ye sai hy ab tum sariyal ho is mn mra kya kasor,1,Normal
 bhol gae me  nam  sr pe chot lgi thi na  mjhe tb se yaad  hi nae,1,Normal
abey chal chal gandu arastu iqbal haramkhor nawaz harami k bharwe tjsy kisi ne raa'ey li chutiye jaa k apne panama wale baap nawaz ganjey ka pajama badal aur us ganjey manhoos ko qatri air ambulance m bitha k dafa kar taa'k is mulk pakistan se manhoosiyat ka saaya door ho 🖐🏿🖐🏿,0,Abusive/Offensive
bhenchod kabhi chal bhi jaya karo  ptcl,4,Profane/Untargeted
exactly it was moulana’s plan s he has got money for that by using those poor uneducated people who were thinking they came get rid of yahoodi and qadiani hukumat,1,Normal
ye khud chutiya hai ishko iske ma baap ne discipline nahi sikhai...jute maro sale ko,0,Abusive/Offensive
"i love 💕 you kyu bolte ho, sidha bolo na kuch din feelings ke sath khelna hai tumhari....😏",1,Normal
 uske restrnt me koi phone pe tez tez chilla rha tha use usne ban kr dya🤣🤣🤣...indigo se b fast service😂😂😂,1,Normal
 kitna mal khilaya ry tum isko,0,Abusive/Offensive
 apa wapis kuwait jaeyn ghi tu shoru karti hon inn sha allah,1,Normal
oo sakoon say soo ja tere dimagh ma virus chadha hua ha 😂,1,Normal
bhenchod aewee tou bollywood itna mashoor nai hai. talent bc kutt kutt k bhara hua hai is mulk mein.,4,Profane/Untargeted
"aftab mbbs degree show karne ki baat kar raha tha maine kaha ki indian visa show karo agar himmat hai to,  bhag gaya hijra sala😂😂😂😂",3,Sexism
  aray bhai laxmi bomb ki prediction nhi puchi thi😁😁😁,1,Normal
dikha dii na apni oqat galii nikal k kisi kutti maa k bachy..gastii ki oladd..sally rape production terii maa ki chutt maruu rndii ka bacha.sally qasoor tera nahi tera maa ka jo teri dafa highway pr tangy khol k lytii thii hr ata jata chod k jata tha phr tuj jasa gandu paida hoa,3,Sexism
 me 2. mere andar b ak larka hai. ye toh fake account hai.,1,Normal
guys kya trend decide hua hai??  wb ki birthday ky liye ☺,1,Normal
"~ mard ki wafadari tab dekhi jati hai jab uske paas sab kuch ho, aur aurat ki wafadari us wakt dekhi jati hai jab mard ke pass kuxh bhi na hon....",1,Normal
bc show ka kya hoga??,4,Profane/Untargeted
rawalakotiyon ko tri maa ka yaar smja jata ha pata ha muje...😄,0,Abusive/Offensive
  asim sy kon marry nhi karan chaye ga...  he is neera ishaq❤️❤️❤️❤️ #kingasim,1,Normal
rt : kisi ko bhulnay k liye ussay yaad karna parta hai. aur idhr bhenchod yaad hi ati rehti hai bus,4,Profane/Untargeted
ooo rundi jali na teri jali na lol,3,Sexism
"teri maa bhi aise hi bhaunk rahi thi jab uski bangladeshi bengali mulle ne gaand maari thi. jabhi tu chut ke badle gaand se paida hua hai. tu bhi bilkul apni maa pe gaya hai, wo bhi aise hi randirona karti rahti thi 🖕🏼🐷💩🇵🇰",0,Abusive/Offensive
no wonder you can’t make it to first lady. at least you managed to grab the title of first randdi,3,Sexism
aik do din twitter use karne k baad idea hogaya hai yaha ziada tar randi k bachay atay hain jo apko follow karengay or ap unko follow back do gay to wo randi ki nasal apko unfollow kardengay. pata nahi khud ko kia samajhtay hain ben k loray ye log.,4,Profane/Untargeted
ajeeb bhenchod zindagi hogai hai hina,4,Profane/Untargeted
 ap ny video ni dekhi us program ki?,1,Normal
but sarfraz is not that extraordinary k aap zeeshan k sath compromise kar jao! he also struggles,1,Normal
😂😂😂😂😂😂😂😂😂 hosla deta bnda aap bisti kr rhy,1,Normal
"yahodi kon hy iska pta hy sabko bar bar moun se fazalo bhi na niklwao,name pak hy iska kirdar nhi",1,Normal
 hn na dilasy  nhi deny chahye na..... 💔,1,Normal
 🤔🤔 chairs ka trucko se kia taluq,1,Normal
   sarkari twitter accounts per dekhay that subah.. kafi saray..,1,Normal
  shanti sabne dekhi thi jab desh main aag lagai ja rahi thi.,1,Normal
chup bahanchod teri gali wali tweet ka reply gali se kiya maine... yahi tabse samjha rha hu ki har action ka reaction hota h...aur reaction tum chutiyo ko bura lagta h..apna action nhi dekh pate phir...,0,Abusive/Offensive
bharwe k bache apne walid ki tarah fake post share na kiya karv.,0,Abusive/Offensive
“pyaar tha waqt nahi jo beet gaya do pal mein tu ban ke yaad rahe faryaad rahega dil mein”  “kyun diya dard humein hum aaj talak na samjhe”  “tu humko bhool gaya bas yaar hum hi pagal the socha tumhe jo raat din” ❤  #jotunamila ,1,Normal
time pr so jaya kr bhenchod,0,Abusive/Offensive
 reply late ja raha ...😡,1,Normal
is rande ko deekh k itne tap charte ha k many un-follow he kr diya... chawl no 01 ,3,Sexism
  socho jab protesters bhe gun dikha k bolein ye li azadi,1,Normal
bhenchod ragging sy bachnay k bahanay thay tu nay mujhay waqai main mareez bana dea tha bad main 😂,4,Profane/Untargeted
bc yeh nii tha kaha ke mere sath bhi badal jaa🙂🙂,4,Profane/Untargeted
 ais dunia main aus sa zyda bawakoof koi ni hain jo agly banda sa wafa ki umeed rkhy;),1,Normal
wtf hum yha mp me 1700 rupye har mahine ek bande ka dete hai aur  ye 10 rupye me randi rona kar rahe hai 🤷‍♀🤷‍♀ #jnuprotest #jnufeehike,0,Abusive/Offensive
uski maa ka kala bhosada bhenchod.,0,Abusive/Offensive
gashti aurat yeh pak foj ki jaga ha pehly tahreer tu parh leti har wqt bhonkti rehti ho .,3,Sexism
"u live on a different planet altogether and totally biased.  logic is simple - fix ur own house before vouching for others. u will ask china for the muslims, they will tell u to fix baloch, ptm, and ahmdi issues.  do u have any response to that?",1,Normal
lanati😡,0,Abusive/Offensive
"laalchi to bohat hai, us k beta us say baray laalchi hain. baap yahan marr raha hai, hafton mahinon main aik baar tweet kardaitay hain. ghairon ki looti daulat say aisay hi bachay paltay hain, nafarmaan aur beghairat...",0,Abusive/Offensive
 pta nahi ksy kr lety hain log 😭😭😭,1,Normal
wo kutta shaheed nhn khanzeer ki moot mara he harami,0,Abusive/Offensive
aap ko copy righgs nii mil rahe kia???,1,Normal
"tu to betha bhe kabul k bahir ha, apnay baap yahood ki nagri ma . tu kia hisaab lega begairat insan.   ham abhi zinda hain",2,Religious Hate
"ye bhi koi puchnay ki baat hai, itni corruption karnay walay pe koi ahmaq hi andha aitbar karay ga.",4,Profane/Untargeted
doctor; i'm sorry opration k waqt dastana aap k pait mai reh gya hy dubara opration karna hoga!  sardar; tu pagal ty nai? ay ly 30 rupy nawa ly ly. :-) :-,1,Normal
"i wish you were braver and exposed injustices against ahmaddiya community! 😞 nevertheless, your voice is important to re-educate the religious mob.",1,Normal
ye teri maa ka yar ha.. bhenchod imran k kutay.. ye pti ko nanga krta ha.. pinky gashti,3,Sexism
nahhhhhhhhhhhhhiiiii nahi muje koi jaldi nahi hai 😂,1,Normal
"iss kanjar fazlu ny imrankhan ko yahoodi, qadyani, sikh kya kuch nahi kaha behen ka looora ab acha ban raha hy",0,Abusive/Offensive
chal bhadwe ki nasal. cheaters.  bandh karo apna dukaan.,0,Abusive/Offensive
kafir yahodi kafir hindo same thinking,2,Religious Hate
 ye to mystery banti ja rae hai 😬🌚😂,1,Normal
 gauahar khan meri fav thi mera jo b fav hta win krta😍🙈,1,Normal
bro seriously you made you slogan that you are a hijra bts are proud of you 😂😂😂🤘🤘🤘🤘,3,Sexism
phaila hua hai haath tere dar ke saamne gardan jhuki hui tere diwaar ki taraf❤  #today ,1,Normal
abe kya jhantu insan h bc. 2010 ki 1500 screens vali movie ko 2017 ki 3500 screens vali diwali release vali movie se compare kar rha h.  bhai tu ja soja...fanwar ki baski nhi h to muh mat ghuseda karo mentioned me..,0,Abusive/Offensive
yar wo aurat march wali photo pari hai kisi kay pas jisme wo laal rasi dali hui hoti hai larkay ko,1,Normal
jo loog tm pe marte hain  wo maar q nahi jate🤔,1,Normal
 reply karti hu na sab ko 🌚🌚😂😂,1,Normal
 sun lo lag pata jaye ga..🙄,1,Normal
aur hum log tumhari maa chod denge,0,Abusive/Offensive
%% koi b lrki mujh sy dosti krna chahti hy whtsap msg kry ...hu real girl.. num ye hai mera  03150855632,1,Normal
 no you are not only one 😅 m ta news v ni dekhi ous bare kde,1,Normal
madarchod bina naam ka...  najayaj aulad..  sala. ..ham mese kisi se tere paida kiya hoga... haweli par.. bahanchod..   randi ka aulad,0,Abusive/Offensive
pti nay zeher diya ab jab pata chala hay tow bahir janay say rowktay thay. niazi aur pti walay beshaerm hain jhoota munafiq tareen yahodi imran chore. faraad govt. destroy pakistan ajenda khosa sahoolat kaar and naibe chore javed pco musharaf chamcha javed bagairat sahoolat,2,Religious Hate
when is the book fair? bhoy goswamy and others are clapping like eunuch. these intellectuals deserve a good welcome song for book fair with similar hijra clapping.,3,Sexism
ahmed niazi khottay ka puttar khachar nikhato nikamaa chooor yahodi lobby ka agent,0,Abusive/Offensive
"selected jo madine k nam per seyasat ker raha hai is jasa munafiq doglah ,jhotha puri duniya mian nai dekha jo bary dawy kerta hai lekin kisi bat per amal nai kerta makka or madina main yahoodi bhi yahi bat kerte the k hum iman ly aye chand sec bad apne beyan se pher jate",2,Religious Hate
ye khud begerat our yahodi he,2,Religious Hate
"chalo hijra hi sahi..lekin maharashtra mein jab aao, tab hijre ka jhaapat khaana mat bhoolna..👊✊🤚 ",0,Abusive/Offensive
"apko kehna chahye tha na mard hoon, na aurat hoo. main hijra hoon main hijra hoon, main parchi hoon, main defected hoon, main accidental chairman hoon.  #joker420",3,Sexism
 acha ub me ye sunti hun tb tk ap ye serch kro utube pe k twiter k notification kese clear hoty,1,Normal
aur tum inteha kae ahmaq ho kae apnae hans tae bastards mulk ko tabah kernae pae tullae ho .. nawaz sharif nae 98 billion dollars kidher kiya ..aur pakistan ko economically maflooj kiya ..money laundering and dawn leaks ker kae fatf maen dala .. ghaddar khandan ..,0,Abusive/Offensive
chal fosdi ke mohammad kabile wale ki halala ki aulad,2,Religious Hate
bhaii ya sub bhen chod haaa patwariii kutty,0,Abusive/Offensive
london walo ko bula lain janab ek dafa,1,Normal
makkar chupa halala girl,2,Religious Hate
jaaani ignore maro sab ko  sab ab philosopher bane ge ,1,Normal
tera baap hijra nikla ?,3,Sexism
 por match box hi arrange krna..ak stick se shyd kam na chl paye...,1,Normal
fasla rakain pir bad mein ap ko kial a jata ha hamra financial status match ni karta.,1,Normal
  uff  tmz se tho hy,1,Normal
dono shair nasir butt or ap bhag k london bill ma chupay wa hn ...,1,Normal
 abhi bhi lag raha ab to monchain b chupai thi main nay🙊,1,Normal
 allah ka sukar hy na abhi tak aisa hoa na hoga. jb app kisi ko behad payar do aur specially respect do tu app hamesha achy lafzon main yaad raho gy,1,Normal
honestly i am liking shehbaz 😂 laga raha hai blind mind ki!  tu flip matt marna ! zuban se mukarna matt!,1,Normal
sana jee  aap ka shukriya  aaj bahuth like  diye,1,Normal
"bhenchodo l par safar beth k? pichle 50 saalo main gaand maratey raye ho, urban planning ki bajaye. bund mai le lo daffa 144, 144 dafa.",0,Abusive/Offensive
oh teri maa ki choot apne baap ko gaali diyo teri maa ka bhosda dalli chudai k rand k peele samjha,0,Abusive/Offensive
  haha ami se argue krna is not chnga😂,1,Normal
bus ya aur tafseel bataao  ahmdi aurtain beach pe bikini b pehnti hain  jalse aur ijlaas pe burqa b boht hai 🤫,2,Religious Hate
 aap k hubby ab tak zinda kaisay hain itna torture bardasht kar k bhi.,0,Abusive/Offensive
tum modi ke randi ho call girl b ho mara pass proof hn teray,3,Sexism
boorha phir b acha h tu to hijra aur chutiya h aur jahil baroch zardari ka gandaa khoon h tu. apne naam k sath bhutto mat lagaa zardari ki gandi nasal tu kch b kar le ab teri ye jaali chooran nh bikkne wali.tu bhutto ka waris nh wrong no. h 🖐🏿🖐🏿,3,Sexism
okara ga q nahi zahid aap?,1,Normal
  phele hi bola tha tb shippers agye meri post pe bakwas krny,0,Abusive/Offensive
 a stupid goon journalist. ja kar kisi doctor se elaj karwa apnay dimagh ka......jahil aadmi,0,Abusive/Offensive
hence proved  hassan bhai is saal valentines celebrate krrhy hain 😂❤️,1,Normal
fazlu the ugly should be the first to shout. he is criminally silent. cant see beyond our in house yahoodi ik. hypocrite big time.,2,Religious Hate
 koi bat e ni krta,1,Normal
 ku k tum mjsy bat e ni krty,1,Normal
 sheerkhorma ko pakistan mai kuch nazar nai ata ?,1,Normal
 to us k dm me apply karin.  me kia kar skti,1,Normal
teri bahu main mili aisii raahaat c mujhe  #fansdemandsidnaazshow ,1,Normal
teri maa ki chhut me hawa chodu hay pakistan ne bharwe maderchod,0,Abusive/Offensive
ha yr manay b feel kyea hai,1,Normal
"pti ki tarah randiya to nahi hai,na behayayi hai,tujh jesay bharwe apni biwi k numaindagi nahi kartay hai,magar ye apni biwio ki numaindagi khud kr rha hai",0,Abusive/Offensive
ya rundi k buchy set ho jaen gy dont worry . kuch din sabr,3,Sexism
halala ki olad,2,Religious Hate
  oye mera sohna...  sd k jaon tere... khr teri maa ki,0,Abusive/Offensive
hijra army to tumhari ha jis ka 65% area pr control hi nhi ha. 😂😂😂  dekho hijra army kesy buzdali se dekh rhi talibano ko district capture krty huay,3,Sexism
 aap k mounh se nikla hua har lafz meetha lagta hai❤️,1,Normal
"  aurar march kr lo, ho skta ha practical bhi ho jaye",1,Normal
  teri koi b video dekh k tm pay tars ata ha. drama baaz,1,Normal
rt :  itni himmat ho sakti hai kisi ki bhi?,1,Normal
no! you should look like charsi lol 😝,0,Abusive/Offensive
she: tu match aur mujhme se kise choose karega !?  me: 😂😭 ,1,Normal
q teri bhen ko choda h kia randi ki nasal madrchod,3,Sexism
auro se b krwao wrna is aurat ne mjh mar denahuh,1,Normal
  haan adwait gandu faltu mein mujhe accuse mat kar,0,Abusive/Offensive
tu hai kaun bhenchod aur tere chahne se kya ho jata hai bey (cc to all fucktards in this chain),0,Abusive/Offensive
#sehnaazgill sirf ye na #bhaijan ke saamne bolne me fans jaati h banki jagah brober bhaunk leti h  itni bhi innocent nhi h jo ban kar nikl jaati bhai  aise kon rota h full on dramatic,0,Abusive/Offensive
haha ta pehly apke sister ny gustakhi ke. mujy follow krny ki 👎 ussy poocho jaky pehly aur dant apky bahir nikly hoye h. unhy ander krlain plzz 😜🤣,0,Abusive/Offensive
teri har ada mohabbat si lagti he...  ek pal ki judai sadiyo si lagti he......  pehle nhi socha tha ab sochne laga hu.....  zindegi ke har lamhe me teri zarurat si lagti he.....  #asimanshiforlife     ,1,Normal
  tm nai kr skti q k tmhari shadi ty sb to zyada shugan ma ny fany😂😂😁,1,Normal
"hakoomat oor opposition mutahid hn ya na hn, aap k abba hazoor nae chotnay walay 😊. relax.",1,Normal
akhrot jazzy. 🤦,1,Normal
 you are wrong  agar sirf gold say bastay hain tu mujhay koi kuin nahi milti,1,Normal
aby tmhara hisab glt h tumhara bap to tumko b ni pta kon h hann pr man tumhari randi h jiska gwah pura muhalla h 😂😂😂😂💖,3,Sexism
sidnaaz to baap beti ki jodi hai😂😂,1,Normal
abey love day use better photo shop image next time - begairt hijra paki 🤣,3,Sexism
 prince please come #punjab please request hai 😩🙏 i'm waiting kab se 😭😭😭😭😭😭  ❤,1,Normal
jo tera abo kehta tha hindo aor hm ek hn wo kya tha bhen chod k bachy,0,Abusive/Offensive
"g , bilkul nhi manti ab ahmdi thi",1,Normal
banana tu ata ha pr watermark krna nhi ata...😂,1,Normal
hijra niazi 🤣🤣🤣🤣🤣🤣🤣,3,Sexism
mera jazz don't distrub my privacy but always remind me once a day k there are many message in ur box check them by dialing xxxx or reply but sorry jazz jee mere pass paisey nhi hain😭,1,Normal
boht hi lanati hoo tm wase miss hareem ki jaga tmhara name haramzadi hona cahiya tha or lagta tmhen pada karne ka lia tmhare baap na pig khaya tha,2,Religious Hate
vese tumhaari aukaat nhi hai seedha baat krne ki maa behno prr hi comment krne aate hai tumhe aur ab yeh mt kahiyo ki mene bhi kha hai pehle tune kha hai aur yahi baat mujhe muh prr bol deta apne pairo se ghar na jaa paata,0,Abusive/Offensive
pehle jitni bhi extension huwi he wo bhi pm aur president ne ki he os waqat shetan judges kahan mur gae they jo ab dushman india aur yahoodi lobby ko ye harami judges apni chhuti walay din bhi adalaten laga rahey hen. garib awam ka court matter hal nahi ker saktay aur dewar bngae,0,Abusive/Offensive
 ok  par main to kal such me gir gayi thi😢 bara zor se,1,Normal
absa g ap b aurat march ko sport krti hn☹️,1,Normal
main tairi maan ka yaar. kafi hay introduction mera saudi gashti kay liay,3,Sexism
  hawwwwwwwn main to pagal hon 🙊😂 ye bhe pata hai ke to hai aqal mand 😂,1,Normal
jab yahi yahoodi dar dar bhatak rahe the sabne inko panah dene se inkar kar diya to isi palestine ne in kameeno ko panah di. aaj ye apne muhsino ki zameen hadap rahe hain aur un per bambari kar rahe hain. isse badi terrorism ki misal duniya mein nahi milti.   #stopisrealiterror,1,Normal
hayeee lala ko na dekhen tou sakoon nai ata kia bat  kr di ha...🥰😍💓,1,Normal
" to hamari bat aj sy shoro ho rahi hy, allhumdulilah main thek hun apki bio abhi dekhi agar munasib smjhyn to ak sawal kr skti hun?",1,Normal
" usne block kiya his right, daru peena humara right 🤘🏼🤘🏼, nahi pasand post mat dekho aage badho",1,Normal
isb to haveliyan motorway hai ab,1,Normal
sir kuda ka wasta gy cancer ka mareez hy pasa na hony ki wja sy mr jay ga sir aklota beta hy ghr ka bucha ln us ko madad kr dn us ki 03007334159 plz allah k nam pr kr dn,1,Normal
what do u mean by bc ??? teri bhn chod smjh i na mry sath panga mt laina kuta bna k rkh doon ge tmain gaaliyan daitay ho salay ... apna maa bhn ko bachaa loo nai tu nanaga kr doon ge,0,Abusive/Offensive
farhan khurrak tera wazir e azam kiya hijra ha jiske 7 arab =50 rupee huwe,3,Sexism
rt : o moodi or yahoodi us waqt ka intzar karo jb tum allah ki pakar mai ao gay  #stopgenocide_onmuslims,2,Religious Hate
ok next time sahi sy kro ga.,1,Normal
"iss ka tarjuma kren  "" main aap se aik baat kehna chahta hun""",1,Normal
" poor boy, i actually liked him for ""jo tu na milla"". song got released at a great time.",1,Normal
nahi uska tu clear hoga wo singer ha. khans khans k bura haal ha,1,Normal
 pakistani cricketer yousuf yuhana bhi aise hi captain banne ke liye mohammad yusuf ban gye the..captani to na mili..team se jagah alag chali gyi.,1,Normal
  mere baitey achhi bhali teri karyaaney ki dukaan chal rahi thi.tu aisey hi maa behen aik karwaaney social media par ghuss gya hey 😂🤣,0,Abusive/Offensive
shame less nai ghatya ganda churra charsi bander ha ye,0,Abusive/Offensive
imran niazi beghairat par khuda ki laanat,0,Abusive/Offensive
aby randi k bchy teri bhn ko ghunghru phna k choduu..  hmsay b preshan hojayn mujra chl ra k chudai chl re 😂😂😂😂😂,3,Sexism
tu gandi gashti,3,Sexism
"aby randi ky bacho, itny maslo ky bawajood hum ny #sikho ky sentiments dekhty huy kartarpur sahab khola......   aby chutio filmo sy bahar aajao...... dekha nhi tha..?? ""gadar"" mai fictional ashraf ali ky samny ""hand pump"" ukhaarny wala line mai lag kar bio-metric krwa rha tha🖕😂",0,Abusive/Offensive
"ye students hai  sale budhee charsi,",0,Abusive/Offensive
  ye london plan ka mara huwa  abhi bhi buk buk se baaz nai ayea,0,Abusive/Offensive
rt : aap sab ko rona aaye ga agar hum bata dain keh humara sadiq farewell kese krwata hai :(:,1,Normal
randi ke bache tu nahin maanega,0,Abusive/Offensive
mandir yahin banega (in your stupid voice)  shayad hum muh se mungfali nahi tod paate par aaj teri g*nd se akhrot zarur tod diye 😂,0,Abusive/Offensive
bhai ye begherat akhrot kya jawab dega awaam ka khoon choos raha he,0,Abusive/Offensive
"when you ask a straight girl: are you lesbian?  her: yes, i love my sweet friend😍  when you ask a straight boy: are you gay?  him: teri maa chod dunga bhosdike",4,Profane/Untargeted
shukria ahsan pr mery 1k e hn ab 2k krny hain 😁,1,Normal
 na na ma ni bolta 😅😬,1,Normal
"kyoon k humari qom tabah ho gayee hai, fouji larr nahin sakta, doctor diagnose nahin kar sakta, engineer brt nahin bana sakta, pia, railways, kuch bhe ho jub tak bahir sey koi madad nahin aati kuch bhe nahin ho sakta. yahan tak k safai ka kaam bhe turkish company ko deyna parra.",1,Normal
 issi liye sad songs sun rahi hun,1,Normal
pakistan army not threatened to your son your own ptm terrorist party threatened you bc,0,Abusive/Offensive
rt : jihad and hijra (migration) the wheels that make the doctrine go round.,2,Religious Hate
saali ki saqal dekho.. baat karne ka andaz dekho. r saari lakshan h. cheap cunning whore.,3,Sexism
"how did an ahmadiya get to the top in the army of sunnis, in the first place?",2,Religious Hate
aby nikal na randi,3,Sexism
 tum dhoka detay ho🥺💔😂😂,1,Normal
"rt : q. woh kaun si qome he,jis ne such bhi bola phr bhi jahnum mein jayegi? ans: yahoodi or nasara qome. shahid sindh",2,Religious Hate
 woh pata ni kaya beja mujko ajeeb sa 2 fingers,1,Normal
 aby tou tjy koi peene ko bol ra tu bs mojy bana kr dy,1,Normal
 baki sb ko mana kr do ab 🙄,1,Normal
ub budhy ho gay hain bhai😂😂😂,1,Normal
tw aik harami kutta hai.,2,Religious Hate
rt : skin randi clear ho ja bharwi please,4,Profane/Untargeted
bc celebration h ya beijjati.😂,4,Profane/Untargeted
  uss waqt shakh rasheed saqib nasoor k hath ke chr-ee or jayb ke ghree bna howa tha,1,Normal
  kisi ka joke na banao madam,1,Normal
  darane wali tasveer ye hai nilesh babu. ,4,Profane/Untargeted
 comfortable nahi hongey log idhar :p,1,Normal
tera baap or teri maa ka yaar hoga,0,Abusive/Offensive
"jahil aap khud hai, aapke mutabiq to married couple public mei sex bhi kar sakte hai",0,Abusive/Offensive
 kya huwa yrr btao tu sahi,1,Normal
 keh do ke ye sach hai😂😂😂🤫,1,Normal
   sid kya ho gya h apko frndship ki baat h to sana paras k phly ki frnd h apki ap paras mahira ko safe krny k chkr m #shehnaazgill ko unsafe kr dety ho...,1,Normal
"patwari, pipliye, youthiye, fuck-parast sab ek dusre ko fauj k aagay lait jaane k taane de rahe hain..  bc sab k sab phattu ho, maan lo, aur dafa ho jao tl se",0,Abusive/Offensive
woh na ayegi mujhse milne yeh janta tha main lakin intezar karta raha kyu k dekhna tha usko maine.,1,Normal
   achaa rashmi ko vote nahi milaa isliye bol rahe ho 😂😂😂,1,Normal
gandu bharwe. ek to axhi bat keh raha hn,0,Abusive/Offensive
pehlay sahafat ek ibadat thy  ab ye haraam kamai ka san sy bara source hy.  #mediastayunbiased,2,Religious Hate
bhenki lodi saboot deeeeeee randi,3,Sexism
 psl match schedule ki kitab main..🌚,1,Normal
phr jhute hn ye😌 ,1,Normal
aor hamary hkmran in k sath mily huy en ....yahudi aor hindun hmary sb sy bry dushman en,2,Religious Hate
mein sabka hamdars hun bhenchod mera hamdard kon hai? :/,4,Profane/Untargeted
agar khushiya milti ha to lga do,1,Normal
you mean the wrestler randi savage of the older era?,1,Normal
dekha hua ha hr rooz dehkte hn,1,Normal
   teri bat nai ho rhi,1,Normal
qanoon randi ban gia hia.,4,Profane/Untargeted
because islam is a religion of peace and all these terrorists and their organization lied about their religion in addhar. so they don't ha e a religion,1,Normal
 kyun be tu jaa k rahega waha,1,Normal
  doob k mr jaa,0,Abusive/Offensive
dekh le madarch*d islam ka nanga naach..babri par fate hue bawaseer ki tarah bhaunk raha tha na..us par bhi ab apne manhoos muh se kuch hag de..blood cousins ke incest ki paidaish,2,Religious Hate
  nhi to aurat march walon ne tere saray haq wapis le lene hain.,1,Normal
 last time ap sy kuch pocha tha ap ny ignore kr diya😪😪 mjhy lga bhool gai hn gi😐,1,Normal
ye lode teri maa or bahan ke shohar hai or jyada bolega to de denge teri maa or bahan ko hum denge talaq or fir halala wow kya baat hai mullo wow lund chuss lo ðÿ˜œðÿ˜œðÿ˜œðÿ˜œ,2,Religious Hate
"wo jo senior general tha us ne aj resign kr diya extension k bad? mtlb k usi tabqy me baap b koi koi he pasand ata hai 😜 nashai ko dar k agla banda natural he na nikal aye, is liye risk he nai liya, or wo bajwa b zaleel hony k bad b resign ni kr k gya 😂",0,Abusive/Offensive
"now that you are unemployed and will remain so for a long period of time. you can utilise your time to regain your vital nutrients. akhrot khao , kesar wala doodh pio",1,Normal
"none of you kashmiris have ever done anything about fellow muslims like ahmadiya, shia, balochis in pakistan. yet have all the abuses ready for indians.",1,Normal
kanjeri jaisi lagti ho jab haqiqat samuch k bi bakwas keeti ho. imran tum jaisy billions ka ideal.ha,3,Sexism
 wese he kha hai q ke mujhe nahi karni hai,1,Normal
qabar mai bichoo gaand marty,4,Profane/Untargeted
"wesy ya bhala baat ha krne wali apne jessi apne jitni dhonde, jesy mene shaadi krni ho",1,Normal
  galti se mistake hgai😂,1,Normal
haan bc pari thi pari hi abhishek bol k jo topic divert kiya na maa kasam sidha ghar hi aagya 😥😭😹,4,Profane/Untargeted
gashtorr or harami aikpic mein apko dono k milaap se paida hony wala bacha manzoor pashteen jesa ho ga😂😂,2,Religious Hate
kyun ki is randi raand     ko paise kamaane hai isliye sex mein paise itne nahi milte isliye ye nichhhhh kaam karti hai aise kanhiyaan ka bhi le legi ye paison k liye kanhaiyan kumar wo bhadwa jo randi ka hai,3,Sexism
•ppp gave a ticket to mithoo mian •ppp voted against forced conversion bill in sindh •ppp mna shehla rashid started a storm against atif mian for being an ahmedi ppp banned minorities from becoming pm •bilawal doesn’t like being called zardari because his father is a disgrace,0,Abusive/Offensive
g**nd se akhrot todte hue hindu samrat...😂,0,Abusive/Offensive
farhan tu confirm kisi randi aurat ka harami bacha hay madar chod,0,Abusive/Offensive
teri maa ki chut be teri kyu jalti hai ....randi ki aulaad ...teri maa chodi thi kya uske bhai ne,0,Abusive/Offensive
pislam me media ka estemal kerna haram hai  halala ki paidais,2,Religious Hate
"tujhe to rojgaar diya na humne, bhaunk mat",0,Abusive/Offensive
dono delhi policee ke bahdur jawan hai..ek taraf ataychar..dusri taraf jeb me hath dal ke dekh rhe ki age kya hota hai ,1,Normal
arjit singh bhenchod bas karde rulana bharway,0,Abusive/Offensive
 😉adat daal laien na plz,1,Normal
"laanat in haramion ki nasal per, definitely yahoodi mafia is ko support kerti hai",0,Abusive/Offensive
🖐🖐🖐🖐🖐 lanat ho bharwe sabir,0,Abusive/Offensive
boobs to mast h sali ki,3,Sexism
"auriya maqbool jaan akhrot hay hum nahi mantay unn ki koi baat.,2018-07-25 16:03:27",0,Abusive/Offensive
o kisi saudi wahabi ki najayez aulaad bata poori dunya mein terrorism wahabis nay kia ya shia nay. gashti ki bachi pehlay parh phir bhonk,0,Abusive/Offensive
  ary aesi baty mat keya kary ap k pas best skills hai 😎🤟,1,Normal
oh wao you made your slogan yes i know you are a bts ka hijra 😂🤘,3,Sexism
  bahi allah maff kary lant nh de sirf ya ka kitni piyari bachi ha jes ke bh ha aik nh pata nh kitni bachia es tara mout mar gy par kia hoa kia kia hm na,1,Normal
friend : bhai aaj kal subah ka breakfast miss ho ja raha hai daily.   me : bhai yaha subah nahi dekhi kitne din ho gaye..,1,Normal
ho gaye hy aur han aj jo ye sekhon k liye kar raha hy ye whoi sekh hy jub pakistan azad howa tha aur muslmano ne jub india sa hijrat ki tub sub zada qatal muslim ko in sekhon ne kiya tha par afsos ap jesy log is yahodi e agent ko ek islami leader mante ho phir kasm khao k allah,2,Religious Hate
hum to already han  maza aata ha khoob 👍😇,1,Normal
   yes u must die to avoid everything. baaki usko pareshan mat karo warna nidhi ko bura lagega.,1,Normal
  meri bheiny nh a ! tw teri sy kam chlna o ga ! or ye tumhri chwez meri aby chutiya bacha a kia ? bolna nh ata ? ye bachu ki tarha muh mein lun ly kr.ohuddi jwsa muh bna kr tera mwra kr rha a😂,0,Abusive/Offensive
bc delhi m govt change hone jail jane se bi koi ni rokega usko,4,Profane/Untargeted
meri behn jab tak tights pehnne wali bahar ghoomen gi tab tak naaw bache mehfooz hain naw burqay wale... ek example to apne bachpan main parhi hogi.. 1 gandi machli poore talab ko ganda karti hai 😊😊😊,3,Sexism
abay bhosrike lund hai nhi tere paas saalay tiktok k khadray ek baap ki aulaad hota tau baar baar block nhi krta.... pta nhi rundi me kahan kahn account khulwaya hoga tere jese khadre ko nikaalne k liye😂😂😂😂,0,Abusive/Offensive
me apki aurat hne ka lihaz krta tha or apki har bkwas ko chup ker kr prhta tha lkn ab apke moun per bhi apke moun k hisab se chapair maro ga apki har tweet pr,0,Abusive/Offensive
 tjhy feel nai hota k m tere besti karta hn or tu dil py b ly jata hai 💔,1,Normal
aur jaane de tharay se na ho paae ga. aur haan aasman ki taraf moonh kr k nahi thookna chahiye😝 baqi khud smajh ja,1,Normal
agar winner annouce hone sey phele meri bhen phone le ley touu😤😤😤,1,Normal
"wo mirasi tera baap tha , bht bura huwa tere sath afsos ki bat hai",0,Abusive/Offensive
 do you someone name shahid afridi okk ashwin to yaad hoga na,1,Normal
meri kl say good night he ni huye to good morning khn se ho ge,1,Normal
hahahaha ni mulk ko ni bs charsi ko chars ki zrurt hy,0,Abusive/Offensive
 sab k sab mutual friends,1,Normal
 yesh 😌 kon si mehnat ki thi mje bhi btao mje bhi karni hai😿😿,1,Normal
 isi dunya ki sb se powerful agency hy tm do number pathan kia muqabla kro gy,0,Abusive/Offensive
o yahodi ki nadal buzdil tera poora khandan hoga,0,Abusive/Offensive
bc saanp k andeyy khaney wali lag rhi hai oh sorry lag rha hai bc sakal me bhi confusion ho rahi hai sayad akko pe jo gyi hai😂😂😂,0,Abusive/Offensive
  dafa karo yaar koi faida ni hona awai mujhy bhi khapao gi sath,1,Normal
 un ki madad krna pahly to un k ass pass k logon ka kaam hai or jo janab video bna rahay hain un ka bhi ..zakat aesay logon k leay hi hoti hai,1,Normal
   oh sorry sorry jaldi jaldi reply kia na to pta nai chala sorrrryyyyy,1,Normal
  beta apni ami se pochna puri tafseel se btayen gi,0,Abusive/Offensive
"    yar us ny ilzam nai lgaya, us ny kaha k controversy hy ye. ye ilzam nai hy bl k aik ajib c kahani hy jo khuda jany sach hy jhot mgr aik perception float kr rhi hy. rahi bat wafadari ki to kia ap ny memo gate k bary nai suna? in ki wafa pakistan sy hti to aaj ye hal hota hamara?",1,Normal
bc.... jab train mi aag lagane nikle the to ghar mi kahi achhi jagah chupana cahiye tha na🐍🐍,4,Profane/Untargeted
  lgta mry ko miss kr raha koi 😜,1,Normal
ghare me tereko bandh ke rakh aia tha.....fir bhi bhaunk raha hai????,0,Abusive/Offensive
    uncle g mujy koi fikar nhi ha mujy pata ha k fahad bhai ki koi movie flop nhi honi lekin uncle ek limit hoti ha bat karny ki ok,1,Normal
 pher tou chand sa lanat banti thi... 😂,4,Profane/Untargeted
  aap ek particular religion ko target karte hai. aap bjp ke tarah desh ke ek khass religion ko badnam kar rahe . logo ko hindustani se hindu muslim bana rahe.  aap apne taqat ka ghalat use kar rahe,1,Normal
excuse me? bhai kon se nakhre kr diye maine 😭😭😭😭😭😭 ilzaam lga ri saali mere pr...mai bholi si koi nakhra ni hai 😕😕😕😕,0,Abusive/Offensive
chutiya har kahi paye jate hai apne ap ko he dekh lo bharwe tujhe to name pe bhi masla hai k hindu name q nh muslim name q hai gandu,2,Religious Hate
 zakooota jin lg rha h mang k glasses pehn'ny wala😂,0,Abusive/Offensive
  its not a any kind of mind..it about the freedom..what kind of freedom they want..  maine jo likha hai uss par comment kro..yun close ended reply kar ke bhagao mat.,1,Normal
"well if supporting 's vision makes 'em call me a ""yahoodi"", i'd proudly accept dat. bec a ""yahoodi"" lyk #pmimrankhan (true follower of holly prophet) is way better dan dese stupid clowns who claim 2 b ""muslims"" & do everything da ""clerics"" used 2 do in da #darkages.",1,Normal
 adalati nizaam main insaaf k katta'an fukdana per kissay istefah dena chahiye ? (if any at all),1,Normal
rt : twitter par randi rona ka time hwa chata hi🤒,4,Profane/Untargeted
rt : daraz randi please stop scamming us please bharwi,0,Abusive/Offensive
"rt : selected azam, qadyani and yahoodi labi ka mustarka mohra "" imran khan """,2,Religious Hate
 ab b kar rhy hain mere hum naam,1,Normal
bharwe abu bolte hn ... hoes nhi ...,0,Abusive/Offensive
agar muslaman ho tu jawab do. ,1,Normal
    mery liye sbhi special 💕,1,Normal
 ap ny unfriend kyun kr diya snapchat pr ?,1,Normal
aur haar ke jeetnay walay ko bazigar kehtay hain..!😎,1,Normal
 yar enjoy krny ka tareqa bna liya h sb ny bs,1,Normal
" reporter ko pit kar yeh log kya sabit karna chahte hain, kya ine logon ko dar hai ki jo log dharne per baithe hain vah log zee news ke samjhane per kahin apna dharna na khatm kar den",1,Normal
 koi mjsy bat e ni krta,1,Normal
 zaleel hty hn ham...21 km 1.30 hours m aur itna tym wapis any m,1,Normal
         spelling tu theek kr lo ya phir seedha seedha #bhalu ko declare kar do king ye overacting ki kia zrorat hy 😏😏,1,Normal
jin ko hizab se nafrat he wo nangi ho k ghoome koi in pe thooke ga bhi nahi  aurat khoobsurat pure libas me lagti he mawazna karlen,3,Sexism
bc sidra perfrm kr rhe hai,4,Profane/Untargeted
ye mujay kisi khusray ka hand lag raha..😂😂,3,Sexism
abay saalay jisne nahe kia us per to ghussa na utar na lalay,0,Abusive/Offensive
 kashif esay mat bolain..😭😭,1,Normal
 😏😏 phir na kehna k tujhe warn nhi kiya tha,1,Normal
kisi b group mein add kr dety ho q bhenchodo tmlog k baap ka acc h?,4,Profane/Untargeted
lanat beshamaur sali tm pe kutti randdi,3,Sexism
 well done dude ...aukat dikha di dalle ko,0,Abusive/Offensive
hnss bad me lna pehly khilao ab😌 tera via fr jaldi ho jye ga😂😂,1,Normal
hawww😱😱when i smell i feel like dying dil krta hy public place pe thehr k usy gali dun 😡 ,1,Normal
🤣🤣🤣👍tu khudi agai,1,Normal
bhenchodo self proclaimed goat kahan hai🧐😤,4,Profane/Untargeted
aamir rundi ka bacha hai debute se,0,Abusive/Offensive
just look like questions to me not them saying bc is better just asking what others prefer,4,Profane/Untargeted
 jo hm sb dekh rhe h mgr ap pata nhi kon saa dekh rhe ho,1,Normal
ye bc mere ilawa sabse tameez se bolta hai 😤,4,Profane/Untargeted
taza taza news🤪🤪 btna ye tha aj se 2 din bad google  bnd ho jaye ga 😜😜 google  pe qatal wajab hogia hai 💡💡💡💡 🤣🤣🤣,0,Abusive/Offensive
yar srk ab eisa b hu ga 😂😂,1,Normal
trump be like bsdk tu maar k dikha maa chod denge,4,Profane/Untargeted
bhai work pay depend karta hai app member bany hai tou isf kay har trend main bharpur sherkat kare jub app har trend main most active hoe tou isf kay admin  app kaa name promotion kay liye day dain gay first work our sath sab isf members ko follow bhe kary,1,Normal
 aye andar andar say toota hoon mein🥺💔,1,Normal
good ans 🙊😂 wese aap ko betana bhe nahi chaye tha us ko,1,Normal
haa bahanchod or koi kaam nhi,0,Abusive/Offensive
chal bharwe,0,Abusive/Offensive
deleuze randi talk like a normal person bharwi please.,3,Sexism
tumhara teen baar ka tatpoonjia wazir azam teeno baar zalil o khwar hoa jo uski qismat mein hai..... beghairat itna hai k performance ka andaza is se bhi nahi laga raha k 35 saal mein aik aisa hospital nahi banaya jaha khud ka ilaaj karwalay....🖐️🖐️🖐️,0,Abusive/Offensive
bas yahi izzat ka izafah hi to is opposition bamah media k kissi ko pasand nahi ah raha. bhala itnay saloun say jisko yahodi kaha ....lose character sabit kerna chaha....usko phr bhi izzat hi mili jah rahi hay....yeh allah ki rehmat hay jo in opposition waloun pay nai thee.,1,Normal
rt : imams from the ahmadiyya muslim community at london bridge to offer condolences  #londonbridgeattack,1,Normal
aur tm lagta h halala se paida hue h jo apne desh se gaddari krte ho,2,Religious Hate
"we obc's dont need ur randi-rona.  reservations are not applied on social media . kindly do some hardwork and be a person known by everyone ,u will automatically get bluetick...  per nhi bc humay toh general walo ki tarah mehnat krne ki aadat kahan....  #bluetickforscstobc",0,Abusive/Offensive
maa baap ke baad sacha sirf aap ka shareek-e-hayaat hai ♥️ baaki aap ke aas paas jitne hain woh sab wahiyaat hain! ok bye! 💯🔥,1,Normal
tu sala haram ka pilla rape karne wala ka name bata rha tha mohammed. ab tere 3 aur baap sath me arrest hua ab bol ram wale bhi hai. subah bhonk rha tha mohammed hi hai rapiest. ab bhonk sale dalal. #justiceforpriyankaraddy,0,Abusive/Offensive
#idrees ik saal purana qissa hai ik larka tha deewana sa ik roz muhabbat ker betha or ab k sal ka qissa hai ab wo mazi ka hissa hai wo pyaar pe jaan ko waar gya or apne aap ko maar gya sare jag se jeet gya bas apne aap se haar gya 😂😂😅😅😅😅😅 ,1,Normal
hi mery gunaahon ki sza😑😑 ,1,Normal
"abay chor na randi.... paisay ke liyay tu kisi ko muh kya, kuss aur gaand bhi deti hai hai aur lagaati bhi hai!!!",3,Sexism
 gir gi thi uni m,1,Normal
" hope she will hold a banner. "" mera jism, meri merzi """,1,Normal
tu bhoshree ke jain nahi ho sakta.. tu kisi na kisi halala wale ki gandi padaush hai madarjat,2,Religious Hate
"randi k bachay tweet karna band kar, khinzeer ki olaad, kaafir",2,Religious Hate
  yes its a good bcoz votes divide ho kar opposite team ko ja rahay thay. #dostokadostsid,1,Normal
bety ka baap  azeem admi tha.,1,Normal
 yr  what iz this behavior?? mtlb k itni insult animals ke ufffff wajiiii ye umeed na the tm se💔💔😂😂😂,1,Normal
 chlo koe bat ni udas na ho,1,Normal
tm jeso ki jb g**nd mari jaye na fir tm log thek rehty ho bc k bachy jb wo yahoodi lanti marty hn na wo muslim dekhty hn air kuch ni dekhty baki tm na toh apni pesh krni hoti ha unhy.,2,Religious Hate
hopefully✌️😂😂 ab itna hi mazaaq hota ha 😅😅,1,Normal
  kuch to majbooria rhi hongi youn koi bewafa ni hota,1,Normal
 oh matlab abhe aap bhool geye hien usy keya,1,Normal
jinna wdda pagl utna hi logo ka brra hajoom ho ga us k ird gird akhta,4,Profane/Untargeted
abby shadi wale din b software banye ga 🤣,1,Normal
#dgispr #ispr #thursdaythoughts #pakistan #pakistani #karachi #lahore #islamabad #valentinesday  14 february ko jisay room chaya woh dm main rabta krain...,1,Normal
amma mjhse boht tang a gyi hain 😑,1,Normal
 refresh kar lo,1,Normal
tum log yahoodi ho kisi ko shuck nahi hona chaheye bus kafi hogae musalmanon ko aur dhoka na dou👹,2,Religious Hate
mooj masti ky din#rizwanchohan,1,Normal
ajeeb yahodi agent hain jo islam ki baat karta hai,1,Normal
q kasa diya .#coronarvirus bhai please bachoo is virus se #help karo bus ki.#godsaveus ,1,Normal
mujh sa sab nafrat krty han :(,1,Normal
is a mahachor & is his baap. both have  made the govt exchequer go into negative with their flights abroad. #gujjucommunity,0,Abusive/Offensive
hero detergent say aap is takleef say bach sakte hain.,1,Normal
aur pakistan k munafiq mullah  musalmanoon ko aapas mein larwa rahay hain  aik doosray pay qadyani yahoodi honay k jhootay fatway jari kar rahay hain.,2,Religious Hate
baher se haji andr se harami😡,2,Religious Hate
   ye to shuro sey hi bewafa hy yaad nai tumhey kia??,0,Abusive/Offensive
ma ny miss krr diya ma b hota 😜😜😂,1,Normal
hahhahha yraww 😺😺😺😂😂😂had ha ksmeee,1,Normal
   masallah bhen allah apko lambi zindgi dy ..me apka program dekha hai es se sabit howa ap ak ache khamdan se belong krti hain ...jb apne hazrat muhammad (s.a.w)ke nam pe angote chome us waqt mere dil se apke lia bhtt dunway nikli,1,Normal
date pe bill khud pay kro. #stopauratbarbadimarch,1,Normal
bhenchod  dallo saalo mar jao kahin jaake a girl is providing proofs and the reporters fucking say that the images and videos can be photoshopped and that it's a violent clash which could've been started by anyone,0,Abusive/Offensive
tu knsa active rhti kamini aurat,0,Abusive/Offensive
"ye jo tum bhaunk rhe ho na bandhu, yeah lalu yadav ki hi kamai h",0,Abusive/Offensive
bc inka anthem sun kr kaanon ka cancer ho gaya ha🤣🤣🤣🤣🤣🤣🤣🤣,0,Abusive/Offensive
rt : bc😭 mt mara kro usky b bchy uska w8 krry hngy ghr p😤,4,Profane/Untargeted
"he obviously knows nothing how ahmaddiya community has been systematically marginalised over the last 40 years. mosques destroyed, 96 shaheed in lahore mosque not long ago. check with fazal rehman before they take you away. check why salman taseer was murdered.",1,Normal
bhenchod tum logo ke pas kam dhanda nai he har wqt aashiqi mashooqi ka rona lagaya hwa hota he.,4,Profane/Untargeted
mei ny jana k kch log  hmry lye sirf itni kunjaish chorty  hn k hum un ki zindgi sy nikl jyn...,1,Normal
another anti national rant from halala girl.,2,Religious Hate
#rashamidesai tu randi moti apni maa ko bech chuki hai ...kisi aur ke hatho..to apni awkat ne rah kar game plan kar ...arhan to vaduaa hai...ram mandir ban rha hai na..but tu chud rahi hai kisi aur ka bister garam kar rhi hai,3,Sexism
ni tery jesay or ganjay jesy tatto ko phr mulk ka wazer azam bna den ? bhenchod bat sai se kr ni sakty kuttay jesi shkall uthaa k sahafi bny huye hen,0,Abusive/Offensive
 esa ghissa pita jwab tu e soch skta h,1,Normal
"aur tu bhikhari fukra, jo ek berozgar ki tweet pe jaakar tweet kar raha hai. bekar show hai tabhi tu ussi ke baare mein bhaunk raha hai",0,Abusive/Offensive
" ch. sb or apke tweets same kyun hote hen, braaye mhrbani naqal mat kiya kren ek dusre ki",1,Normal
zindge rahi to har sans tak pani ki bachat krty rahay gy inshallah,1,Normal
abe abe acha hoa convert ho gaye warna teri tarah gayain ka moot pee rahe hote gashti deya hahah,0,Abusive/Offensive
bhenchod aaj sirf roneka mann kar raha hai,4,Profane/Untargeted
family me kisi bachay ne 1st position le li to azaab ham jese mediocre bachon pe ajata hai :(,1,Normal
  yrr me hi ni bol pata aur log porn send kar rhe,1,Normal
 😂 koi ni khair hai mainy b phir ana apni sister ki degree lainy,1,Normal
 bs na poocho 😢😢,1,Normal
"gandu bsdk, caa me citizenship di jaayegi . films flop toh sasta nasha karne laga bc.",0,Abusive/Offensive
#ali kia abhi tak asif ghafoor dg ispr hain?,1,Normal
 hm nay ijazat di kr len march job rights ap mang rhe sochtay us par bhi lol,1,Normal
 hira agr aurat khud thek ho to meri behn kisi mard ki jurat nh us ki tarf attract ho.,1,Normal
"admission ke liye tumhare pass i'd hai ,free ka gas ,home and so many nrc me tumhe kya problem yadi itna hi problems hain to pakistan bhag bhodsri saali",0,Abusive/Offensive
"dekhein zara iss bewaqoof ko! isse allah k system pr bharosa nhi. khud screenshot le kr uss khuda k liye rakh rha hai jo puri dunya ka nizaam chala rha hai. ahmaq insan kya yeh sab allah k paas mehfooz nhi hoga, woh apke screenshots pr qayamat ko adalat lgayega kya? 😂",1,Normal
"jinko aap qadiani keh rahay hou wo ahmedi hee hain. constitution may kar diya naa non-muslims aur kya karen? aap bilkul bbi tolerance ki baat nai kar saktay aur logon ka humare liye jab aap khud kisi ka mazhab ki bunyaad par jeena haram kar rahay hou,",1,Normal
kabhi kashmir frosh lanti sazishi bayghart kanjar imran yahodi ko yad karwai ha ye bat ya munafikat k keray nay cata ha,2,Religious Hate
wese agr pmln government apni begrtian na dikhati jb uski bv pakistan shift hui ti.. usk pet mn 2 bcha ta r ap isk khoty ny uspr smuglng kay muqdmat bna k qaid krwaya r yahoodi agent kh kr mentally torture kia.agr kash tm jesy kutty tb bhonk lty to khan k bchy aj sath hty,0,Abusive/Offensive
mar he jay gy ak din!! tery bol sehty sehty💔,1,Normal
 ye real beauti hai ya filter beauty hai,1,Normal
en jysy logo ko har chez mai illuminati or yahoodi sazish nazar ati ha. jab kisi or religion ki insult hoti us waqt yh khush hoty ajeeb,1,Normal
   inki ainkain purani han jo utar nahi sakteen.need total transplant,1,Normal
nhi bay esa kuch nhi h bta ab kesa h,1,Normal
apne to ahmaq ko apne sath sone ka moqa diga tha apko to dub mrna chahye,3,Sexism
mil kar btau ga,1,Normal
mien ne jo place ap ne mention kiya hai us k baray mien baat nahi ki wo temple mount k pas hai aur graveyard hai aur yaha yahoodi aik murday ko dafan kernay ka million of dollars letay hien aur booking pehlay hoti hai jaga ki,1,Normal
rundi jub bhdi hoti ha tao woh kuti se b ziada gund kerti ha.,3,Sexism
tere jesi randi ko me chodta bhi nhi hu line ki baat kr rhi ha,3,Sexism
abey gandu.... nature nhi rahega to oxygen kisika baap dega ssab ko????,0,Abusive/Offensive
tu chup kar bharwe  apni ungli ka elaj bahar karwane jata hai or 3 bar k pm k khilaf bhonkta hai ja dafa ho... bc mc,0,Abusive/Offensive
mujhy tasaliyan mat do mujhy follow karo..🙄🙄 ,1,Normal
"janj parai de ahmaq nache,2015-05-29 12:12:00,kashmir",0,Abusive/Offensive
please sell up you yahoodi bastards,2,Religious Hate
 schi bt ki.. is m ilzaam kaha sy agya🙄,1,Normal
 inko seedhi maa bhen ki gaaliya se start kiya kro.. ..ye nalle h #mahirakapappuparas,0,Abusive/Offensive
gashti ka bacha begrat madrchod harami kutta kanjri nasal ka kuti nasal ka lakhon sperms ka namoona teri padiash py lanat sala son of pig...,2,Religious Hate
bc you’re so goddamn horny all the time,4,Profane/Untargeted
 q k bura wakat kci ka dost nhi hota😀,1,Normal
sense of humor nhi ha  me ne yahi akhaz kia in ki is harkat se.,1,Normal
 english stream ki link hai?,1,Normal
samby: mera baap pe bohot log rti lagaate hai.,1,Normal
but why pakistan don't want bajwa again ? why lawyers are protesting against #bajwaextention ? they have fear that if bajwa will get more time he will think about ahmadiya only ? or pakistan don't want him ? because he is kafir according to pak ?,1,Normal
   haha ab ye to  bhai ko pta ho 😜,1,Normal
rt : me: tumhary kitny bhai hain?? she: tumhy mila kr 3 hain me:,1,Normal
bc bhaar mein ja 🙊💃😂,0,Abusive/Offensive
pereira shoot you fucking piece of shit ffs bhosdike baraat aane ka wait kar raha hai kya bhenchod,0,Abusive/Offensive
 hahaha ap dil pe le gyi. me toh khalil ur rehman sb ki acting kr rha tha. 😂,1,Normal
 hye ye zindagi 💔😕,1,Normal
 20 june bohat se hain ab no one,1,Normal
chal be bharwe faltu ka credit le rahe,0,Abusive/Offensive
psl key randi roney kam they soucha apney kr lun,4,Profane/Untargeted
   pata chalega aista aista 😂😂😂,1,Normal
 wo b theek tha,1,Normal
 . -. iska kia mtlb hota,1,Normal
"jahan auratmarch k khilaf buhat sy objections lagy, high court ny faisla diya k aurat march k slogans auratoun k haqooq k lye hein or shariyat k mutabiq hein. #auratmarch2020 #auratazadimarch2020 #auratmarchlahore #auratmarchmultan #feminism #auratazadimarch #toptrending",1,Normal
randi in mandi kutya tu bhi reham bn rhi h madarchod gshti minten kr k pic bnwati ho aor phir bkwas krti ho u bastrd,3,Sexism
 mahira ki maa bhi boli glt uski bhi bajai or vo bhi line pe aa gyi 😂😂😂🤣,1,Normal
muk gaya tera show go yahodi go and go bajwa go to jail,2,Religious Hate
'hamein toh pata hi nahi tha': virat kohli trolls ishant sharma on instagram - the new indian express ,1,Normal
 lo g ya to kuch b ni hai tum nay bht bht baray karna may dsar a jam dyea hai,1,Normal
ki maa ka bhosra why promoting rashmi,0,Abusive/Offensive
saali jo religion ki kadar na kree emotions ki kya kreingh,0,Abusive/Offensive
 mene to phly hi bola tha ab yaqeen ho gya manu😐😏,1,Normal
rt : abey o andhey baaki ke 3 hindus tere baap hain kya ? issmein bhi tujhe religion chahiye ? aur tu advocate hain ? sick mind,0,Abusive/Offensive
"in a country, where ahmedies are questions about their religion, then jailed for using islamic terms, you should expect such questions..your response tho, is unexpected coz if an ahmedi had said something like this,s/he would have been virtually lynched,bigotry deluxe",1,Normal
awam ko nufrit he ch nisar se ,1,Normal
nahi main us ki aap ki drafted tweets karne pr hansa hoon,1,Normal
tu hijra hai kiya??  ooo theek teri profike pic btatai hai jaakr mujra kr tere baapon k saath,3,Sexism
  tum door rho,1,Normal
 apni profile pe share karni thi.... tumhain karta raha... yeh hang over bari gandi chezzz,1,Normal
gaand mara rhe hain saale... bc sidharth ke fans hain.. lekin rona dhona aur fakeee cheezen pasand hain inhe,0,Abusive/Offensive
apki khuwahish baja lekin insan khailny ki cheez nahi huty.... :),1,Normal
 as it should be. mtlab apni marzi hai. unnecessary pressure na daalna chaiye na aana chaiye. good job ❤️,1,Normal
 allah kary ab ye record na toott ksi se ameeenn sumameen sid winner hai #sidharthshukla #aslifans #bb13onvoot,1,Normal
rt : failed charges so far against imran khan by opposition yahoodi agent selected qadiyanni u-turn master taliban khan etc et…,2,Religious Hate
"ye ahdees ksi book m nahi ha, sanad ka itbaar sa b zaeef ha ",1,Normal
 aap jaisay jin band hoin gay tab hi awam ko relief milay ga sir.mazarat kay sath,0,Abusive/Offensive
rt : asa kon ludo khelta hi bc ....😇,4,Profane/Untargeted
"well so what you want stop praising businessmen which are most important for economy just because they have wealth, what will happen if all the billionaires call a strike together and fired every employee a massive employment cruises.",1,Normal
 bachy ap k din nazdeek aein hai naah😂😂,1,Normal
dekho tmhri sakhi randi naach kr rhi h r baad me randi rona krti h,3,Sexism
 nhi g ap sab nhi janty🙊😂😂,1,Normal
rt maaro sab isko jaldi ,1,Normal
 ap aurat march k haq mn hn to malala ko pakistan bhjo or poster de do lo beth gy thk se...ya khana garam kr dogy bester khod krna.,1,Normal
chali saali maa ki beti lafnder same tere jaisi hai vo,0,Abusive/Offensive
 besharam to ab wo hain jo ab bhi in k followers hai,1,Normal
opening record bhi toh chahiye bc bachchan pandey solo xmas pe 45 kr legi but udhr clash hai,4,Profane/Untargeted
"😎🇵🇰😎 you are right, ye ahmaq following ko bay-waqoof bana raha hay.",0,Abusive/Offensive
 mn ap sy tameez sy bt kr raha hn bhai jan ap mujhy majbor mat kro ap ki trah jawab deny mn,1,Normal
to parh rhy hm ye 😂 and ye tm logon k hi kam aana ha future ma,1,Normal
dear i have marathon relations and discussion with ahmedis.  i know ahmedis more than ahmedis. so plz be sincere to urself and reevaluate ur beliefs. i reiterate if u r ahmedi u better know what i mean. i do not want to share any despicable material on social media,1,Normal
jahilon wali batn mat kro.. bkwas tum kr lo jitni krni hai... jb qyamat waly din un se samna ho ga to phr tme pta chly ga k wo kahan pr hn or tum kaha pr ho.. jannat k sardar hn wo tm kia ho?? tum hoty kon ho un ko bura kehny waly...,0,Abusive/Offensive
"i wanna send you a video of how the iran backed militias have shot a teenager with a gas canister in his head. is that save? you son of a bitch, why don't you move your ass to iran if you love the situation there so much? echte sukkel ben je, khak bar sared ahmaq",0,Abusive/Offensive
 din guzra tha bari mushkil sy phr tera wada e shab yaad aya beth kr saya e gul mein hum boht roye jab tu yaad aya,1,Normal
apni ami ke tits bhi post ker na. i'm in love with milf. 20 rs mujhse lele or apne bagal saf kerle bharwe  #iamrabipirzada,0,Abusive/Offensive
rt : at the end sb aap ko choor jaty hain...  moral kisi ko bhi apni life main importance na do sb fake hain...😑,1,Normal
sssss...sali bhenchod tere inn mammon ko masalte hue teri iss gehri nabhi mein apna lund pel dunga kuttiya chal inbox me msg kr,3,Sexism
apny baap ki mehangai ka b zikar kar yahoodi khan k supporter,2,Religious Hate
do you eat badam and akhrot how has that affected you.,1,Normal
rt :  sakht randi rona,4,Profane/Untargeted
"abhi subah doodh lene gaya toh 2 uncle thank u bol rahe. but the main concern is has it become this easy? to just molest a girl, bas bhenchod ghumte ghumte aaye aur touch kar ke chale gaye? i can still hear that little girl shouting when this happened. she was so frightened.",4,Profane/Untargeted
 bhai! nai kraan gy. bs tu khush reh,1,Normal
ye  khud ka image clear karne aaye hai  phele apna breakup ka clarifications then controversy ka....  listen dear abhi kuch aur clarify karna bacha hai?  #biggboss_tak,1,Normal
nakhry uthany k lye charsi banny ki zarort nai 😝,0,Abusive/Offensive
"   hahahahahahahahahahahahaha wah kia mast joke mara hai ke ""hum dosre country pe ziada concentrate nahi kartay"" 😂😂😂😂 as if we don't know ke tum log kitna concentrate kartay ho specifically pakistan pe😂 next joke please 🤣",1,Normal
teri ma ki saali raand ,3,Sexism
haaan danday sy akhrot torany sy adhy sy zyda zaya ho jata hai :(,1,Normal
ab josh josh mein suicide bhi karle bc...,0,Abusive/Offensive
bhai apko vote bhe ik ka mila ha otherwise ap independent candidate ky tor py election ma participate kr ky dekh len,1,Normal
lord tariq ahmed an ahmadi uk foriegn minister coming to ahmaddiya mosque japan.,1,Normal
  namona kehni zroort thori wo to sab ko nzr a hi raha hai😂😂😂,1,Normal
lekin mai de rha hu na bhaukne.....puri raat bhaunk... joe joe se bhaunk....apni puri kutti family ko le aa bhaukne ke liye...itni aasani se mai bhi na jaane dunga,0,Abusive/Offensive
"it's not babbling, it's truth.u don't hv any answer for this. na, seriously tell me, america bombed the afghanistan most in19 bt u can't utter a word against them. they killed thousand of afghanis.did cat got ur tongue?hr wqt pakistan ka rona roty ho jb k america ko kuch na kh sky",1,Normal
joke apart idea bahut badiya hai aur kaam bhi karega,1,Normal
saali ka number pass karo,0,Abusive/Offensive
 😂 😂 😂 😂 google hi ni sath de raha...... bismillallah tu kr li huwi,1,Normal
usman saeed randi kay bachay dil karta hay kay tumharay manhoos face par peeshab kar do,0,Abusive/Offensive
 zara noor mera jism mere marzi ko support karti hai 😥,1,Normal
rerrhii mt lgaya kr na glasses ki tu ,1,Normal
 ufff keya fazol libas he .tum seyasat. dan ho ya model,1,Normal
😂😂han boht tang hoon mein toh lekin keh bhi kya sakti hoon🤦‍♂️😂😂,1,Normal
"brave girl.... carry on.. baqi neechey jo kuttey bhaunk rahe hain, in ki parwah mat kijiey...",0,Abusive/Offensive
tw kaafir tera peo kaafir tera pura khandaan kaafir ooo churry trump🐱🐱,2,Religious Hate
g sab yehi kehtay hain imran khan aur ab tu youtheees bhi kehna shro hogae hai niazi planted khota hai,0,Abusive/Offensive
   me ny apko s/o dia ap inko do chlo shabash,1,Normal
yeah we should  warna raaz khool jai ga,1,Normal
ghr sy nikalny sy kia hoga my dear wazer e azam sir plz kuch practical karain yh sirf humain takrerain hi krky dekhani hain bht umedain hain apse plz kuch karain hum apke sath hain....❤️,1,Normal
rt : bahadur baap ka bahadur beta 😆,1,Normal
bhai chod do is bhikaari ko kyoon apna wait zaya kar rahe ho ashramshaap hai ye 😂😂😂,1,Normal
 kis ny kaha 😑,1,Normal
yr us sy mjhy phly e khatra  tha or bc ny wsy e kia 😑,0,Abusive/Offensive
ja na be k*tte... kahin aur ja ke bhaunk le,0,Abusive/Offensive
oye lakar k khusray tera bagora leader nawaz dako dhood shehd ki nehriyan ni chor k gya tha,3,Sexism
😭  your cheap show filled with negativity & disgusting people is running with a great trp just bcz of happypositive girl #shehnaazgill  y are trying 2 ruin #asimriaz & #shehnaazgill why? bc they ain't face of ur chanel they are outsider #openthegatebb if u have guts 🖕🏿,1,Normal
 aagey jaa kr dekhna main he kaam aoonga😛😛,1,Normal
nhi walid sabh ne wo aksr tumri maa sey milne aty te.,0,Abusive/Offensive
buht zaberdast choice ha apke 👌,1,Normal
yar yeh kya haram pana ha...banana state bana kar rakh di ha... aik billions of dollars loot kar bahir ja raha ha mazay se aur aik beghairt ne yahan naak main dam kar rakha ha... sach mn yeh banana state he ha😏,0,Abusive/Offensive
usay apne rishton ki fikir thi wo jo mera waqif-e-haal tha woh jo uski subah-e-urooj thi woh mera waqt-e-zawal tha  meri baat kaisey wo manta mera dard kasiey wo janta wo tu khud fana k safar pe tha usay tu rokna b muhaal tha,1,Normal
 kdhr the tum 🙄🙄,1,Normal
bahaaaro phool🌹brsao mere bhaiya❤ae hain😘 welcome😍bhaiyajani❤ bohttt miss kea apko😔 aj itny din bd live  bhai k show me dykh k dil ko tsali hui ese ek dum gaeb na hua kryn plz slamti ki dheron duaien💞,1,Normal
jalta hai bc😂,0,Abusive/Offensive
ghum k maray hain sub ,1,Normal
phudodi  randi  tum  ho hi  ghadar  be gherat  bar  bar  jhote,3,Sexism
 nhi mai kiu jao ap jany unka kam jany mai to kisi aur kam k lie gyi wo to muj sy mashwara manga tha unho ny to apka name suggest kr dia mainy 😂😂😂😂,1,Normal
your leader  is hijra that's why he is not living with his wife.,3,Sexism
 camp office kiya hota hai?,1,Normal
😂😂😂😂 is dfa ghr jay ga tu okay krwa li yeh wla scene  🤣🤣🤣,1,Normal
"jab tum nay ahmaq ko apna oper charnay ki ijazat di thi tab????? gandi orat,",3,Sexism
koi aurat tweet kry to thousands of thousands fav.  dety hain mard. r abhi bhi woh kahti hmy apny haqoq chahiy. r ktna haqoq leny hain 😇😉,1,Normal
 lol sana zabardast thi. maine season dekha hi uski wajah se tha.. baki sid bhi achha nahi lagta mujhe,1,Normal
  wah aya ap k pas r mubark mjy ho😟😂,1,Normal
    baby thoda time nikalke achhe se dekh,1,Normal
  interact ni krta tu han,1,Normal
we are supporting #islam and thank you #khalilurrahmanqamar for your beautiful comments against #gashti .  agar ye #aurat hoti to na me aesi zuban use krta aur na koi gairatmand #admi use krta.,3,Sexism
 jali na teri jali na😂😂,0,Abusive/Offensive
 ok me ja ra,1,Normal
yahoodi agent ki shakal dekhi he ak gadhe jesi shakkal ko aap chand se mila rahi hen salute krta hun aapki ghattiya soch ko😁😁😁,2,Religious Hate
madar chod. teri maa ki,0,Abusive/Offensive
mtlb ab se sims k functions ka allah hi hafiz ha 😂,1,Normal
 f😂😂😂 pta tha mjy,1,Normal
what will be the position of bakwas as he is an ahmadiya not considered to be a muslim in pakistan. a non-muslim cannot be an army chief.,0,Abusive/Offensive
abe chutiye suar 🐖...wo jab dawa kiya tha tab tera baap tha wo aur aaj jb tu bol rha tab antonio teri ammy aur powar tera baap h,0,Abusive/Offensive
phr tu bs thk ha thk krti 😜😜😜😜,1,Normal
bhosdiwale chachd tu pehle gsmr chod bhenchod,0,Abusive/Offensive
ye halala gang ko pata hi nahi hoga ki abbu kaun hai,2,Religious Hate
 bilkol theek kha ap ny,1,Normal
aap kaisi hain ?,1,Normal
tu ladka hai ya ladki hai ya pahle proof kar bad mein degree show karne ko bolna tu ek number ka hijra hai pahle apna dik photo dikha 😆😂😂😂,3,Sexism
na na zara b busy ni hoga 😂,1,Normal
 umar se pehle hi buddhe ho chuke hai😂,1,Normal
chup kar madarchod gashti ki nasl randi ki pedawar gandgiri ki malika gand pakar idhar apni,0,Abusive/Offensive
kanjar ka bacha ye do alag alag jahaz ki pics hain bharwaa rundi ki aoulad,0,Abusive/Offensive
sikh yahoodi qadianio ka yaar imran niazi no more,2,Religious Hate
bhenchod itne intellectual kahan se aa rhe tl pe,4,Profane/Untargeted
merey sey shadi ker bhi ley ab bharwe,0,Abusive/Offensive
 akelaa rehta hu,1,Normal
 uske youtube pe ja k kaho keh me krti hu ilaj,1,Normal
" iss pr thokney se thok khrab ho jaye, ye bazari aurat ki tra issi qism k alzam lga sacti.",3,Sexism
  khud tu papa ko gaaliyan de rha he or sath parwarish ki baaten chod rha he,0,Abusive/Offensive
 bhai tujh rok bhi kon raha hy ja zra jaldi ja na,1,Normal
    ye to bohot shocking tha...hmey to andazaa hi nai tha k tmhara damaad captain ho ga....vesey is baar phir koi opposing captain to nai ho ga na bcz vo to sirf tmharey damaad k dushman ki captaincy ko kharab krney k liye tha #asimriaz,1,Normal
 ap nay ye tou share kardiya lakin wo news share nahi ke jis may aik beti nay apnay baap ko qatal kiya ku kay wo uskay yaar say milnay nahi dyta tha ye hai asar mera jism mere marzi ka.. or han ap apni behn bv or beti ko zaroor ourat march may bhjen,0,Abusive/Offensive
"our pti per mukamal pabande lagayi jaye foj ko kashmir bhija jaye propagandist anchors or tweeter accounts ko ban kar ky unky holders ko d-chowk my latkaya jaya perni chod, bhen chor, nashai podre u-turn jali selected niazi or selector ko sari aam sangsar kia jaye",0,Abusive/Offensive
oh bhai yahodi egandy ko parmoot mat kro,1,Normal
itna koi baighairat hai abhi tak tweet delete nahi kiya.... ,0,Abusive/Offensive
 meiny to koi dhamki nhi di bs possibility btai thi k aisa ho sakta tha….but hua to nhi na....😂,1,Normal
koi pagal kahy koi jahil koi yahodi agent... but we stand with kptn till the end. inshaallah💓👌,2,Religious Hate
khaaamoshiyaaan teri sunun aur dooor kahin na jaaaun meeen,1,Normal
rt : fuddu log bhenchod,0,Abusive/Offensive
sab log is bhenchod ka account to report karo. easily report ho jaye ga for fake name or something.,4,Profane/Untargeted
"i don’t think i have focussed on any other countries either over the past 3 weeks. and yes it’s mass murder on syrian kurds and yezidi, ahmadiya and minorities in pakistan and yemeni’s, your tweets on that?",1,Normal
 ohhh molvi sab ap great ho👌😉,1,Normal
itna kyo bevajah bhaunk raha hai? aaj it cell se dog biscuit nahi mila? ki jinhe tune tag kiya hai wo tujhe arrest defamation k liye uthane aa rahe hai?,0,Abusive/Offensive
mere se randi rona ni hota na 🙂,4,Profane/Untargeted
bharwe ganjy k dalal,0,Abusive/Offensive
"a wise man once said: ""ik din tu na milega, tera naam phir bhi rahega"" 😭😭😭😭",1,Normal
kia howa hai aap ko allah bless and protect you  aameen,1,Normal
 ek tou m bhang piyun aur wo b bwp ja k 🙄🙄,1,Normal
 aurat means 4 diwari.. if you don't cover yourself. you are not a women...😒.. jab koi bat nature k against jati ha tabahi oska muqadar banti ha.. for god sake.. respect yourself,1,Normal
tou phir baji dedo usko apnii kisii nachnay wali aurat k bachy😠 difference b dekh k psl ka season 5 h lakin ipl psl sy pehlay ka start h jb psl ko itny saal hojaye gy tb compare krlena,0,Abusive/Offensive
fazlu rehman and mahmood khan are still on the container.... and we get angry when they call us 'akhrot'😁,1,Normal
 stop it na jaiz bacha jo apny father ki shadi ke 3 months bad paida hua,0,Abusive/Offensive
lado bhenchod aapas me,4,Profane/Untargeted
ha ma yahe kam karta ho bs 3 din rah gay,1,Normal
teri maa chod dungo noorul beta,0,Abusive/Offensive
acha ab aesi shakal mat bnao.. 😂,1,Normal
bhenchod itna drama 😐,4,Profane/Untargeted
awais bhai please aaj promote kr dijye ga. main 100% followbacke deta hon.,1,Normal
 as a singer ap muje bohat psand the per ik ki mukhlfat me ap andhey ho ker jo ap keh rahe ap dil se utar gye jawad bhai ,1,Normal
"aur saaray ahmaq pakistan say...,2015-11-13 16:49:08",0,Abusive/Offensive
 🤣jany dou ye bas follow back k chakar mein aty jaty rehty hein,1,Normal
"people threaten him with stoning, call him apostate, accuse him of blasphemy, label him yahoodi agent, incite violence against him, abuse his dead mother ex-wife but our media, twitter woke just smile indulgently and when he says something sb foran politically correct bn jaty hain",1,Normal
jab se ye bacha lahore ki zindagi mein aya hai lahore 2 match jeet gayi hai.,1,Normal
 ji bilkul ...tery jism k pass aa k ham ny behosh hona h,0,Abusive/Offensive
rt : main kaun kesi shahzade ke dil se khelon main tu khud ek shahzade ki behen ho 🙊🙂😌,1,Normal
as a nation ham sick minded people ho  chukay hamari priorities main leak videos ko phailana dekhna logon pay nazar rakhna joothi umeedain or doosron pay yahoodi honay k fatway or gaddar kehna,1,Normal
"all 3 major islamic parties will soon merge to create an islamic revolution on same lines as iran to overthrow  over his callous actions. if their activists are arrested or stopped, it will only make situation worse. i told ahmaq khan to reconcile with ",0,Abusive/Offensive
 ab pure pakistan ki avam telenor ke director ke liye fund ekattha karen jo inhone logon ke bakaya jaat wapas karne hain 1-79511047261,1,Normal
main kaun kesi shahzade ke dil se khelon main tu khud ek shahzade ki behen ho 🙊🙂😌,1,Normal
thk kia mafi mang kar dekh liya na ma kia cheese hn fahad bhai ki craziest fan in k khelaf koi bat nhi sunti ok😏😏😏,1,Normal
ye mard nai hijra lag raha vishal mera ko😂😂,3,Sexism
  ayeee...mera dimaag maths ka kharab kar dia 😂sholyyy daac saab,1,Normal
 jb main mota tha  mery sath bhi aisy hota,1,Normal
 sahi boli hai sana bandi mast hai ye #fightabacksana,1,Normal
 wo pehly chati thi,1,Normal
sara hi kanjran da tabbar lagda mia ne tuhadi bhen nu land dita he madar chod ki aulado youthio bharwo pti k dallo lanat ho tum per,0,Abusive/Offensive
meri hi koi dur ki bhen hogi jo phone chod k ghumne nikal gayi. hahaha 😅,1,Normal
"poblem with the 'randi bhadwi' joke format is that one can only be either of the two as the two jobs are on the same spectrum but mutually exclusive. sex workers do not possess autonomy over their own bodies, unfortunately. if only they weren't pimped, trafficking would decrease.",1,Normal
"tumko tu yh b maloom nhi dharny ka asl maqsad kiya tha? bhala fazal rehman k hoty huwe koi yahodi agent kesy ho skta,?",2,Religious Hate
 chalo phr kya tension tmko mere tu followers kaam hu rhy 😥,1,Normal
aj kal aise log hi sir hain jinko apna nahi pata,1,Normal
😂😂😂😂bhenchod kuch neta to pani se electricity alag karke pani ko kamjor btate hai 😂😂,4,Profane/Untargeted
"hogai izzat? mera jism meri marzi jc ghaleez or ghatiya terminologies hamare muslim muashrey me dene ki koshish me aapki so-called,vahiyat or ikhlaq se giri support ko khud ne hi reject kardiya.  apne yahoodi gods ko khush krne k liey kuch or karien",2,Religious Hate
 filhal to koi nahi,1,Normal
bhenchod pyar dil se hi q hota hai liver se q nahi ho sakta.,4,Profane/Untargeted
wah g.....bht bra maarka mara hai aap ney to...🧐🙌😎,1,Normal
haath se toote.. moong phalli akhrot bolte yahan.,1,Normal
pagal yahodi daboo imran chore zakat khore,2,Religious Hate
sorry agr apko bura lagy but ye hi tu ajkal ki reality ha agr esa nhi tu batye .divorce ki percentage jo ladies ki traf se file ki jarhi ha almost 95%,1,Normal
rundi ronay nahin khatam hongay inkay...,0,Abusive/Offensive
oh my god we don’t. nobody misses her. bandr vargi ik dm juthi jayi!,0,Abusive/Offensive
 opps then mere leye hai 😂,1,Normal
"    ohh bhai centi q ho rhy ho? ap ko kis ny namak haram bol dia? rather ap ny pehly ye lafz use kia.. genuine issues py hi bat ho rhi thi mgr kafi lambi nikl gai bat. 71 k issue""idhr hum udhar tum"" ko hi to addrs krna chah rhy hain.",1,Normal
yaar mujhe koi goli maarde bhenchod,4,Profane/Untargeted
"i laughed. ""what the fuck are you laughing😂 at?!"" at 😂🤣you, maadher chod, teri ma ki choot. ""oh, where did you learn this language from 😱, pakistan 🇵🇰?"" it's okay, if you don't understand it. i'm not going to teach it to you.👩‍🏫 ""your house is going to blow up."" 🏡💣💥",0,Abusive/Offensive
rundi ka bacha teri maaa ki kus kanjri ka beta tahir,0,Abusive/Offensive
a false accuser can at best falsely accuse everyone she knows f imaginary crimes. hunter bol rahi hai apne aap ko to chaud mein likh na. ye peeche se kya dick dick bhaunk rahi hai. aaja gurgaon court mein documents dikhati hun teri bakwaas disprove karne ke liye evidence ke saath,0,Abusive/Offensive
"randi gul patakhi,,,,hareem shah se umeed rakh",3,Sexism
aj to tu rat bhar soyega nhi  aisi maa chodi h tere maine 😂😂😂 or teri bahen ko mere bhai na chod dala 😂😂😂😂 ab raat bhar tu pglayga yhi soch soch k.  aj kaha fas gya mai.  bhai suicide mat krlena 😂😂😂 bahen ko mere pas bhej dena,0,Abusive/Offensive
mahira to asim : tu chai me mooh doobo ya uupar fenk.. jo marji krr🤣🤣🤣🤣🤣🤣  #biggboss #mahira,1,Normal
" kuchh bhi kar le, toti bhi out of market ho gya ha",1,Normal
kuch bhi bol do na.... aukad hai toh doctor banke dikha behen ke kate hue lode muh me tatti daal apni randi maa ki madarjaat.,0,Abusive/Offensive
wo bc kanjar haijra hy,3,Sexism
jb koi lrka kahy ga** mjhy khny dain😂😂,1,Normal
kuttiya saali🐕🐕🐕🐕,0,Abusive/Offensive
ap eidi ni ..dua krna wo bhtt hy mere leay.. baki allah ny bhtreen he kuch krna .. wo janta hy kesi bandi apko deni hy jo apk sath chal sky 🌸 allah fit he kry ga in sha allah behan ki duaien ap k leay bhtt sari,1,Normal
 mai cute nahi hu kya 😢,1,Normal
beta 24 ghnty me se 23 reh gay hen ... bnao wrna acc urwa den gy😌,1,Normal
raatein dengi bata neendo mein teri hi baat hai bhoolun kaisay tujhe tu toh khayalo mein sath hai💞,1,Normal
 hahaa hi dear gorgeous sath main,1,Normal
  mistake hoga bhai aise nahi hota,1,Normal
waiter: sir ye raha bill me: ye lo paise waiter: sir tip? me: bhai kabhi ladki ke chakkar mein mat padiyo.,1,Normal
" tm jao ma ni ja rha, pehly he adhi zindagi saffr mein guzr gai bc meri.",4,Profane/Untargeted
sorry yar muaf karna mujhay nai pta tha k wo bayghart rishtay may tera najaiz abba legta ha wesay tu khud apny abbay ka dushman ha q k asli abba tera koi patwari he ha baki imran yahodi bayghart kashmir frosh say to teri ami jan nay taste change kia ha imrani tati,2,Religious Hate
🤣🤣🤣👍🏻.  ye he hal hy ... aak din media ny rona hy k mithiye nahin mil rahi ... ye riyasat madina hy ?   imran ke wajha se mithiye nahin bani 🤣🤣🤣🤔🤪 ,1,Normal
ye teri maa ke yaar ka naam ni lkha huwa no 3...gandi nasal ka hathi..,0,Abusive/Offensive
stop with the dms bhenchod one at a time,0,Abusive/Offensive
rt : criminal salman jail jao bhago bhenchod,0,Abusive/Offensive
sakoon sy sonay b ni deta ye farooqa .. khwabon me b drata hai...,1,Normal
 thk hen. sab,1,Normal
"kahe pichware se akhrot todne ki kosis kar rahe ho chacha ..gaan chhil jayega,",1,Normal
"jo loot rahy hn aur kar kuch nahi rahy onko bolo, aik extension k liye poray nizam ke maan behn karny walon ko ghaliyan do, yehi tu wo laanat ha jis ny is system ko barbad kar dia ha, jub waqat pora ho ghia ha tu jao maro kam karo, aik pm 2 sal poray nahi kartabti katny a jaty hn",4,Profane/Untargeted
don’t know that ahmadiya are not muslims according to 99% of muslim scholars 🤫,1,Normal
oy hoy #kanoon to apni jaib ki randdi nikli  mr  .....😡😡🌜😡🌜,4,Profane/Untargeted
bhenchod gandu tujhme sharam h ki ni. madarchod randi ki aulad h...koi sunta bhi h teri kutte...,0,Abusive/Offensive
 husan ki tab tu le aye ab teri ankhe na mar dale ab,1,Normal
bhag bsdk ke charsi,0,Abusive/Offensive
ab mere sath betho me apke munh pr duct tape lga kr bithaon ga😀,1,Normal
me khud baloch hun or lanat bhejti hon tmhari akhrot jesi shakal pe lanti😂😂  balochistan bnana hai tu india me ja k banao hmare balochistan me gandagi mat phelao🙏,0,Abusive/Offensive
sirf namazon se kuch nhn hona. jo doosron ko qadiyani aur yahoodi kehta hai uski namazen kisi kaam nhn ati hain.,1,Normal
madarzat porkistani rundi aur bhadwe ki aulad apnee badkaum aur rundio ke mulq porkistan kee halat dekh. behen betio aur mao ko arbio aur cheenio se chudwane wali bhikhari kaum. rundi ki aulad bheekh aur bhadwagiri par palne wali madarzat kaum ka naam hai porkistan.,0,Abusive/Offensive
 meray crush ka toh naam bhi nhi pata mujhy..☹️,1,Normal
sharam tum ko magar nahi aate kyo nahi ye aurat march to hai he ap logo ka geo walo ka kyo k israil se jo paise milte hai agar ap k baite ya wife nahi jai ge to ap to apne aaqao k samne sharminda hoge aur apne baite ko ye poster zaroor daina mere jism mere marzi hamid mir sahab,2,Religious Hate
 haan chalo koi nhi inshallah we ll meet somewhere some day,1,Normal
itni restrictions mujh pe mere parents ne nhi lagayi jitni twitter laga chuka hai. wtf,1,Normal
nice akhrot,1,Normal
"you can threaten him with stoning, call him apostate, accuse him of blasphemy, label him yahoodi agent, incite violence against him, abuse his dead mother - our media smiles indulgently.   imran mimics bilawal. our media: haye haye vey main luti gye, haye haye vey main maari gyi.",1,Normal
hahahaha.... abey saalay😂😂😂😂🙊🙊🙊,0,Abusive/Offensive
   kiun rastey my tum thi kia???,1,Normal
rt : khuda maut de tjhe bharwe! lash bhi na milay teri chotiay,2,Religious Hate
koi excitement ni a bday ki. i don’t wana grow old.,1,Normal
"bhag madarchod saale chhinaal ki aulaad,  saale randi ke chode,  bhenchod, madarchod,  lawde ke baal",0,Abusive/Offensive
bhenchod bikao saray k saray,0,Abusive/Offensive
"bad tehzeeb beghairat insaan kabho quran parha ho to tujhe pata chalay k kia jaiz hai aur kia nahi!   ahle kitab se shadi jaiz hai jis me christians aur yahoodi b ate hain! kaafir mushrik se shadi mana hai!   kuch pata b hai tujhe?? bakwaasnkrwa lo bas wadda philospher rehnda ni,2009-12-05 12:13:17,lahore",0,Abusive/Offensive
 yes yes yes yes yes yes ab ap jo itna pyar sa bol rahi ho to na to bol nahi sakta,1,Normal
yehi to baat hai. wo haq pe khara rha tum munafiq mufadaat kelie bik gaye beghairt. wo kal bhi tumhari band baja rha tha aaj bhi baja rha hai aur in shaa allah agle 10 15 saal tak bajayega.,2,Religious Hate
bhenchod shahrah-e-faisal ke aagay bhi ek poora sheher hai,4,Profane/Untargeted
rt : bhenchodo cricket ki tweets mat kro,4,Profane/Untargeted
 yr ye har larki ka yehi q masla hota wardrobe kholo tou tm logun k kapry gir rhy hoty🙄,1,Normal
  haan reh gaya hai tum jaise gaddaro ko pakistan bhejnaa...allah se dua karte hai jald hi hoga..,2,Religious Hate
 tumhe kya prblm hai ye btao,1,Normal
 o wow yh to main ny socha e ni😂,1,Normal
bhue khareed kha lo naa bhenchod ajeeb loru awam.,4,Profane/Untargeted
  mry koi doubt ho raha 😑😂😂,1,Normal
its equally painful when he is labelled gustakh e rasool/yahoodi agent/kashmir ko bechnay wala and what not for 2 continous weeks yet didnt saw u r single tweet where u felt such embarassment,1,Normal
tu bhi randi hai ...yeh poll to kra,3,Sexism
 ap boht acha kam kr rhi ho mashaallah lekin plz koshish karain social media pe kuch arsa time na den jb tk ap umra pe ho,1,Normal
rt : chal dil mere chorh yh phere  yh dunya jhooti log hain bharwe:),4,Profane/Untargeted
randi gandi imran ki bandi,3,Sexism
"twisted minds keh kon raha hy, hijra 🤣🤣",3,Sexism
randiyon ko discuss kia jata hai,1,Normal
 abhi tk to kuch ni sikhaya agy b irady ni in k bs lgta degree dy k nikal dain gy😂,1,Normal
 axha hai qrona virus say bach a chahy 😂😂,1,Normal
rt : hum pehly se zyada harami ho gaye😁😂,4,Profane/Untargeted
to tu bana le na chutiye yahan pe kyun bhaunk raha hai ..,0,Abusive/Offensive
akhroat 🧠🧠brain 😜🤪😜,1,Normal
shukr ha walid ni bol diya. ,1,Normal
 hahaha ni bs dhant prry gi wo to kha loon gi 😂,1,Normal
"bro hum bharat me rehte hain. shia sunni ahmadiya pashtun hamare army me bhi hain.  dekh yaar mai phir bol raha hoon. army pe nahi, army control karne wale pe nazar rakhna hai. army buri nahi ho sakti, lekin leaders ho sakte hain.",1,Normal
 accha chalo sahi hai nahi karen ge,1,Normal
" mam jism allah ka us nay banaya khubsoorti say wo khud quran may kehta ha yeah ebadat k leaye ha but yeah women kehte ha k apna khana khud garam karo, or tumhra khana garam kar dia ab buster khud garam karo #werejectmerajismmerimrzi",1,Normal
bright sab right kar de ga.,1,Normal
 jao mere se bat na kro 🥺😏,1,Normal
   mam  1.5 yeras ma nab ko tu koi saboot nh mila paragon society k related qaiser amin butt ko bhe wada maaf gawah bna k dekh lea jo bd ma munharif ho gea agr apky pass kch ha tu ap ja k sabit kr den courts ma,1,Normal
  meny fix krwai thi ab ye bhagny wala ha ghr se bhai is py nazar rakhein mera farz tha inform krna meny kr dia,1,Normal
  koi bt ni 😂😂😂,1,Normal
  burger bruh😂,1,Normal
insha allah defeat modi ki qismat main ha,1,Normal
 mra acc 4month suspend rha hy na thats why😂,1,Normal
akhrot todne ki safalta purvak koshish 😂😂😂😂,1,Normal
bhenchod is time mood ki maa chod deta hai ye banda,4,Profane/Untargeted
  astakfirulllah 😲😲😳😳😳  ye kab kasy kaha kyu or kis ny keya 🤦🤦🤦🤦😂😂😂😂😂😂  lahoollllllllllllllllllll walaaaaa quwataaaaa 😭😭😭😭🤦🤦🤦🤦😂😂😂😂,1,Normal
shahrukh ko wapis peshawar bhej dain. charsi tikkha se upgrade ker ke wapis ker dain ge.,1,Normal
and your mum doesn't even know who's your real father.. pta kitno se halala krwaya hoga,2,Religious Hate
  madam aap single hona madam isiliye 😂😂😂,1,Normal
muuh mein dant nai or gand se akhrot todne ki bat krta h sala fawad.,0,Abusive/Offensive
rt :   eh behan twitter se bahr nikl k dekh boht vdi duniya hai,1,Normal
mujy b lay jata harami😢,2,Religious Hate
who you calling gawar asshole...zyaada hi bhaunk rha tu hai...kutte wali baat dil pe lag gyi...chal koi nhi..dil pe mat le...muh mein lele mera...tu apne pe mat aana...tere jaiso ki aukaat pata hai mujhe...aur tere jaiso ki roz gaand marta hun idhar...bachhe ho bacche hi rho.,0,Abusive/Offensive
mene b yehi.  bolna tha may tumhary baap kaa nokar nahi hu,1,Normal
   bhonk mat nikal yahan se,0,Abusive/Offensive
yes wo fahad bhai ki soch or sahi kha ha,1,Normal
esi ly main tanhai pasand hon aur ap ,1,Normal
hum yahan chaar saal se ghiss rahe hain abhi tak 3k nahi hue or yeh bhenchod eik saal mai 11k followers lekar bethay hue hain bkl,4,Profane/Untargeted
klasra ko madeena ki ryast sa bohat jalan hoti ha ya bra liberl bantaa iss ko europ wala pakistan chaiya jider baiti baap k samna gaand daiti ha,0,Abusive/Offensive
 punjab bhara pada hai one side luv say. 😉,1,Normal
vasay tha tu gatya admi sabit be kar dyea kay yahoodi agent ha kamena,2,Religious Hate
 har ek apne jamane main ek ek aisi sabji mandi main jata/jati hin hai😀😀,1,Normal
"rt :  are jo baag mein betthe hai unko samjho, tum ko samj mein aa gaya to kya laddu bante 😊😊😁😁",1,Normal
" ""mc"" hn sary bas khan per bhokny ky paisy mil rhy sab ko",0,Abusive/Offensive
lo.. aa gya kutta auqat py.. behnoi hu mai tera.. bsdk ja k behn se puch.. tujhe sharafat se bol rha tujhe samjh nahi lag rhi.. maa behan aik karwany aya ha yha? nikal laude.. mc bc.. bsdk,0,Abusive/Offensive
bhai wo sala hijra salman ka fans tum sub addins ko bhadkanaa kaa kaam krte hai lekin chatata khans ki hai  namard salman khan,3,Sexism
   ye apka khayal hai bushra peerni ke tasaveer hain ye bhi google per theen ,1,Normal
   phir agli dafa treef kon krey ga,1,Normal
 jzak allah wese yar wo just aik joke tha.,1,Normal
wtf bhenchod. pregnalt hogye?,4,Profane/Untargeted
mai bhi changga  mere follower b changge post seen karke like na  karne wale bhenchod,4,Profane/Untargeted
"ishko seedha jannat bhejo, allah ka order hai. bahanchod",0,Abusive/Offensive
rt : ye joker log khan nahin munafik hai,2,Religious Hate
 nai jo dil khud tooty hon unhain pta hota h kitna drd hota h tootny ka wo oron ka ni tora krty,1,Normal
twitter pe ab ho gi sweets ki barish,1,Normal
 clever hona b zroori h aj kal k doar mein  loyality abhi ap ny daikhi ni,1,Normal
yeh january nahi ho gaya koi indian drama ho gaya khatam hony ka naam hee nahi ly raha...😕 #january  #2020,1,Normal
 allah se duwa karo bass,1,Normal
i agreed but yar jesy he ik ny mun kholna ha fatway he fatway hongy yahodi agent or europe ka nizam riyasat e madina k name py ka aik bhut bara issue ban jaye ga.,2,Religious Hate
insha allah.... humari sari duaein aap k sath han... allah aap sub ku kamyaab karay or iss yahoodi hakumat say chuthkara milay ameen... love you shah sb. ❤❤,2,Religious Hate
abay saalay ka hi to bollywood ki stories se nikal aaya kr bc...,0,Abusive/Offensive
 ye tu sch h 😉,1,Normal
kya haal hain maya jaalon ki rundi....? 🖕🖕🖕🖕🖕🖕,3,Sexism
"yeah aftab hijra ka aulad hai,  yah madrasa chhap security guard ka naukari karta hai aur yahan per barabar lecture jata hai jaldi 😂",3,Sexism
" tere jaise kutte bhonkte hi rehte hai yhi tumhara kam hai bhonkte hi rhu, wig sambhal le aur sid ki dp se apne baap takle ko support mat kr bhonk kar 🤣🤣😂😂",0,Abusive/Offensive
ek din thk hota hai fr connection ko mout pr jati h ihy ptcl😒😒😒,1,Normal
arey bhaisahab ye log bade aadmi hain ye log hum jaiso ko chutiya samjhte hain... koi value nhi sirf vote lene ke liye public ki baat karte hain baki time royal life jeete hain iski cover pic hi dekh lo dekho kaisi life chahiye isko.. modi banna hai.,4,Profane/Untargeted
 koi baat nahi aap agli game jeeto gi,1,Normal
ajaa mere pass tere hawash thanda kar do shali randi,3,Sexism
 kafi achi buttering thi 🌚🌚  still koe faida nae szaa k tor par no clr for u today 😤😏😝,1,Normal
both bolti ha yawwr☺️,1,Normal
halala ki paidaish ðÿ¤£ðÿ¤£ðÿ¤£,2,Religious Hate
 wo tu maine read kar liya ha mera jism meri marzi wala message lakin phir bhi asa karna nhi chahye tha kisi ko koi haq nhi banta k koi kisi ko mary jo jasy han bss wasy rahy her insan apna hisab khud de ga allah ko bhi,1,Normal
tera baap b nazriyati tha tbi tere jaisa hijra paida kar diya bc,3,Sexism
teri maa abhi bhi meray baap k choos ri hai tattay esko ghar waps bula,0,Abusive/Offensive
aap he bata do kitne mullo me halala kiya tha tumara,3,Sexism
gashti pakistan ao na ap log ajent ho india k,3,Sexism
hahahahah mr. chips parhi ha humne😀,1,Normal
 mashaallah... bhai duaaon mein yad rkhna... zindgi ka ehm faisla hony ja rha 🙏,1,Normal
"don't argue with beautiful people   they would be like ""shakal dekhi hai apni ""  and you wouldn't able to reply ""tere se tw achi hai """,1,Normal
 yeh to cheating ho gi na mene itni duae mangi thi harr jy,1,Normal
"( only for bajwa ) kya tujhko moot aa rahi thi ? jo kuch pakistan mey hone wala hey, tera baap bhe nahi rook sakta, bajwa is no.1 g _ _ _ u army chief of the world, january is very important month, because saturn and pluto are conjuncting after 33 years, kuch samjha ?",0,Abusive/Offensive
"sir facilitaiters ko pakrain , blast ka hona mean network abhi nai tota, khanzeer majud hain hamari saffon mein. munafiqon py lannat bayshumarrrrrr",4,Profane/Untargeted
 ary god father isi liye to suggest kiya tha maine pagal😂😂😉😉,0,Abusive/Offensive
yar dusri id sy tag mat keya karo main ye id use karti hu 🤦  say no to  ✖️ say yes to  ✔️  🌚🌚😂😂,1,Normal
nhi tum beghairat fauj ki rakhail ho. dafa ho.,3,Sexism
bhai kaha ho yar janoob ki pehchan kese krwa rhe ho ap esa lg rha hai k   sirf psl k time uthe gi 23 din reh gaye psl me or abhi tk koi pta ni k captain kon hoga. sponsor konse honge plzz bhai apni media teams ko active kren koi photoshoot hona chahiye,1,Normal
"whatever you give them, they will never be happy and ask for more and more. ye victimhood and entitlement ka ""rundi rona"" kabhi khatm hone wala nahi. #jnuvoilence",0,Abusive/Offensive
"bhonsdike...tu bhaunk raha tha raat me. great! srk se mohabbat koi fatwa nai ki kaafiron ko maar do. samjhe mulle. tu decide nai karta kaun banega srk fan. tu khud ek faltu fan hai. behenchod,teri gaand me danda.",0,Abusive/Offensive
 sir with due respect during the government of mr.m.nawaz sharif shb your foriegn policy was totally zero...agr ap dubara aen tu plz us per bhi tawaja!!!,1,Normal
 mat suno apnae kaano pr rehm khaoo larki🙊,1,Normal
"frustrate ho chuke hain, inko lagta hai pakistan superpower hai aur twitter pe bhaunk ke kashmir mil jata hai 😂",0,Abusive/Offensive
is bhen l ka namr kya hai ...is ki maa ki ankh,0,Abusive/Offensive
rundi ka bacha chor,0,Abusive/Offensive
yai konsa gaon ha😂,1,Normal
saara din alarm bajta rahay aur uthti bhenchod tab hai jab mera alarm bajta hai ugh i told her off and she was like sorrryyy  but i dont think she gets it gets it,4,Profane/Untargeted
 aapka peaceful protest mere gharwalo ko office jaane m dikkat deta. mere gharwalo k right right nhi..,1,Normal
ham murgaa bnata ha bnta nai ha btw chachu police wala ha hamra😂✌,1,Normal
acha to hai #pslanthem2020 pakistani awam bhi na kabhi khush nhi ho skti.....😜,1,Normal
"excellent historical perspective. however, the rot set earlier when a land owner decided to sell the poor an unachievable hope as well as placating mullahs with anti ahmaddiya movement. not to mention selling out on east pak. bhutto was a confused politician with flawed optics.",1,Normal
par ye wali behan sachi wali baat keh rai ... in sha allah fit wali bhabi mil jani mjy 😇🌸,1,Normal
 nahi hai din aap ka aaj maan lein aur so jayen,1,Normal
tuj khabees ko allah ne nahi beja .tuj ko general bajwa ne election chori kar ke yahoodi agenda pura kia he.,2,Religious Hate
 bhai rw wale troll kar denge rahne de politics😂😂,1,Normal
is sy pehly wo kisi aur ko apny bcho ka papa bnaey .. tum usy apny bacho ki ammi bna doo ..,1,Normal
 apko nahi aaty?,1,Normal
"ohhhhh chalo gashti ki bachi, sab k lory kha k ab lun pr baj rhi ho,",3,Sexism
madam reham khan divorced wife of imran khan. what are ur source of income in ukeu. utni changi hoti tu aaj khatoon e awal hoti.,1,Normal
ye kaun keha ka mp hai kutta hraamjada .gandhi kya eska baap legta tha,0,Abusive/Offensive
ab to aesa scene hota hai kay agr kuch hoa ho tab bhi doston ko yehi kehti hoon sab sahi hai .. :)🥺,1,Normal
"bhenchod saale sab ye gore aadmi log kya samajhte hai apne aap ko bada 'feminism"" bolte hai and then dekh li inki feminism,,, i might have my own problems with bp but they deserve better fans",0,Abusive/Offensive
 has ly has ly jab aap ko ho ga tab main pocho ge 😹,1,Normal
 kafi qadioun ke ghar main bimar ho gaey un ke liye bhi awaz uthao unhain bhi raiha kerwao,1,Normal
apni gandi zaban se jinnah ka nam na ly bharwe,0,Abusive/Offensive
"  insaniyat ko bache rahne do, jis mazhab me janwar ka gala ret ke khushi banti hai, jis mazhab me soorma logo ko 72 virgin ladkiya baati jaati, jo duniya pe kabze ke sapne dekhta ho us mazhab se duuri banane me hi insaniyat ki bhalayi hai.",2,Religious Hate
qadiani ahmedi mirziee kaafir jo hen,2,Religious Hate
"woh masjid bana bhi daiga tow they will say its built by a yahoodi agent, wahan namaz qabool nai hogi🤪",1,Normal
exactly apna aap hi fazool lagta hai phir🥺🙂,1,Normal
 yeh wohi teeka ha jes ki tumhe yaad stta rahi ha...her kisi k teeka per tumhari nazer ha..,1,Normal
apni jaali advocate kee digree sambhaalo bharwe,0,Abusive/Offensive
teri maa ki phudi chur ne mari thi. yahodi tiktok certified zaani curropt bikari nalayaq fasadi jhotey loot maar awaam se kar daily youthia ko chootia bana raha hai.mulk ko tabah kar diya.nawaz sharif ki jooti ke barabar nahi ye laanti sikh yaatri yahodi zaani kuta.shame kanjar,2,Religious Hate
teri baaji ko ab nhi chhorna. kisi sasti gashti k bachay,0,Abusive/Offensive
hae hmara to har din hi eid hota hay...ap se bat kr li aor eid ho gai 😀,1,Normal
hahaha mtlb tujhy b hath lag chuka ha kisi lundy baz ka . kitna khush naseeb ho ga k us ka lunda aj twitter pr bkwas krta ha . bc sala,0,Abusive/Offensive
zulfikar bhutto or benazir other yahodi agents k nakami k baad pesh e khidmat hai israeli liberal billo,2,Religious Hate
farman bhai ap hi kar dain q kay is harami nay jo aj bajwa sir kay baray main bakwas ki hai is harami ki sahi kar kay leni hay,2,Religious Hate
"pakistan ki awam ab utho jahan bhi pakistanion tumko ye chor ghaddar bilawal zardari hijra, fazul rehman pmnl ppp ke koi chor ghaddar milien inko pakar kar maar do kun k pakistan ke judges kud corrupt hain inko relief diegaye phir ye pakistan ko lootne aien gaye, inko awam mar de",3,Sexism
shadeed qisam ka inferiority complex hu raha hi aj pheli bar twitter pe kisi ki tl dekh k.  😟😟😞😞😞😖😖😖 bhut shadeed complex.  like i want to deactivate and never come back.  why so savage and cool yaar?,1,Normal
"ali wazir khanzeer,,tu khud pti k vote se jeeta he",2,Religious Hate
  2 rupye mile na tweet ke?😂,1,Normal
akhrot le aana.. or kashmir ki kalin bhi 😂😂😂,1,Normal
  tra dil nhi chahye bhai tu cleb haa ..  choti profiles py na aya kr 🌚,1,Normal
lahore qalandars psl bhi jeet jaye phir bhi 6th pe he rahay ga.,1,Normal
akhrot gaye ab vicky donor hi madad kar sakega....,1,Normal
han maa chod di hai pora sher ki sub haramio ne mil kr,0,Abusive/Offensive
 to ajao khusboo khuda ki kasam 5month se wait kar raye modi aur indians ko just mu ki bawaseer hy bhonkme walay kutay hyn,0,Abusive/Offensive
pura pura din intzar krwati ho😣,1,Normal
i respect kalam sahab from bottom of my heart and mujhe nahi pata tha ki wo madarse se padhe hain  but insult to wo log kar rahe hain naa jo madarse me sirf hindus ko kaafir bolna sikhte hain.,2,Religious Hate
wasy ek cheze nahi kahi pm ny  pakistani o ghabrana nahi ha,1,Normal
is haftay bht hi ajeeb ajeeb cheezain samny ayee kuch din phly pta chla paras ki b army hh aj pta chla mahira k b faans hai #shehbaazonfire,1,Normal
tere jaise randiyo ki chudai ke liye to ham mard hain yaha pe,3,Sexism
abe godase tera baap tha bol,0,Abusive/Offensive
apny hi hn na😂😂😁 cast b same ha,1,Normal
apko bhi ledongi kya yaad karo gay😂😂,1,Normal
nhi nhii.   ab yaha hii dere dally hain,1,Normal
 us main kon kon hai,1,Normal
  ayr ye gai ball boundary sy bahar😂😂,1,Normal
   abhe bus karo laro mat shodo,1,Normal
 chup karo aap jhoot nahi bolo,1,Normal
 imagine achi hua krti thi laikin aj nhi ho pa raha😅,1,Normal
bandr killa 😂😂😂😂😂,1,Normal
lanati  beshurme,0,Abusive/Offensive
fasla rakain bad mein ap kehty hamri chemistry ni milti,1,Normal
areba randi chinal teri qismat me chudna hi h jesy126 din tera roz rape hoa tha,3,Sexism
party funding case say dhyan hataya hai yahoodi nay aur kuch bhi nahi hai awaam ko gumraah kare walay hain ye aur kuch nahi kar skty,2,Religious Hate
i deserve a date with  in dono mein se hain,1,Normal
bhai mtlb  pr kuch content ni tha is week toh faltu ki baatein utha rhe h   yr ab aese mazaak ni krenge toh kaise krenge bc,4,Profane/Untargeted
"i heard that islamic state of pakistan's reps are calling him a '' kafir ahmadiya"" a non muslim. it is quite contrary to is porkie rants if so.",0,Abusive/Offensive
yogi + modi = harami,2,Religious Hate
rundi baaz hai isi liye yeh harami bhi kamzoor ho gaya hia😜,0,Abusive/Offensive
  mazy hn ap k chalo ab ap pizza or dry fruits bejho,1,Normal
jab tak tumhary jesy khanzeer hukmaran musalmano k hakim rahengy tab aesa he hoga,0,Abusive/Offensive
 ab theek hai maza aya khushi hui daikh kar thand par gai hai😌😂,1,Normal
kitna acha desh chal rha tha humara. aur ab kya ho rha hai. kuch kriye baat kriye aur j sb khtm krein.,1,Normal
rt : han maloom hai apne baap ko mat sikha.,0,Abusive/Offensive
"bhenchod apni lums ki team ka coach hi rakh lain. atleast he has a clear style of play and sticks to it. but get allegri,arteta, mourninho, german coaches anyone at this point honestly. he can't turn this around for sure.",4,Profane/Untargeted
zahir hai jb kuch nhi aayega toh yehi kreingy. telolers maa bhen krnay walay khusray,3,Sexism
main sb becharay randay hain . app b free ho. nikkah kar lo.....,3,Sexism
chl gashti k bchy saaly rundi k gay hind k mu waly fuck you and your tati india bc tum log k pass shochaly bnany k pesy nai bhonkty apny baap p ho kashmir assam khalistan nagaland chatisgarh itny tukry ho g endia k,0,Abusive/Offensive
abey saalay .. maaf karna galti mai idr udr sy nikal jaata hai tweet 😂😂,0,Abusive/Offensive
 😂😂😂😂😂😂 chal ja tujhy maaf kia,1,Normal
yeh sab harami register nashi hein.,2,Religious Hate
plz share list. ager na share ki to tu hoga he kisi kanjeri ka becha,0,Abusive/Offensive
drama seriel teri maa ki phudi mein imran ka lun,0,Abusive/Offensive
foreign funding case hi kafi yahoodi agent ko hange krne k leay,2,Religious Hate
or ap jasy kuty barhy kuty ko sport kr rahy .jo ak yahodi hy,2,Religious Hate
~larkian nya suit pehanany k baad itny hi suroor me hoti han jitna k ik charsi cigarette k do sutay lgany k baad,1,Normal
  ye mat bolo warna aap prty win hai 😁,1,Normal
 jo option ap ny nhi dia. wo jo faisal wavda my aik din program main laya ta.,1,Normal
aap donon aak thali ka 2 camca ham pakistan ko jtna noksan mqm ur msaref na pocaya qom info on ko kabi mad nai kraga mqm mosaref donon ko gadar hi kaha jana caiya pti yahodi ajanton ki loton ki parti ha ya tinon pakistan ko barbad kna wala log han,2,Religious Hate
 please ali  bhai do some things   sy bat kro ik or song bn ny k liye kisi ko ye anthem pasand nhi aya,1,Normal
 sab nalaik log yehi kehty han😀,1,Normal
haey ! kitne paese milay hain tujhay mohsin dawar se bara zor se choda hai aur satisfy kiya hai usne tujhay saali.,3,Sexism
aisi or kis kis ki lund par uchel uchel kar moja lati ghar me.,3,Sexism
"ek musalman hi dusre musalman ko marta hai jha be dekh lo sunni, shiya, ahmadiya, yajadi or na janane kitne hi yai ek dusre ko marte rahte hai hindustan hi aisi jagah hai jha musalmano k 72 firke ek sath rah sakte hai fir be yai yha jihad failane ka kam karte hai",1,Normal
ahm. bohot din apke tweets se mustafeed nhi huwe. ana mubarik ho,1,Normal
maaro sale gaddaron ko chahe hindu ho ya musalman ,0,Abusive/Offensive
 main tu masoom hun 😑 ap jao na 🥺,1,Normal
 ruko me apni larki wali id se tumhen rokta hun😀,1,Normal
"kunal kaamra ek no. ka bhdawa hai, nasal hi bhadwe ki hai",0,Abusive/Offensive
"lord farquad too. bhenchod yaar, brendan roger's leicester outplayed arsenal, radnare me",4,Profane/Untargeted
 comment prh ke lag raha hr jawab na me hoga 😫,1,Normal
aby saalay😂😂😂,0,Abusive/Offensive
rehna tu hai jesa tu thora sa drd dill thora sukoon,1,Normal
har jagah dhamkaa ke le liye bc,4,Profane/Untargeted
main poora nakli hun,1,Normal
rt : parents: aagy kya parhna ha? me: nikkah,1,Normal
 to aur kon hy dkho twitter walon ko b pta chal gya 😂😂,1,Normal
diesl menga fazul rahman ahmaq,0,Abusive/Offensive
"yeh wesy koi bht e zyda ounchi nasal ki randi niqli h wesy , mtlb i can't even imagine koi bughaz or paisy k pechay itna b girr skta h, nehayat e nichly darjay ki baighairat aurat ho, aurat zaat ko b badnaam kea h isny apny wajood sy !! akhh thooo iski zaat pay",3,Sexism
rt : guys vote karo first abhe voting open ha .,1,Normal
hosh mein aakar baay karo shari qawaneen mera rab nay banaya hein in par tabsaroun ki gunjaish mahi pagal aurat,0,Abusive/Offensive
here comes sajjad ali ...   teri marzi nahen chalni bhai 😂   #pslv #pslcomeshome,1,Normal
meiny kaha yad kerwa dun demagh sy akhrot na hou :p,0,Abusive/Offensive
bhenchod ye raat kabhi dhalti hi nahi.,4,Profane/Untargeted
ooo babby allah sa dor choro k sath dana chor do jo gult ha usa gult kaho or jo sai ha usa sahi kro lakeer k fakeer ni bano,1,Normal
  jab mia sab jail thy tu london beth k un k kadyo jasy 2 betoo k khelaf awaz ku nhi uthai k wo pakistan jaa k mill aye..,1,Normal
lagta feb me lahore ka ek chakkar lagne wala hai..,1,Normal
manta hai na ki tera baap hu... jaa beta aakhri maal phuk or so jaa,0,Abusive/Offensive
bhenchod parallel ka matlab samajh ata h?  hadd hogayi bhai. mujhe bhi sharam aa rahi h ab to.,0,Abusive/Offensive
bc chaat le phir iski mc ...tu bhi isi keede ki trha h ..saale tm jaiso ko toh hit se udana chahye,0,Abusive/Offensive
nahi bhole the tumhe 😭❤️,1,Normal
es bc ko apny followers aziz hi na k mulk. #lanati.,0,Abusive/Offensive
apni maa ko bc bolti sharam hi ha tujh ma,0,Abusive/Offensive
 uske jute dena jo tere per main tight aata hai. gift agar bhool jaye to. . .,1,Normal
bohot beghairat exam hai meri parson,4,Profane/Untargeted
"is it called ""charsi tikka"" ? 😂🤣😆",1,Normal
  ap ko dkh rhi un ko ni😒,1,Normal
"chod de bhai, you are trying to defend something that cannot be logically defended.",1,Normal
fuck yes! bhadwi randi bas kro bhenchod!,3,Sexism
mar to jaon bus uska nam btao jispe marna ha 👀😪,1,Normal
rt : ye bhenchod sabse pehli nazar in commentators ki hi lagti hai . #indvsban,4,Profane/Untargeted
"waise madarso mein bahut achhi taaleem di jaati hai tum jihadi hijdo ko, asar dikh rha hai yahan, khud toh khud ki bhen chodte hi ho aur dusro ko bhi bhenchod samajhte ho.",2,Religious Hate
or tum ak randi ho bc. ghasti orut.,3,Sexism
even a 5th grader would wonder that why would #nawazsharif pay a hefty amount in billions to leave #pakistan only for a short duration? but ahmaq khan wouldn’t wonder because this is an nro unless proven otherwise to contain  sent by raw. same raw,0,Abusive/Offensive
 footrest pe khara hna tha 😂,1,Normal
 baat choro ki nahi tazheek ki aur kirdar kashi ki horhi ...apny qaid to apko farishta nazar aty hn....huh,1,Normal
 traffic jam tha me bas pohanch rha hun😀,1,Normal
india ki or moodi ki maa behn ek krni khoob aati h ik ko..  itna to pta chal gya ho ga ab tk..,0,Abusive/Offensive
ab ali bhai ne laiba ki sun li hai ab to wo apney aap kki bhee nhe sunain gy.......😬😬😬😬😬😬,1,Normal
 reply chayea tha mujhy,1,Normal
ary ko bad mn thanks krna.sbse phle khuda ke liye wuhan and xiachan ki city mn mojud pakistani students ko nikalo wahan se.wo bechare bar bar videos bna kr bhek mang rhe hain or tm log sakoon se bethe ho,1,Normal
i m in a relationship with *sorry we can be only friends*....... bahanchod zindagi kharab ho gayiii hai friedzone ke chakkar me  #friendzone #fr_se_kt_gaya,0,Abusive/Offensive
os aurat ka amal boht ghalat tha but humaray mashray mai jo halat hain na os bechari k khandan na kabol karna tha mard to woh harami apna kam kar k os ko chor gaya ab yeh video agar lagana the kesi ko to kam se kam edit kar detay face blur kar letay,1,Normal
jiss daes ki court kachary maen insaf takkun par bikta ho. jiss daes ka qazi mushi bei mujram sae pouch kar likhta ho. uss  daes kae her eik leader per sawal uthana wajib hai. uss daes kae her her hakum ko sulli peh charana lazim hai. faiz ahmed faiz (late),1,Normal
 pubg khelny k liye,1,Normal
ye kamini haramjaadi randi deepika ki us time moving nahi hogi  thuu hai aise intertenmet pe  tayag hai aaj se  desh pehale  thuu hai iske mooh pe,3,Sexism
rt :  qsmt chny baichne gayi hui saali,4,Profane/Untargeted
 allah rhm kry un prbht afsos ha k sb kitny be hiss log hain koi kuch kyun nhi krta wahan k logon k lye insanyt bhi koi cheez hoti ha😭😭,1,Normal
mujhe pata hai g apko aurat ki cheekhe sunke aur josh aata hai isi liye ham maarti hain cheekhe,1,Normal
rt : teen talaq halala aur polygamy kya sahi kya galat?,1,Normal
 bachy k dil.tor dia💔 ab kon jorhy va ish.....,1,Normal
just shut up apne us naahal aur bari bari jhooti barkay marne wale awal no k jhoote buzdil yahoodi agent ik ki karni pak army par dalne ki zaroorat nahi jab koi acha kaam ho to us incompetent ik k khate me daal do aur jo gand woh besharam machaye to army par daal do shame on you,2,Religious Hate
laanat hai bhenchod,0,Abusive/Offensive
"motorbike is a dangerous vehicle ""jeri gadi apni 2 latan tey nai kharo sakdi o kisi hor nu ki chukkay gi"".",1,Normal
11:11  teri duniya meray raba q mujhy hi raas nhi.. dil toota koi joray rahi koi aas nhi..,1,Normal
"sir aapka kutta bhaunk rha hai, please ghr le jaaiye isko.  ",4,Profane/Untargeted
  haa to suar ki baat pe aapka reply kyu aaya?,1,Normal
bandr ke yaar bhi sare bandr,0,Abusive/Offensive
come on brain randi think of something funny please gashti,4,Profane/Untargeted
bhai g izzzaat ka sawaal ha...😜😜😜 kuch din sabaar farmaa laein buss 😂😝,1,Normal
 new song koi b aye pehle aap ko pata chalta😁,1,Normal
"chup bkl, saley halala ki aulaad",2,Religious Hate
 follow back nhi kia tu phir kya unfollow kr den,1,Normal
  for your kind information yahan beth kr bolna asan hota hai mein cheif justice hotey wah g wah to ban jayen na phir cheif justice🙂,1,Normal
   insta par jitne losty girls hai sub kee 3 4 m followers hai leachnaz 2.6m hai to kon c badee bat hai,1,Normal
 aesi kon c sansain leti ho?,1,Normal
mian shahbaz sharif k documents k mutabiq 1970 main un k bap k pas kuch bhi nai tha baht gareeb thy. sir dono mian sahib k nab k satatement parh lain farq samjh a jay ga. mari london to kya pakistan main bhi koi jaidad nai. q k jaidad to sari qatri badshah ki the.😂,1,Normal
"wo bani gala wala. bangla is k kon sa bap ka hai,, wo yahodi lobi nay rahnay k lia dia howa hai",2,Religious Hate
 rishta phir b ni milta ap to jantay hn,1,Normal
 tujy pata nhe kaisi kaisi nzar atte hoge. allah maaf kry bus.,1,Normal
 inko ye nhi pata k duniya ki behtreen intelligence pakistan ki hai....,1,Normal
tu kyu apni maa chudwane aa jati hai... apne mulle ki apne ghar mein rakh ke chudwa le... randi,3,Sexism
mjh dukh hi rah hy pti ko support kr k ein bhenchodo ko ulata latkana chahye tha,0,Abusive/Offensive
yahoodi daboo imran chore zakat khore yahodi agents both are bajwa and imran destroy pakistan ajenda.,2,Religious Hate
 and what about crush,1,Normal
"akhrot is usually termed like woman, hard on the upper surface but soft, sweet inner side.",1,Normal
launda phaans liya randi,3,Sexism
ek s/o  ka b dalna kabhi kabhi axhi twittes krta h 😂😂,1,Normal
abe bharwe tum hindu hi duniya k sub se bara atankwaz ho haramiyon bt krte ho hamare age tumhari country me hindu k elawa koi safe nhi he  tumhari country ka name isi liye  lynchistan he  isi king all the world,2,Religious Hate
kabhi nawaz baap. kabhi zardari baap. kabhi fazlu baap. kabhi manzoor pashteen baap. or ab ya chupkali ki shakal wali maa.  abay teray kitnay baap or maa hai??😂😂😂,0,Abusive/Offensive
 but sir tell me honestly ..koe to aisa medium hona chahye na to discuss politics ?? friends bnany k liye facebook hai na,1,Normal
 fir tu kis hisab se bola ki left wing gandhi ki ideology ko follow kar rahe hai?,1,Normal
"yeah benazir's photos were thrown by pti, fatima jinnah was called pagal aurat by imran khan, imran khan raised questions over marriage of fatima jinnah and last, imran khan issued nonbailable warrant of his pregnant wife, imran khan started this yahoodi sazish tactics.",1,Normal
  thank you for informing. jaltae hain kyunki unko kuch nahi aata,1,Normal
teri behan ka yaar idar he rundi k bachy  is time teri man k sath soya hua hon main or tu yahan behan c.h.u.d.w.a raha hey 🤣🤣🤣🤣🤣,0,Abusive/Offensive
tu apna ilaj kara charsi...teri halat kharab hoti ja rahi hai..,0,Abusive/Offensive
bharwe ka pata nahii lakin ramii buhot hote,0,Abusive/Offensive
aise kutton ko goli maar dene me hi samajhdaari h...aaj bhaunk raha h..kal kaat v skta h😏😏,0,Abusive/Offensive
 usko kya hua tha,1,Normal
randi nasal waly adki ki pehchan yahi hoti hai fake pic upload kr k propaganda krna madarchod,0,Abusive/Offensive
acha wo dasky ki hain .. milna pre ga ab 😂,1,Normal
aurat march ki waja se geo news bhukhalat ka shikar hojai..aur apni marzi pr otar aai😂,1,Normal
is kaminy ka mask b ni ha acha howa ha aesy e hona chahiy,1,Normal
 dont hi light this issue please. aqal da iastmaal v kar lia kar kadi dangra,0,Abusive/Offensive
  😂😂hhaa tera bachha hai kya ye,1,Normal
 agreed ; jest firdous ashiq awan bhi aurat march k against hain .,1,Normal
what about ahmadiya.. they r also citizens without rights,1,Normal
   bss bss etne v logic mat lgayo  etna tez hai to kl jhooth bola sana ko ki use bchaane vala tha  and sana ko kyun distract kiya,1,Normal
 1 min b free krro gy tb charge hoga na😬,1,Normal
iran shia mulk ha or ye munafik log han,2,Religious Hate
 beshak ..agr bibi bad dua datii to ajj kainaat na hota..,1,Normal
lanti kutta beghairt munafiq skhs h,0,Abusive/Offensive
another endian hijra coward hindu terrorist army soldier dispatched to shamshangarh by pakistan army i want more endian hindu terrorist dead so keep it up pakistan,2,Religious Hate
gashti ka bacha madarchod admi,0,Abusive/Offensive
bsdk o ma lula india walu ki man ki chut ma l mara ma chutar dala ka bacha,0,Abusive/Offensive
 raat corona nahi ab,1,Normal
toh dayan bhi kabhi achi hoti hai..🤣🤣,1,Normal
yeh young doctors nahee hoon ga na  😜,1,Normal
bhukla sala nalla charsi admi h,0,Abusive/Offensive
zindagi mein koi kami hai lekin samajh nahi aata kya kami hai. gharwale kehte hain namaz dil kehta hai ishq lekin dimagh sirf kehta hai lpc,4,Profane/Untargeted
o main tv pe arha hoon. 😂 dekh k betao main hoon kahan pe.👇,1,Normal
tu hi accept kar liya ki tu hijra hai 😊😉🥴😜😅,3,Sexism
"wo kal apka 1 wazir keh raha hai keh army chief qoum-e-youth ka baap hai, wo kya seen hai? 😂 hum to samjh rahy thy sirf nashai he hai lkn ab ye b, or phir har 4 saal bad change 😜",0,Abusive/Offensive
 i am a citizen of pakistani voted for you. please dont make me feel ashamed to call myself pakistani..  apko pakistan ki izat ka wasta please wuhan and near city xiachan mn phase pakistani students ko jld az jald wahan se nikalen.they are begging you.please,1,Normal
"jo auratain aurat march ka ghalat faida utha kar ghatya slogans ko promote kar rahi hain, yeh aurat ke asal masaiyal se dehan hata kar har aurat ke sath bht zulm kar rahi hain. aur zulm ke khilaaf allah behtreen faisla karta hai. #auratmarch #auratazadimarch #merajismmerimarzi",1,Normal
iski maa ka bc yeh tik tok kb band hoga,0,Abusive/Offensive
abe chutiye tujhe kkk ke bare me  kuchh pta nhi h to jyada bhaunk mt gandu,0,Abusive/Offensive
yahodiyon ka kuta aur yahodi ka damad,2,Religious Hate
bary bary tunkha daar log kar kya rahy hain pcb me..  jub opening cermony karachi me hai to aap agly din aik match rakh daiyn wo bhi karachi me..  km sy km saari teams to ponch sakti hain na.. wo cermony he kya jis me players na hon🙄🙄.,1,Normal
  rhc khairpur sadaat  aur thq alipur main bhi ab parchi ki fees khatam kr di hy,1,Normal
es chutiya nay phly bakwass ki ab yay bc clarification day raha hi. lanati insan. kce #najaiz baap ki uolad hi. shame on u 😡😡😡😡😡😡,0,Abusive/Offensive
baray baray begherat dekhe per in se bara begherat bi koi nae lanati,0,Abusive/Offensive
when is ahmedi getting you guys to abu dhabi,1,Normal
chup raho toh arrogant baat karo toh ba’tamiz ,0,Abusive/Offensive
 phr aapko kya pata hm single logon k dukh 😓,1,Normal
 yeh sab aap hi khaein gi ?,1,Normal
aookat ki bat kartai ho wo pocho to aap abhi nandan sai he poch lo ya kalbhoshan sai pir pata chalega kon sher hai kon kuta bharwe,0,Abusive/Offensive
 dil pe hath rakh ke kaho??,1,Normal
rundi k bache tum jese hi hote h rapist,0,Abusive/Offensive
  you are so right 🙏,1,Normal
 unper b khuda ki lanat ho jo jhoton or munafiqon ko sahabi batlaty hein,2,Religious Hate
teri maa ki phudi main marin ga without condom . ok gando  aor teri bond marin ga,3,Sexism
bola bola hijra bola 😂🖕🖕🖕🖕,3,Sexism
"bahanchod, pakistan ko india ka state declare kyu nahi kar dete jab har jagah ghoosna hai to..  ghar sambhal nahi rha inse bc..",0,Abusive/Offensive
pehle mujse koi baat nahi karta tha ab bhe mujse koi baat nahi karta. 😂,1,Normal
smjdar ho,1,Normal
kia faida itna hot honay ka agar single he hona hai ajeeb,1,Normal
transgander   madarchood   hijra tu aik bara khoota ha  haram zada,3,Sexism
"rt : son be like  ""agr apse kisi ne kar li ha tu muj se bhi koi kar le ga"" 😂",1,Normal
ye jo 20-25 sal ke ldke...elections me itne ucchal rhe h...or unke baap chacha bhi koi politics me nai h...krna kya chahte ho bhai?? rally me photo khichaa kr tm jo khud ko mantri smjh re ho....asli mantri tmhara chutia kaat re h🤐  chutiye ho tm! 🤦🏻‍♂️  #freekagyan #elections2019,0,Abusive/Offensive
  😐😐  abay mj sae tou baat kr lou mne kia kya hae😕😑,1,Normal
rt : - i look so bad ppl: no you look good ab attention chahiye to wese he boldo - i look so pretty ppl: kahan se bhenchod?,4,Profane/Untargeted
aao bhabhi safaai aur chudai dono karta hoon,3,Sexism
bhenchod jhaant jala lo kuch nahi change hoga,0,Abusive/Offensive
  😂😂😂ye aap ki nani ki janu hy😜,1,Normal
km az kam khusray nh paalta 😭🙏🙏,3,Sexism
maa chudaaye deepika randi,3,Sexism
bhen k lode charsi pagal ho gaya kya matharchod????,0,Abusive/Offensive
ab ye bhi bol do bsdk ki iska baap bhi school ka headmaster hai,0,Abusive/Offensive
 inshaallah zaror hum sab aik hai,1,Normal
kiss me it’s my hijra birthday🤪🤪💛,1,Normal
"https://t.co/npmxa4wmoo just a reminder, 22.8 million children out of school. second most in the world and second to only nigeria. hope v focus on this &amp; don't dismiss it as a 'yahodi sazish' or something else     ",1,Normal
ye bs ab haj krne jayegi...pure islamist,1,Normal
agar kya madarchod kya agar?! fuck off bhenchod fuckkk offf,0,Abusive/Offensive
 hn tu lgty hn bs thek ay rola laazmi pana😉😉😀😁😁😜😛🤓,1,Normal
  2008 se 3013 tk kis ki govt thee. us time kon c doodh ki nehrain the sindh ma.. feel. shame bilo rani,3,Sexism
sahab aap ik  par tanqeed kerty kerty ik sey nafrat wali stage par pohcnh gaay  hoo. ab bas kr doo kab tak itni gandee galian bardasht krty rahoo gaay.,1,Normal
 😒😒😒😒 serious nahe tha lena tha main phattan hoo nuqsan ap ko hoga,0,Abusive/Offensive
yahi hijra teri maa per charha to tu peda hua,3,Sexism
ham pe to kaju badam akhrot kismis bhi nahi 😂😂😂,1,Normal
 wo to dekh lia no doubt u are well mannered btw acha laga ap sy baat kr k khush rho hmesha,1,Normal
abe rundi ke pille kuch bolega madarchud maine kaha block kiya hai teko chootm,0,Abusive/Offensive
  bera gark kr rakha angrezi ka tum jeson ny 😑,1,Normal
"teri maa ki choot , behan ke laude,kanjar di aulad ,randi. ke bachche. teri behan ko kutta chode aur wo pille paida karegi😁😁😁",0,Abusive/Offensive
g bhai bilkul ab to   behan be hamry sath hain ham sb mil ky aik group bnaty hain,1,Normal
"if a girl texts first, according to boys ' fake hogi saali. -__- if they don't text first, ' attitude bht hai saali mein'  saali kry tw kya kry ://",4,Profane/Untargeted
kal hoe na hoe,1,Normal
"rt : hum ek baar jeete hai,  or ek baar marte hai   toh bhenchod yh nhana baar baar kyo pdhta hai😑",4,Profane/Untargeted
 bazar sa mili nahi the kal  😂😂,1,Normal
"tu ek no ki randi hai saali suar ki olaad  chuddo #jnuviolence mein tu apni maa chudwane gai thi suri,",3,Sexism
maine bhi sabko miss kiya bahut,1,Normal
 ar tweeter pe koi nasa ka project complete krne tu ata ni koi waily hi ate saree,1,Normal
mery pas ha jwab aor day bhe dia ha es bayghart kanjar kashmir frosh gandu lanti sazishi kanjar imran yahodi ki najaiz olad ko,2,Religious Hate
haha ye choti baat krdi inho ne😂,1,Normal
time jaldi guzray tab masla hai ahista guzray tab masla hai bhai chahtay kia ho tum loug,1,Normal
randi k bachay salman bharway. kuttay ki nasal beghairat tera jasia dalla hai jau apni maa behan ko rss ko bechta hai apni gand bachanay k liay. kuttay ki nasal teri maa ki kuss.,0,Abusive/Offensive
 tmhen ghusa ana is acha ... that's it,1,Normal
 tary tu waraay neiyaray ho gaye 😂,1,Normal
liberal ki pudiya apne pichware dalo bahanchod motherchod. kabi tu samne dikh ja chappal phek ke nahi mara to naam owaisi rakh lena,0,Abusive/Offensive
 acha tareka dhondha hai larkun ko ganda sabit karny ka but aesi neech harkat larkyan he kar sakti hain larky nahi.,3,Sexism
 bhai koi ilaj nhi h..migraine h jst..dr se cnslt krlo koi tablet bta dega,1,Normal
maar k spelling galat hain marwa likhna ho ga ap ny 😂 and date u know.... 😉,1,Normal
new  #dgispr kdr ha?,1,Normal
aap keh rhi hai toh kuch soch kr hi keh rhi hongi mujhe sboot nhi chaiye ki aap randi ho 😁,3,Sexism
 ab mukr na jai🙄,1,Normal
           😂😂😂itni bhook lgi thi.,1,Normal
 han je han je bilkol bandi be soni 😍💯🌸 or dono be 😋👌😄😅wo sb sy best hota,1,Normal
yani aj tu apni maa chuda to gaye mujhsy ab us ko katal karnay ja ri hai or uska nick name bhi tu le rahi hai apni pyarii mommy ka namely randi ki pilli ka wah aj khuda bhi uski utha lega in sha allah usko teri jesi olaad denay k baad😂,2,Religious Hate
  prime minister na bno,1,Normal
yeh sahi keh rhi hy  yeh bhen k lory capital main khary ho ker punjabi maar rhy hain..,0,Abusive/Offensive
bhen ki lodi. bigg boss nahi dekhti toh bakwass bhi mat chod.  betichod. tera baap hai #sidharthshukla #appologizetosidhartshukla,0,Abusive/Offensive
his father law is not an ahmedi none of his close relatives is ahmedi. this lie was spread by pml n who when they were about to announce next coas starting spreading this lie to keep bajwa in auqat but it backfired badly #coas #qamarjavedbajwa #ispr,1,Normal
okay kisi ny kuj puchna ha ?,1,Normal
chai wala hijra hai,3,Sexism
iss baat pe koi nahi sochta. they literally put cones to teach land ethics but this khanzeer qoum wont learn.,0,Abusive/Offensive
 lkin hazaar saal kon jeet sakta hay...lagta hay duao ki coating k andar badduae day rahay😂,1,Normal
es k baap ka koi atapata nain yeh apni maa sy bhi asy baat kerta hy,1,Normal
shona baby nh aye ga so jao 🤣,1,Normal
bharwe😂😂😂,0,Abusive/Offensive
ashaw dekh rehi hon,1,Normal
 exams b kisi chiriya ka naam hai tyaari krni hoti hai or jo wele hain wo netflix pe lgy hoty hn hrr single stalker nahi hota behn... 😂😂,1,Normal
 jinho ny abi dena hai phr wo snd kren,1,Normal
"mard bohot hi pyari cheez hay,  ap uski aik suno, woh apko apne baap ka maal samajh le ga.",1,Normal
 main vehari say hokar keh deta hoon k yeh biryani ni hai,1,Normal
han bc tu toh jaisay khabba bana hua hota ha na usska😞😂,0,Abusive/Offensive
rt :     harami pta nhi kya jhooth bjonka hai,2,Religious Hate
  need ma khuwab aty hn  suba ut kr pata chalta hn khuwab hn,1,Normal
daikh lo yahi sub face kiya hai aur ab baat karo tu comments aate hain momina ki jawani kha gaye ahmdi isko dete nhi kuch isliye jalti rehti hai...... ☹️😥,1,Normal
 try try untill you succeed bachpan main para nae tha🤦🙆,1,Normal
bahanchod chutiye sale ek hi tweet sare copy karte hai. pata nahi chal pata original kiska hai.,0,Abusive/Offensive
pti dharna se kuch time qabal rahim yar khan mai he oil tanker mai aag lagne ka waqia how tha jismai 125+ log apni jan se hath dho bethe the yad aya pppp k for mai baldia factory mai zia dor mai ojhri camp ka waqia kya aap in sab ko ahmaq kehna pasand karen ge. plz reply,1,Normal
zardari dako party hijra bilawal,3,Sexism
chup madarchod atankwadi buechodi randi sali kutiya harmai pilli bhn ki laudi,3,Sexism
ruk teri m ki ch**t bhen le l fact se g fatt jaati toh aata kyun hai sasti r ki najayaz paidaish saale chamar ki aulaad !   achha sorry yaar jyada bol diya or haan bhai suno... teri rand! maa ki g me gadhe ka lu*d brosdike behenbox,0,Abusive/Offensive
  mujy nai pta lykn khushi ny ya tm ny hitman ac bnaya ha,1,Normal
bc yee ks shokhay k hth haath mic dy dia.,4,Profane/Untargeted
i don't wanna perform tomorrow bec bhenchod 10 bajay paunchna hai but i committed to  already 🥺,4,Profane/Untargeted
ghr chor ky bhaag jaon ga tmc shadi nh krn ga 🙈🙈🙈🙈,1,Normal
  aur kon si bat hai jis ki wja sy nend nai ani🤔,1,Normal
 keep it up.. klasra sb... i am a pti supporter.. but i like the way you criticise govt bad policies... khan b ki ankhon per jo bad #tareen sugar mafia ne #subacha wali pati phnai hoi ha please wo utaren...,1,Normal
 hm dhond k de na koi,1,Normal
vaha par koi shriya kanun nhi hai  vaha koi triple talak nhi hai  vaha koi halala nhi hai or vaha ke muslim india ke muslimo ki trh anpadh or jahil gavar nhi hai jinhonne 1700 crore ki govt smpati jala di,0,Abusive/Offensive
"pata nhi saali kiss mulle ki bistar garam karr tii h.. baap eska defence me thii,, arr yeh keise desh ke gaddaron ka sath de rahee h.",3,Sexism
" ""dunya ka sab  se bada bewaqof ka award"" modi ko hi jata hai #hitler_modi",0,Abusive/Offensive
 oye apni zuban dekho bhai.. itny tum nabi(saw) or ashaab k ashiqshame!,1,Normal
  bhai wohi to bol raha hai.. bete humein sirf aam khane se matlab hai har kaam me ungalwaji humein thodi pasand hai.. isliye to har kisika alag alag role hai :d tu kaise samjhega bhikari ;),1,Normal
  ary han 🤦🤦 forver ka option b tha 🤦🤦😂😂,1,Normal
panni pe lwo ,1,Normal
 ho sakta hy aab e zamam ho.. kya pata.. saleem safi sy pochian us ny chakh k dekha hoga.. ss to definitely ba wazu hoga..,1,Normal
my property namard gandu randi kutiya  presents didi and maa ki panties.. this sissy has fantasy of being fucked my his shemale sis and shemale mom. pls dm him,3,Sexism
bhai na bnana jo log dekh kr roy hen unhen dukh hoga 😁,1,Normal
aby han mn bhol gya ye to sasti randi hy 😂😂,3,Sexism
tera behnoi to kuch aor bta raha ha bayghart kashmir frosh lanti sazishi kanjar zalel gandu imran yahodi ki najaiz olad,2,Religious Hate
 woe hota jo manzoor e khuda hota,1,Normal
 wese kamal bat hai k gareeda k baad ab asma ki nazar b ss ki topi pe hai,1,Normal
 kisi ki niyt kb badle pta thori chlta,1,Normal
 bt jo shuru krdi phr... wase ab m phr bye bolne e lgi thi so bye,1,Normal
rt : body randi please exercise and meditate karle please bhadwi,0,Abusive/Offensive
   yahaa hoga 1st feb ko  from 12pm to 6pm,1,Normal
bc main koi 5 logon se pooch chuka hoon. waapis karooo,4,Profane/Untargeted
such men tu ek number k rundi awrat ho,3,Sexism
beta pasand bhi bande ki auqaat wali honi chahue. .mujhe yahan cd 70 naue mil rahi aur tmhain lamborghini ki pari hai,1,Normal
q aap ki nhi aai kya ? 😂😂😂,1,Normal
tune badi randiya chodi hai na. bada aya. ma yawa.,0,Abusive/Offensive
ye deshi tatta khud charsi he mc,0,Abusive/Offensive
why you are taking so much interest in us- iran conflicts...??? kisi israeli yahoodi ne nazrain rakhny ka bola hy kiya....😈😈,1,Normal
70 saal ka mard is better than a 30 year old hijra😅,3,Sexism
    haha gao rakshak hm bolte ni kr k dikhate hen.. ye 7-10 days bht zeada hen ye minton ki game h... dhamki jo de raha h usko kaho chlae bomb phr nikalna kaha se h  ghusana kaha pe h r ghusa k marna kaha h hm pe chorh do 😂😂😂,1,Normal
bhen chod insan tu kbhi mjy mill gya tjy to ma ny qatal kr dena hy tu wajibul qatal hy,0,Abusive/Offensive
bande ki shakal pe laanat pari ho to at least banda baat hi achi kr le..wrna jo ghalti se ek follower mila hua ha wo b bhag jaye ga,0,Abusive/Offensive
 na bs happy rha kro aj messi 2 goals kry ga,1,Normal
 hahahahaah really  lagta ha sirf comments leny k ley tweet kia ha ape ny,1,Normal
unka batting lineup unka bowling lineup bc no comparisonn,4,Profane/Untargeted
ye bsdka pagla gaya hai charsi.,0,Abusive/Offensive
 he is the man k woh salman sir ko sorry bol day not like paras....ghalti e na mane...but enjoy the moment today..,1,Normal
 check karwao doctor se kahin aap ko corona virus toh nahi ho giya...lol,1,Normal
meri beti ny namaz prhna shuru kya h ,1,Normal
rt : dil sambhal ja zara bhenchod!v,4,Profane/Untargeted
#article6forptmleadership  pakistan ka sab dushmano ko allah nisto  nabos kry ameen,2,Religious Hate
kbhi unko nend boht ati thi or aj wo hmse bh dair sy soty hen 😄,1,Normal
bata do koi central government aisi aayi ho. old se old issues resolved ho rahe hain kyuki willpower policy planning hai.   isey chhod kar log bas rs 500 subsidy k pichhe daudne lagte hain.,1,Normal
rt : did we punish the people involved in destroying the place of worship of ahmedi?,1,Normal
  haan bilkul she. meri b soch yehi h. aisy list m pata ni kon kon sy log hoty h.,1,Normal
rt : siddharth dhokla : bhaunk mat.   irony committed seaside 😂😂😂😂  #bb13  #biggboss13,0,Abusive/Offensive
khwabob mn mat aya kro phir  sbha nahana prta ha 😄😄😄,1,Normal
 koi shak nahi... allah apki hr jaiz hajaat puri farmaye... ameen🙏,1,Normal
am i the only one?  jisne ajj tk tik tok app install ni krea phone ch 😐 video ta ki bnauni 😅,1,Normal
ut apne baap ka nahi raha to hinduon ka kahan se ho ga. sachchai samne aayi ye theek hua.,0,Abusive/Offensive
one gk question yah halala kya hota h???,1,Normal
" yar "" abba nai maan ray "" ye wala b mazay ka hai😁",1,Normal
bestie: ho jaye bhenchod hiv mujhe nai rehna h iss duniya mai. fuddu h yeh duniya.,4,Profane/Untargeted
"tugh sey bari randi pakistan mai nahi aur haan tugh jasi randian apnay bhai aur baap sey chudwari hain, najam sethi ki aur beta hain yeh.laanat teri maa per jiis nay tugh jasi kanjir oolad pada ker kay naizi ko dey di ✋🏿✋🏿✋🏿✋🏿",3,Sexism
rt : hmary gaon mein sunset ka nazara dekh lo goizz 🙊😂,1,Normal
aik yahoodi ko maa banaya hua yar youthion kuch to sharam karo,2,Religious Hate
 bas ab nazar na lage kisi ki  bahut hi ache lag rhe hai dono,1,Normal
tum ko bc mohabbat ka ni pta. 😶,0,Abusive/Offensive
molana ki aakhirat ki fikar daikho ksko hy ? yahodi agent saaly tujhe to shayad hee qabar bhi naseeb ho,2,Religious Hate
chup be bhen chod chuttad... blocked mc,0,Abusive/Offensive
abhi fahad mustafa aa kar bolta unique ki bike kisko chaiye to sab ki awaz nikalti bc crowd may fotgi ho gai thi kya 😂,4,Profane/Untargeted
madam khud ki knowledge durust kro. kitne link mene tumko diye h halala case ke jisme aurat pregnant ho gayi h.,1,Normal
    chlo maan lia k aisa kch nai tha. mgr ye controversy to phail gai na? hum tasdiq ka naffi to nai kr skty na q k sachai to allah hi bhtr janta hy.,1,Normal
"bilawal : tum selected ho, umpire ki unhlee kaisi lagi,  niazi tum beghairat ho. liberals : wow! what a speech bilawal has the courage to speak, sher ka bacha hy tu. imran khan : lightly made fun of bilawal. liberals : selected pm, yahoodi agent, zaani, tumhari himat kaise hui.",1,Normal
many phly be kaha ha apke to kya bt hai😜😜,1,Normal
aurat apni boundaries main he achii lagte hai💕allah nay malka bnya hai💕,1,Normal
"afghans ko hi train kia tha ya jo kuch hmdard thy afghans k pakistan mai uko ko. bt ab pakistanis ko b aql a gae hai k afghans kisi k sgy nae, in k sath achai kro to ye phr b dhoka hi dty hn. jo nataij aye wo kisi ko nae pta tha k aesy ho ga. ghaib ka ilm srf allah pak ko hota ha",1,Normal
 acha ap bolti ho to mn lety yrr ap uss k he zhn ha k kia soch k likha ha,1,Normal
 cheen to ni sktay par jo gham day jataya hai na wo khush ni rehnay detay🌝,1,Normal
ary cheema meray ek dost han😀,1,Normal
ye lanati log jis ko dil krta hy yahodi or qadiyani keh dete hen. lanati insaan tum khud jhanmi ho apne undr jhank kr dekho kabhi,2,Religious Hate
 zor zor se sub ko scheme bata do,1,Normal
ye chappak wale kisi b din aake 50 cr + kar lete bc yahan lane ki kya jarurat thi...screens b achhe milte inko kisi aur movies k against,4,Profane/Untargeted
"bhai, quran ny her trah k mardun sy prdah krnay ka kaha hai... ab bajai quran per amal krny k agar aap us mein be apni philosophy daalogy toh lanatein preingi.❤️",2,Religious Hate
"maan gai tou waqhi kisi rundi ka buchaa hai,kisi humsai ki choot...apne baap ka bherhaal nai hai tou...main100% sure hon k tou apne parents ka b butamez ho ga...initially i thought k smj jai ga k gali nai daite pehle kisi ko lkn now i'm sure k tou waqhi kisi koothe ki pedawar hai",0,Abusive/Offensive
hindoo wo qom ha jinper koi nabi koi kitaab nazil nahi hoi. ye to yahoodi se bhi bad tar hen,2,Religious Hate
 ye kya bat hiwi😐😐😔,1,Normal
    yar pic to achi hai ab ese to na kaho😕 retrica nhi laptop se bnai thi or thora sa vintage ka touch hai zyada edit nahi hai q k pimples k nishan tk to nazar arhe hain 🧐,1,Normal
sab say pehlay mei traffic violation public place violation pe fines lagaonga like fines in uae.   rs. 20000 for signal violation rs. 25000 for over speeding  etc etc ,1,Normal
  hahaha behn bhai ka rishta esa hi hota hai saifi,1,Normal
aese juniors kahan huty hain?,1,Normal
 pata hi nhi tha mujhy..😒,1,Normal
  doubt tha confirm hogya 😜😂,1,Normal
 na kehti toe pata nhi zinda hoti abhi tak.😁😁😁😁😁😁😁😁😁,1,Normal
sure. thankyou 😊 ye kr k b dekh lety hn.,1,Normal
chhor bhen chod hrami hindu chhor esko😠😠😠,2,Religious Hate
ap na khud he bandr ko sherr bnaya tha laken bandr he nikla to is mei us ka kya kasur.,1,Normal
randi ki bachi qismat! maa ki lauri ny ghar jana bhi mushkil kardia,4,Profane/Untargeted
apny 3 sale iqtedar mai ak hospital nai bana saky jidar sand sharif ka elaj ho aur khan k 13 15 maheno i hukumat py etraz waah bht hoob patwari lojec oye rundi teri bato mai koi nai any wal sewaye patwari kutto k ki awlad,0,Abusive/Offensive
chup kutte is bhenchod ka bycot karo sara,0,Abusive/Offensive
"quetta pakhtoonkhwa humara gharor ha, #releasemanzoorpashteeen",1,Normal
this charsi look 😂,1,Normal
visiting. lived here for 11 years and lil' randay lives here.,1,Normal
ye teri maa ki phudi eahsan iqbal,0,Abusive/Offensive
kisi kutti k bachy taxi rand ki olaad kch shrm kr bc insan,0,Abusive/Offensive
oh kon log ooo tusii jahill andhay baysharam baigairat dallay haramkhor badzat  yahoodi agent,2,Religious Hate
bsharam aurat,0,Abusive/Offensive
 uss din gulzaar wale status pr reply kyoon kiya tha phir.. apko kaisay pta gulzar ka..?😨,1,Normal
mazak ko b  taunt smjhne walo ka b koi  haal nhi  ek toh pehly sun nhi paaty aur phir bolty kya huwa q  door ho ab wesy bat nhi krty 😤 bhenchod hi hoga ab koi jo tum se wesy bat kre...,0,Abusive/Offensive
tum charsi e rehna bs 🙄😒,0,Abusive/Offensive
 ye e rehne do,1,Normal
khan sib waqae ahmaq hi kyo ki ap jesi makar awrt si shade jo kye the😢😢,3,Sexism
wo rutha is qadar ki ham mana na sake. jate - jate use gale laga na saka. ye unki nafrat thi ya meri mohobbat. wo kabhi aye nahi or main kabhi bula na saka.,1,Normal
rt : sher akela chalta hai..aur hijra chakka hakla vimal kalua namard sab ek sath namard salman khan,3,Sexism
 nhe nhe tum first bencher thi 😂,1,Normal
 pata nhi....tumahary to bohat sary friend shongyebunsy kar lena. 😂😂,1,Normal
 but tmhary dil mein koi or😂,1,Normal
ise khud hi pata nahin hai hijra hai ya ladka hai ya ladki hai sala suar ka baccha main bhi muslim religion ko lekar koi baat karun to yah gussa ho jaega,3,Sexism
bhai akhrot kya rate hain,1,Normal
allah pak aapko sehat de aur aap rashmi ko khud yeh btaao k aapne uske liye twitter join kiya tha,1,Normal
niazi yahoodi khud ghadar hay kashmir hy bech dala 😂😂😂😂😂😂,2,Religious Hate
 haaw m to tumhen celeb smjhti thi,1,Normal
diljit kare toh aww. ranveer kare toh aww. dhruv kare toh chutia bhenchod.,0,Abusive/Offensive
teri ma ki choot ma 100 kuto ka lun bhen k loray chor,0,Abusive/Offensive
saali ik girlfriend hi nai miltiii fatigue daily mill jati ha 😫😫😫😫😫,4,Profane/Untargeted
 tum say achi hai..😒,1,Normal
stop randdi ronna — you idiot khussra,3,Sexism
aree bhenchod teri maki aakk...akshay daar gaya or rohit bolkar date change karyodiya...chota star chakki ko mention pe bhi nahi kara canadien ,0,Abusive/Offensive
gashti ka bacha kuta,0,Abusive/Offensive
abe chal teri dp aur teri shakal khud tatti jesi hai tabhi dikhane me phat rahi hogi... aya bada bhaunk ne... chal nikal,3,Sexism
bs khela ni jata ... bazu sun ho jata ha,1,Normal
  khubsurat si bat ki ap ne😅,1,Normal
" phupho  saba k khilaf ab kuch kia apnay, tou you’ll hear from my lawyer.",1,Normal
yh randi ki nasal karachi walon na jaez tang karty hn yh kanjer khud to yhan rhty hn en ki biviyan gaon ghothon m bachy peda kar rahi hoti hn,0,Abusive/Offensive
 hasi khushi ki zindagi sirf khahanyo mein hoti hai..sakoon qabar mein..😉 chanda barai sheikh chili ka makbara,1,Normal
wo pyaar karay na karay woh alag baat hai tum koshih bhi na kero yeh toh ghalat baat hai...!🤭  #thursdayvibes,1,Normal
 yeh jo v hai duniya mei sbse vdi dumb hai   aap ro mat 🤣 we love ur tweets,0,Abusive/Offensive
"shariat to yeh bhi kehti hai k buhtan tarashi mat karo, lekin log munh khol kisi ko yahoodi agent, kisi ko qadyani, kisi ko kafir aur kia kia bana dete hain",1,Normal
"iska baap jaye ga boarder pe pehra dene , kawa mafia",0,Abusive/Offensive
jalty raho.. khano per bhoonkny k lye bus tum ko.moqa hath ana chahye... beghairton pury pakistan main tum log ghandh machaty ho..,0,Abusive/Offensive
haan haan amma jb ek maar dain gi dusra jhoota mai laa kr doon ga 😌😂😂,1,Normal
bhenchod 100 follow kru to 3 follow back dete hain wo bhi newbies,4,Profane/Untargeted
bhenchod fabinhooooo,4,Profane/Untargeted
    wessy mention to aap ko krna chahiye tha 😂😂,1,Normal
tu apne baap se bol condom kyo nahi use kiya us din..fuck you!agar bc padhai kiya hota na toh ye baat boltna hi nahi.kisne tero ko kagaz manga?kaha caa me kagaz manga ja rha hai?padh bc padh kuch aata nahi aur chale bakchodi karne gandu.,0,Abusive/Offensive
😂😂😂kam roya karain kaheen kuch time bad randiyon wali feelings he na anay lag jain shadi sa phla he,4,Profane/Untargeted
 🤣🤣😂😂😂.mahi yeh tu hai na 😜,1,Normal
 uss bicharey kaa bhi tou personal hai 😂😂,1,Normal
 ye mera jism meri marzi wali khawateen chahhti hain shadi na kro just zina just zina shadi 1 jail hai zimadari hai ....ye chahti hain hum chklay chalaye,0,Abusive/Offensive
"lagta hai bauhat dard hoa hai kheeray ka abhi tumara abu mian sanp bhee marnay wala haramzadi, gashtee😁😁😁 randi salee",3,Sexism
 main to dua karti hon k aj mujhe shanawaru bhiya se reply mil jaye ameen🙏 😆😉😀😃😄😆😆😆😆 👇 ,1,Normal
abe o chutiye caa h kya pata h yaa firr baise hiii bhonk raha h kuch bhi  kya dumbass h yrrr y 😂😂 koi bc isse chawanprash khilao isse 🥰 pagal ho gaya h y chutiya,0,Abusive/Offensive
 q apko bhi kisi ny sister kaha hai??😂😂,1,Normal
mery pass tum ho. no problem.,1,Normal
wo larkia kha sy milti hn jo apny bf ko iphone or dusry mehngy gifts deti hn...???,1,Normal
bhaag bharwe 😂😂😂 pehle canadian ko indian banne bolo. aur btw wo citizenship b honourary nehi tha bsdk ne bheek maangke liya tha,0,Abusive/Offensive
kr dee na khusron wali bat😂 bs sabit ho gya khusra lafz ata ha to bilawal ata ha or zyada khusray aty hain to ppp k supporter or karkun aty hain...or mei wasy pmln k supporter dhkan kay mun waly,3,Sexism
kutto ki tarah america maar raha hai tumhari kaum ko...aasmani kitab walo...israel roj filistin may maa chod raha hai tumhari.... pahle unse nipto....dare hue log😂😂,2,Religious Hate
 😂😂😂pkka koi na koi to mili hogi tabhi hua hoga,1,Normal
 jb me bore hota hoon na aisay hi ultay lifz likta hoon.,1,Normal
pagal yahodi daboo imran chore zakat khore yahodi destroyed pakistan and business of pakistan nation,2,Religious Hate
  bhai twitter per bhi shear krna chahiye .....,1,Normal
oye fattu  agr tere me himmat hai na to ye dhamki hume de ki faad dunga . saale body bna lene se mard nhi bnte smjha. acha hua asim freeze tha wrna teri aidi gaand todta ki tu chlne laayak nhi hota.. chutiye thoda tameez se rha kr television pr.,0,Abusive/Offensive
yahodi agent k kaam dekhay zara.. quran pak ka nazra aor tafseer lazmi sab schools private aor public sector main aisa agent too ham ko chahiay tha well done pti,1,Normal
randi in mandi,3,Sexism
zalmi k aan hn aap zalmi ki shaan hn app the one & only   😍🔥,1,Normal
like u mourn someone its bidah u celebrate someone its bidah har cheez bidah bhenchod mar jaein kya??? how boring,4,Profane/Untargeted
rundi ka bacha bharwaaa,0,Abusive/Offensive
ye bc aese bethe jese qul khawani p aye hen🤦‍♂️😅,0,Abusive/Offensive
hats-off to the fellow commuters for standing up to anti-semitic abuse.  musalman yahoodi bhai bhai.,1,Normal
 haan chal chal overavting mat kar ab,1,Normal
"behnlode teri maa chudata hai kya congress or muslim se kutte ke muth  saamne hota teri maa me chod dete bc ,mc bkl",2,Religious Hate
 bro sab khaya karo bro,1,Normal
jhoota shaitan jaali p m imran chore zakat khore yahodi agents both are bajwa and imran chore destroyed pakistan and business of pakistan nation,2,Religious Hate
tera dna to kutton se milay ga abe bharwe,0,Abusive/Offensive
"rt :  1942 azaadi ki ladai main log mare 20,000 aur 2019 main ek bhi nahi.. ye bc kaisi farzi azaadi hai 😂😂",4,Profane/Untargeted
ap boht mukhtlif han shyd men ne boht ahle tashion ke daikha magr ap muktlif han pak han aap men ne iran ke lrkion ko be daikha woh to jesy bibion ke shan ko amjhi he nai han kubhi ap boht mukhtlif han mera maqsad boht bara hai..... men woh hn jis ka intzar hai dunyan ko 🇵🇰✌️,1,Normal
to be na randi hy na asle....shame on u,3,Sexism
ye gashti fuzla fazlu. kisi randi ki najaiz aulad h.,0,Abusive/Offensive
haye allah jeee logo koi hy ???? yahan miada ko dhookey hi mil rahy hain,1,Normal
 main bhala kiyoun roun gi  or ap k samne to bilkul bhi nahi,1,Normal
bahanchod ye kya bakchodi hai?ye koi chutiya khana hai?,0,Abusive/Offensive
 haan sacha piyar aur insaniyat ka injection agr prents ne tarbiyat mai dala ho to essa zaror hota hai,1,Normal
tum bc ho be,0,Abusive/Offensive
tery jesy haramiyon ko bathroom mei mout ati ha. haram ki nasal. randi k bachy. bhenchod madarchod k bachy  bhen k loddyy,2,Religious Hate
aap itni cute kyun ho yar,1,Normal
"apni amma ko bhej chudwane k liye madarchod saale randi ki aulaad,  madarchod, bhenchod",0,Abusive/Offensive
 o hello meri adhi say ziyada tweets retweet kartay ho baki toh hit nhi hoti.. yeah tweet hi achi thi..😒,1,Normal
salo pe condoms khareedne ke aur beer peene ke paise.hai lekin 500 rs hostel ka nahi bhar sakte areee madharcho hum kya gandu thee jo 2400 rs deke hostel mai rehete thee. maro salo ko daura daura ke. randi ke bache 🤬🤬🤬 #jnuprotest #shutdownjnu,0,Abusive/Offensive
 main multi talented hoin 😂 .  sb ata hai mujy....,1,Normal
 exactly agr ye march ho k esa system bany jis mein in ko puninsh de jay women ko rights & safety de jay to zada behtr h or hashtag ki wording change ho is traha to bs apas mein larna ho ga hasil kch nahi hona,1,Normal
  ab to hum ko bhi pata hai mgr ham nay 2 ghantay pehlay pocha tha,1,Normal
 pata ni shehnaz kese brdasht krti he ise.....bahir aa k use kitna dukh hoga...,1,Normal
       dibbe me dibba dibbe mein cake himanshi khurrna jo teri beizzati hui nationl tv par pehle wo jakar dekh pls pooja mam kaur b mam app logon ne bb dekha hai to pls iss aunty ka muh band krvao #ilovesana,0,Abusive/Offensive
kutte ke bache haram ki nasal,2,Religious Hate
the most overrated sound in tiktok  ohhh noo no noo ohhwjwhwhq  bhenchod,4,Profane/Untargeted
 han pucha tha ab jhoot mat bolo..🙄,1,Normal
woke up in a not so good mood. opened a snap from a friend which said 'koii kutta bc meri bike chorri kargaya' and now i'm not so sad.,1,Normal
"randi k usman baaap h tera, mjhy bolta hai arha hun or usay bolta ghr mehmaan aarhy....",0,Abusive/Offensive
 khushkhbri ha... now enjoy urself,1,Normal
rundi fuckoff,3,Sexism
abe sali randi ki aulaad madherchod tumko bharat me darr lagta h to pakistan ja waha marwana,0,Abusive/Offensive
pehla iske baap ka naam dusra bhai ka naam. kisi ka badla ni le payegi ye charsi...,0,Abusive/Offensive
mujy ab ghanta farak nai parta bus baki k 23 ghanty parta hai.,1,Normal
ap k pas time kum hota hy kuch 2 3 months lagatar krna ho ga kam interection shuru ho jao ga 15 20 din bad hi,1,Normal
  hhhyyynnn 😦 mjy to nhi pta. ab to ho jani chahya. pakki hai bs main chooti sy 2 km peechay tak nhi hai. wahan ja k agay apko jeep ma jana parta. or jeep walo ny sai loot machai v,1,Normal
harami yazeedi yahoodi americii,2,Religious Hate
 quam ko rehny dain sirf apny opar se clear karwa lain,1,Normal
quaid e azam se zyada zaheen aur shatir loug us dhor mein mujud thay per mukhlis sirf quaid tha tabhi hume pakistan mila ... pata nahi ye loug itnay ahmaq q bn jate bar br 72 salo se ye chor bewaqof bna rahay hume,1,Normal
  sahi. me ne kisi k tweet ko rt kia tha...,1,Normal
ye bhenchod marwane hi jate hain dearest,0,Abusive/Offensive
sahi bhenchod nasli dalaloun ki family sy belong krty ho....chal es trha kr tjhy kharish bhot hai jagah time btaw pta chal kn kis marta hai...waisy baqi dalaloun ny es ka jawab nhi dia tu dy dy ota chaly tu sahi dalall hai??😂😂😂😂🤣🖕🏿,0,Abusive/Offensive
tujhay pta tha paras ki gf h phr b uskay sath kisses karte rahi tujhay tatto nazr nae aya? fake aurat,0,Abusive/Offensive
nai bdi soni lgo gi  tiktok bnao or mujy btao ma tmhy judge kro ga,1,Normal
  achaw bhaya cigrate churwany wala charus pe lga gya😛,1,Normal
apki bhi dimag akhrot se hi wapis aya tha 😀😀,1,Normal
kiya naibe nay pti main saray chorown ko nahi chohra. saray chore dakoo pti hakoomat main hain. fashist govt pti central and punjab failed & kpk kuchra govt failed khosa chief unjustice harrami. bajwa and imran chore zakat khore yahodi agents both are. sale kashmir perchase bajwa,2,Religious Hate
"rundi k bache teri maa ki phudi ma lund maroon. haramzada, behen chood",0,Abusive/Offensive
 oh  you got permission from bajawa sab to tweet this .,0,Abusive/Offensive
rt : tauba tauba ka aalam hai yeh!! “army chief baap hota hai” federal minister shahryar afridi   jaan inhe allah ko deni hai!,1,Normal
 janu manu searching kr rhy hoty hain apny liye bhe 😂,1,Normal
madharchod rundi family jitni jaldi ho sake utni jaldi desh ke gayab jo hajo india ki miya chod rakha hain tere company ne jinda rehna hain ya baap ki tarah boooooom dhamaka.... fixed?????? 🤖🤖👾👺👹💀☠️🖕🖕🖕🖕✍,0,Abusive/Offensive
bhenchod pakis over hype everything  century kya lagadi aus a ke against they act like they never seen such anything like that same goes for their t20 ranking too,0,Abusive/Offensive
  pakistani police k nakay lgwanay parnay takay jagah jagah rokah jay apko yah aik e dfa pakr k kisi k dil ki jail main dal diya jay😂😬,1,Normal
 logon ko bolny do khud wo kro jo khud ko theek lgy #simplerule,1,Normal
 well done sir. ap ny proudy ka channel ko chora tu woh channel osy bhi naseeb nahyn hua. yeh hy asel makafat e amel. well done sir well done.,1,Normal
 how can i get pass to enter in the uni onu ny gate per he rok laina 😢,1,Normal
bhen chod!!! what ?,4,Profane/Untargeted
twitter bhenchod! chup kar ja.,0,Abusive/Offensive
haa!! nau so choohay kha k billi haj to chali ... dunya bhar ka rundi pana ker ka aub ye abaya phen naik perveen bani kharri hay!,3,Sexism
  bad mein aonga   ye b mera he ha 🙂,1,Normal
 mene kaha me q btaon sab baten huh,1,Normal
 hahahaha,1,Normal
 sir yahan se ggps qila cheet singh ko 3 rasty jaty zara dekhain 5 teacher kaisy kechar se guzar k jateen...tawajoh karwain atleast 1 road bnwain,1,Normal
 sahi baat ha😬,1,Normal
bhenchod pooray,0,Abusive/Offensive
paid valo ki maa ka bhosda randdi ke aulad hote he paid vale kutte,0,Abusive/Offensive
jab budhay hojao gy tab apne twitter pe kiye randi ronay par hassi ayegi,0,Abusive/Offensive
 tm kasi bhs kr rhi islam ny kuch haddy rakgi hn,1,Normal
facebookiye strike incoming bhenchod,4,Profane/Untargeted
    or kuch galat bach gya ho to vo b likh do shehnaz k barey main,1,Normal
hijra!! paka,3,Sexism
 chl jhoti wo mara hi nih...kal dekha mn ny ise🤣🤣,1,Normal
funny krty waqt kuch to wazn.ka khayal kro idi ty mj da v nai honfi😂😂😂😁 ,1,Normal
is kanjeri k bachay ko sab k samnay letta k jootay marna chaye ya phir is ki behan k sath b assa hi salook kerna chaye ta k donara kisi ko kisi k behan beti ko black mail kernay ki himet na ho.,0,Abusive/Offensive
aur imran yahodi kuthi k muth marega in sha allah,2,Religious Hate
  ma mazaq krr rh tha😐😐😐,1,Normal
inme se kisi se fb nhi milta medam,1,Normal
ye bahan ke lode humare yaha hote to inki abi tak maa chod chuke hote hum itni okad ni in ganduo ki,0,Abusive/Offensive
  is mulk main islam aurat k libas se start ho kr isi pe q khatam hta h?,1,Normal
kun tmhry dil ky neechy akhrot latak rhy hain ;),1,Normal
charsi hotel sa😂,1,Normal
exchng ho ga tou status show hoga syani,1,Normal
inn coaching vaalou ko kaise pta chal jaata hai mera result bhenchod.,4,Profane/Untargeted
hum pani ka aik aik qatra bacha kr agriculture ko frog de rahay hn,1,Normal
"okay, will respond you later on the same sir,  for the time being  sunn bhadwe  maa chudwa ke aand ke beez harami ke pille randdi ki aulaad saale haram jyada madarchod teri maaki chuut dalle, chudai khaane  just want to see ur reaction lodu😂  maa chudwale harami  cc: ",0,Abusive/Offensive
marna nai ab plzzz abi to boht agy tak jana ha hum ne 🙊🙈😍,1,Normal
mae kahani mae aik naya mour bhe la sakta houn..  mae tum say milnay japan bhe a sakta houn,1,Normal
 😂😂 yr mai itni bor ho rhi na bta ni skhti  dil krha nas kat ln😂😂😂😂😂😂,1,Normal
han bharwe hun to?,0,Abusive/Offensive
hahahaha dekh li thi tweet 😂 lakin yh mghay bilkul psnd ni ay,1,Normal
rt : kaisa jism aur kaise marzi??,1,Normal
seriously i miss writing assalamu aleikum on twitter samjh hi nahi ati baat kahan shuru hoti hai kahan khatam ,1,Normal
  abey haramkhor samal brahman nahi hote hain.. haramkhor tujhe agar kuch pata nahi to yahan gand marwane mat aaya kar.. pehle bastard tu likhna padhna sikhle.. sachai yah tu hamesha gulam hai aur gulam rahega.. tere liye e twitter samaj nahi hai,2,Religious Hate
   u haven't control on ur hand what r u texting mujhe toh aappe taras aa rha hai seriously so much hate for shehnaaz u have i want to tell u one thing  jinke name prr aap ne apni id bnayi hai atleast unke bare mein soch k tweet krte they respect the girls nd u disgusting tweet😠😠,1,Normal
  msla bhai wha restaurant ya shrab khna ka ni.......msla ya ha ka ya yha pr boht shdded bemar tha.....adlat ni ja skta tha kmar dard sa.....pr wha sab acha.. .. mtlb ya ka inho na hma awam ko phuddo smja huwa ha sb kanon hmra lia e ha in hramzado ka lia koi kanon ni ha,2,Religious Hate
"uff, tum apni rooh capitalism ko beich chuki ho. yeh kya yahoodi propaganda phela rahi ho?",1,Normal
"ishq main nakami kay bad main seedha uskey ghar gaya, usne diya dhaka, chat se gira aur mer gaya. mer ker utha, main nikla toofan ho ker, sabne kaha ""agaya tu jawan ho ker""",1,Normal
🤣🤣🤣🤣 ha yr hote h kaii hmari family me toh time hi nhi asi baat krne kaa 🤣🤣,1,Normal
aik to ap sedhi bat ko b nagetive hi lati ho phly hi kha tha positive lo r nazar aa rha ha miner kon la rha ma ya ap,1,Normal
you banchood! rundi,0,Abusive/Offensive
 mat drao...vote kro zayada zayada ta k sid se b age nikl jay....pata ni sid ko itne vote kese aate hn,1,Normal
why nawaz sharif khandani ameer give you imran chore zakat khore yahodi any one rupee bond. shamed you are doing nothing for pakistan but do every thing for trump and moodi,2,Religious Hate
akhrot ho kya?,1,Normal
 tum ko koi sheram ya haya aati hia k nahi,1,Normal
 apne kaam se kaaam zyada bhdwa mat ban bjp ke kutte,0,Abusive/Offensive
rt : please disrespect mat karo gadhe ki ye sala akhrot si shakal ka.,0,Abusive/Offensive
"  listen, mind your words! goli lagna koi choti baat nahi hai! chahe jaha mrzi lagi ho!",1,Normal
rt : na chyro humein hum sataye hoy hain,1,Normal
yar usko log khate peete bhi nhi dekh sakte  #stoptargetingasim,1,Normal
 pupho chup kr k beth ja,1,Normal
  kb kis bt py py mry ko yaad nhi,1,Normal
this chutya is behaving ahmedi/atheist but when someone mock them he will start crying.  mock someone else religion is fun for him.,2,Religious Hate
we are shias we donâ€™t follow halala or triple talaq,1,Normal
 allah tala aap ko slamt rkhy hansty muskuraty rho,1,Normal
randi ke bache tu apne hashar ki fikar kar.,0,Abusive/Offensive
  i know apko samg a jana tha 😎😎😂😂😂,1,Normal
 baji humari billian to bc kuch samajhti hi nai humain 😢.,4,Profane/Untargeted
rt : jab tak hammare paise nhi deta marne nhi dena isss bharwe ko,0,Abusive/Offensive
this stupid fucking idiot is sitting on my window seat and telling me “there is no difference” bhenchod tu beth aa ke ullu ke pathe,0,Abusive/Offensive
kuti randi,3,Sexism
bilkul sahi faramaya aap nay syeda.,1,Normal
sahi kha rundi ourt,3,Sexism
#slanty khaty huey jaan boojh kr 2-4 bed pr gira deta hn ta k baad m #surprise mily 😝🤣🙈😂,1,Normal
rahul gandhi terrorist hai  aur uska baap tha terrorist,0,Abusive/Offensive
ps: main bhi small handle hoon.🙏🙏 abhi abhi ek bhai saheb taana maar ke gaye hain 😀😀,1,Normal
tu bhenchod badmaash hai?,0,Abusive/Offensive
bajwa is ahmedi? 🙄. how did he became coas then,2,Religious Hate
wo kutya asa nahi karag sir ji,0,Abusive/Offensive
 bas ab ue tweet kar di hy dil toor diy🥺,1,Normal
 aap log noise create krte ho aur hamein parhne nh dte..😂😂,1,Normal
 haha meri gm late howi na 😂😂😂,1,Normal
  khud kon c doodh ki dhuli hai logo ko sab pta hai kashmeera k bare mein,1,Normal
   bar bar na na na karke kon aya piche piche,1,Normal
pakistani awam bewakoof hei lekin india ki awam to aala darjay keh ahmaq hein woh yaqeen bhi kar lete hein in baaton ka,0,Abusive/Offensive
    pata ni kes bat ka bdla leya hai ap ny mere se es ko mention kr k,1,Normal
randwe please can we fuck to the twilight soundtrack please just once bharwe,0,Abusive/Offensive
 adorable? maaro mjhe maaro yeh koi mazaq ho raha hai kia? 😭,1,Normal
"as per constitution of pakistan, a transgender (shemale/hijra) cant be pm of pakistan. so keep crying no one cares!",1,Normal
"abbey halala ki paidaish, 5 baap ki aulaad. patthar baazi ke alawa kuchh kaam kara kabhi teri kaum ne ?",2,Religious Hate
  clr choose karna tha us k leye main ny whatsapp dedo wala choose keya 🌚🌚🤟,1,Normal
 hahaha yaar mera b dil kar raha tha k gym join karon extra weight nazar ata abh,1,Normal
ha apko nahi tha bura na mane 💕,1,Normal
"in a world full of ""dost dost na raha"" be someone's ""tere jaisa yaar kahan"" ♥",1,Normal
 aap khaein hum abhi aaye,1,Normal
flop  randi hai deepika,3,Sexism
"aur gainde fawad where do you use this machine in your country ?  muh se papad nai toote, gaind se akhrot todne ki baat 😒",0,Abusive/Offensive
yaar such a jealous soul u r... allah se dua karenge jissey aap pyaar kare wo bhi aapko na mile... jo dusro ke pyaar se khush na ho usey zindagi me pyaar milneka koi hak nhi and when i am typing this msg everyone around me say amen,1,Normal
"no fan of zia but it baffles me that we glamorize bhutto considering he declared ahmedi’s non muslims, banned alcohol, made islamic studies compulsory in schools among other things.",1,Normal
dhoka khane k baad oska aitbar uth jata haa sbsee or dosre mard mai b interest ni rehta...ku k aurat jism k ley ni chahti jbk mard jism k ley chahta😌🙂,3,Sexism
bhenchod   ki statement sun ly. minister ki gand me ghus rha hai,0,Abusive/Offensive
     haha ye pagal ho jata hai,0,Abusive/Offensive
kreyszig tera bera gharaq ho,0,Abusive/Offensive
insaan ki dukhti rug uski har taqat se badhkar hoti hai #asimfans,1,Normal
 esi soxh k sth hen educated persons thankx sister 1 educated and islami aurat e esa soxh skti hai,1,Normal
  samjha toh dunga bas ye mat bolna evm hack ho gai,1,Normal
 allah pak aap k nseeb achy kry aameen,1,Normal
har shabb •e• gham ki seher ho ye zaroori tou nahi 🤩,1,Normal
tre to umeed hi kisi chagal jai cheez di honi hai... jesa naa wese hi kartoot hone ne 😊😊😊 ,0,Abusive/Offensive
chal saale bharwe admin  teri aukaat hai analysis krne ki 😂,0,Abusive/Offensive
ap log is qabil hi nai ka ap logo ki izzat ki jae or bat ihteram se kia jae . kio ka ap log yahodi or hindu kafir  se kafi ziyada bara fitna ho,1,Normal
rt : bs yhi hai sacchai inki... jnu ki randiyan 😂😂🤣🤣,3,Sexism
  just fun 😠😠itna serious mat lo,1,Normal
charsi gaffora fir aa gaya yahan muh se tatti karne 🤣🤣🤣,0,Abusive/Offensive
bhai hindu terrorism kuch kl tak toh religion terrorism ka koi naamo nishaan nhi tha fir ab hindu terrorist kaha se#hinduterrorist,1,Normal
 gusay main ho medu appaaa?,1,Normal
jis trah bao g or billu mori k lun pa char ka nachte rahay jamhuriat ka randi rona rotay rahe anjam dekh lea.ab     ka anjam pmln pppp or molana munafiq jesa hoga.saray bharway gaddar afghanion ki palet nasal ki manji thukne wali ha.,2,Religious Hate
"sirf tauheed kaafi hai kya?  tauheed per to yahoodi, nasraani, christians bhi hai. inke nazdeeq bhi allah sirf aur sirf ek hi hai (but risalat me gadbad hain ye log)",1,Normal
kutta kal se bhaunk raha hai!! roti nahi mili kya abhi tak mehnat ki??,0,Abusive/Offensive
akhrot 😂,1,Normal
beautiful tweet mayray dil ki baat ap nay ker di. thank u like 💔,1,Normal
muje yaad ha zara zara tumhe yaad ho k na yaad ho,1,Normal
   uss water main doob jao,0,Abusive/Offensive
"mother language day! ""meri maa boli punjabi zindabad e rehni ay""",1,Normal
 bro... rt krna hoty wo nhi hota hum sy... hn koshish kru ga apka # tag use krne ki🙏,1,Normal
ye bat waqt butye ga,1,Normal
#shukla sahi h mahira dogli h sali randdi bhn ki laudi jhootha iljam lagati h nicha dikhane k liye,3,Sexism
abay rundi ki bachay... tere maa ko kitne mardon k paas bhejaa hai dallay??? itna experience hain na tereko saalay hijre hrithik ka bacha hai hee nhi jo usmein milega???? saalay wikipedia tere sex partner o gay prove krdiya,3,Sexism
 sir abhi tak online c leave ka koi faida nai hua. aj mujy chuti chahiye thi lykin nai kr skta ku k mea ka visit nai hua abhi tak.,1,Normal
bharwe khadi pahen gandhi ki tarah tu to suna hay 12 lakh ka suit pahenta chutye wasting tax payers money aur chutya banana bandh kar,0,Abusive/Offensive
tumhari aukaat hai saale randiyo ko nachana jaante ho iska matlab ye nhi kuchh bhi bologe,0,Abusive/Offensive
gashti no 1,3,Sexism
 phir first class kaho na..😂😂,1,Normal
shukria bc tyri waja sy bht hasi aj myn wo b talha wali pic ki wja sy😂😂😂😝,0,Abusive/Offensive
it's their way of saying bus ab humein jaldi jaldi say rok do. let's see how long usa and iran play this boring game.. ye bhenchod humein chutia bana rahay hain 80s say..,0,Abusive/Offensive
  nhi block nhi karna..iski twitter i'd bhi main ny khud bana k di thi..😂😂,1,Normal
 pyare larki ko koi ignore nahi karta,1,Normal
fasla rkhain  baad me apki hazaroon majbooriyan nikal ati hain,1,Normal
yeh to tm nay buhat ache baat kahe. wese aj kal wale situation bhe maqafat e amal hy😂.. kaya tha na jo bhe imran khan ka naam ly ga woh yahodi😄,2,Religious Hate
fir hasso bc sab😂,4,Profane/Untargeted
 sahi baat hay itni zayada mushaqat karnay say insan bemar per jata hay,1,Normal
rt : woh apna shoes size twitter py bta rhy  bc yahan bata ki dukan khulni. kal jummah ha masjid sy apny size ki jhuti utha lena,4,Profane/Untargeted
   chl tu na aa hum a jayn gy,1,Normal
koi nai sab apnay. mafaad aur uper sy ishara milnay par sath bethay hain naya ishara mila tu ithaaaddi phurrrrrrrr sy udddr jain ghy,1,Normal
ek baap ka raha tu to ek insaan ek ko bhi nikalwa kar dikha yaha se.....bass bhaunk mat yaha,0,Abusive/Offensive
"unfortunately, our judiciary system is yahodi terrorist just for poor not for rich",2,Religious Hate
bhenchod emoji dekho konsa lagaya hai 🤣🤣🤣 katay hue lullay se kis baat ki sharam?,4,Profane/Untargeted
ye batt bandr ko dilli sadma pohncha sakte hai 😝😁☺️,0,Abusive/Offensive
 ma nai ap ny roona 🙄,1,Normal
birthday tk 400 followers bhi nhi hony lagy mere khyal se 😑😪,1,Normal
 😂😂 boht achi baat hy ab apny isi decision py qaim rhna😂,1,Normal
like its about fucking time bhenchod,4,Profane/Untargeted
is kutiya raand ko arrest karo... ye bc dange karwane k liye gundo ko bula rhi h... is randi ko iski aukat dikhai jaye..,3,Sexism
sach main tonsils hien do din se,1,Normal
haha kya ho rh aj ma ny miss krr diya🙄🙄😐,1,Normal
 😂 😂 😂 😂 😂 😂 google map location ni nikal paa ra,1,Normal
mjhy nafrat ha. aa k beth jaty khana khaty raat 12 bjy tk sar rehty. mjhy gussa ata,1,Normal
 mar rahi hun kiya main tumharay follow k liye..😒,1,Normal
agar bhenchod ab bollywood stars ne muh khola support mein to they will be fucking complicit in this crime and they should declare that they are just puppets of modi!,0,Abusive/Offensive
  kal ap k pm ne kaha pakistan pe qabzay k liay 10 days chahiay  we welcome him tea is ready,1,Normal
 jaldi ni abi to time aya h choti abi 6 months ki h,1,Normal
 tu khisak yaha sey gandu,0,Abusive/Offensive
dekh le noty rikse wale ke bhi ache din aa gaye bhenchod ak hm log hai lanat hai😜😁😁,4,Profane/Untargeted
how patwaries defend this👉👉...u yahodi agent we don't need lawsuit we know ur agenda..😂😅🤣,2,Religious Hate
agar officer aise kare ga to hm kia kre ge,1,Normal
is mulk mai pak fouj he mardd hai baaqi sab idaray khusray banay hain,3,Sexism
 kon si tweet,1,Normal
", ,laanat ho peri shaklo🖐🖐 from lhr😌😊",0,Abusive/Offensive
wo khush hai per shayad humse nahi  wo naraz hai per shayad humse nahi  kon kehta hai ky unky dil me mohabbat nahi  mohabbat to hai per shayad humse nahi 💔,1,Normal
nope i’m not!  i’m so massom that mjhe kisi ne realise karaya 😂 ,1,Normal
han ab ni hun bc 40 saal guzar gye is bt ko,4,Profane/Untargeted
"wasay india ke sub larkya pakisatn aati han, iss hesab say tu khusray tum log howay,wasay abhe india mean suna ha awaam halla bol rhi kya wajha ha, sargecl strk kab kar rhy ghus k, koi movie hhhh",3,Sexism
 hum kon sa rishta lanay a rahy han🤣😂🤣😂🤣😂🤣🤣😏😁😁,1,Normal
 kon c treat?,1,Normal
bc pura qaleen eee lapait lai.,0,Abusive/Offensive
tjh msg kia tha me ne mnhoos aurat tb zrurat thi ai ni huh,0,Abusive/Offensive
sab randiya ha jo gandagi faila rahi society me,3,Sexism
 lanti insan google kro phr bakwas kro ahlebait jan qurban hy tumhari trha nhe bughz main bhray hoay,0,Abusive/Offensive
"i'm not talking about liberal girls na ye march un k ley jo already liberal ya be haya ha is march ko un girls k ley h jo mard ki hiwas ka shikar hn jo mard ki wja se apny dreams se door h, jin ki life barbad ho chuki h #auratmarch",1,Normal
pata chal gaya tum kis darje ke c. ho . arey bewkuf pehle caa ke baare me padh uske baad bhaunk. jo yahan ke citizen hain uneh kuchh nahi dikhana. logon ko bewkuf mat bana .,0,Abusive/Offensive
wo 313 thy to larzta tha zamana. aaj ham arabon me hain to karty hain ghulami. #pakistan,1,Normal
 main ny is say ziyada horror dramay or movies dekhi hain..🤣🤣,1,Normal
 aur one thing is also exposed by kashmeera ke siddharth shukla ne shehnaaz ko kabhi safe nhi kiya usne hamesha tera sath diya hai mtlb caller of the week ke baateein sab jhuti the aur ab prove b ho gaya hai sana real hai,1,Normal
 matlb apko hai na😂,1,Normal
en judges ki gand ma ap log danda q nae dete ye bhen chod sirf en choron ko relief dete hain or aaam awam mar jati hai likn insaf nae milta.,0,Abusive/Offensive
lakh di laanat iss yahoodi par,2,Religious Hate
"i swearrrrr. matlab banda aram se europe mein rehta, aur yahan bhangiyon ke liye jaan maar raha.",0,Abusive/Offensive
this is yahoodi terror we have condemned this cowardly attack on pelistine sooner or later israel will be destroyed if they continue doing like this pani me reh kar magar se bair bahot mehnga padega #stopisraeliterror,1,Normal
aur  ansoo bahany ki bhtreen  jagh sajda ha 🖤🖤,1,Normal
you promised your father that you will be a hijra?,3,Sexism
ye bhenchodo ko ab kisase azadi chahiye,0,Abusive/Offensive
 bs kamai ni na ubi,1,Normal
han aur wo poochtay bhi hein beta dekhi😂😂😂,1,Normal
ziqr hua tumhari badnaseebi ka ki jo tum kisi se pyaar na kar sake aur ab toh tumhe kya sikhaya hum tum toh beena sar paon k ek pesach nikle...,1,Normal
bhenchod tu kaun h be😆😂,0,Abusive/Offensive
ganja kanjar to tha hi beghairat bhi raj ke hai 🤣,0,Abusive/Offensive
salman bhai namard nahi hai ye randi ke canadians ki gaandh jal gayi hai jabi ye trend kar rahe hai ye.,0,Abusive/Offensive
 sab mila hova ha,1,Normal
koi issue nhi . ban jao bhen meri 😊,1,Normal
kabhi chiniot ke neechay sonay(gold) ka dariya behta tha. phir yahoodi sazish ne us azeem shaks ko jisne is se faida pohonchana ussey tha baray bhai ki rescue mein laga diya.,2,Religious Hate
rt : baat kerlou bc,4,Profane/Untargeted
ye  halala ki paidaish h,2,Religious Hate
 kaun hauy bkl ye,0,Abusive/Offensive
kis bhenchod ne kaha hy ye,0,Abusive/Offensive
hume tum logon jaise sr azadi chahiye halala ki aulad,2,Religious Hate
"ek tha charsi, bhatti. jamati got him to drop chars and help in the ways of god. everyday before prayers ameer of jamat would say, ye bhatti hai purana charsi tha ab nahin. tees din baad bhatti kehta, mein charsi tha tu 3 log jante the, jamat mein aa ker poora mohalla janta hai",1,Normal
"plz help him shaukat khanum ny is student ko blood cancer diagnose kia ha, or discharge kr dia kio k yeh finance nai otha sakta",1,Normal
  ja bibi maaf kar..🤣🤣,1,Normal
    bass iski kami thi wo bhi poori hi gae hai 😏🤨,1,Normal
acha kch bnana ata ha tmy 😜😜,1,Normal
me :-  happy single day bhai apan log sakte hain😎 my friend :- bc ya to ho gaya jalim duniya ko dikhane ke liye bhenchod koi milati nahin or milati hai to bhav deti nhi 😑😑 ,4,Profane/Untargeted
why am i so akhrot? parh parh kay sab ko parha parha kay paper dekh kay aisy lagta jasay kabhi kuch parha hi nai,1,Normal
bhai wo 10000 kits wala kia scene ha,1,Normal
ye fake hai is ki maaa ko chut randi sali,3,Sexism
please all muslims come one page and unite  insha allah   yahoodi isreal finished all,2,Religious Hate
  kis bt ki shrm bhai 😐,1,Normal
baap ko bhej tere baas ki baat nahi,0,Abusive/Offensive
"abe oi motherchod, bhenchod kadanchod, apne aukat pe rahe samjhi na, randi khe aulad...! hijde xale",3,Sexism
 tum he hoe,1,Normal
"dono pde pde soch rhe honge ,bc ye kya kr diya😂",4,Profane/Untargeted
 app k liye fr b time nikaal liya krna mene jaan ni chutne wali ab,1,Normal
   shukar h ye judge ni bna😂,1,Normal
 kya pta tha m apko pehly yaad krwa deti😁,1,Normal
you are a little rundi.,3,Sexism
tum chudai khano ko kuch hazam nhi h.. ghr pe moti gand leke baithe rho..,0,Abusive/Offensive
shakl to is qabil b nhi k koi larki dekhy or marnay ki baat krta hai. tery naseeb mai teri maa jaisi randiyan hi hain 🤣,3,Sexism
it’s fake news yr had hy verification kr lea kro bc,4,Profane/Untargeted
   passenger ko black list mai dala hai aur kuch kia nahi hai !  rule violet mat karo shanti se jao koi kuch nahi karega,1,Normal
kismat hi kharab hai saali,4,Profane/Untargeted
  bhai ye sab kaise hojata hai?,1,Normal
teri maa ki kuss abhi tak laura nai mila tumai,0,Abusive/Offensive
#ausvspak ye bharwe t20 khel rhy hain ya odi,0,Abusive/Offensive
tum jaisay beghairat dalal tu abe tak keh raha tha ke wo bahar nahe jana chahta aur document or sign nahe kar raha hay abe wakeel q cabinet me bheek mang raha hay beghairat kaisay karletay ho,0,Abusive/Offensive
dembele rundi ka bacha,0,Abusive/Offensive
at least apke dost toh hain na.. idhr toh saare snake's🙄,1,Normal
"why should pakistanis hate a human being just bcuz he is a yahoodi ??? prophet muhammad had good terms with jews, he did trade with them, he used to sit with them.. these bastard mullas have polluted our socity . madrassa system should be banned.. its a brainwashing system",1,Normal
it seems we are not part of lagos state the roads that left out be repair from ahmadiya to toll sango and beyond and back to ahmadiya left and right we suffer going and coming back every day,1,Normal
"rt : yaar magar wifi bandh na karna, missile vissile daal do koi dikkat nahi, magar internet chahiye bc",4,Profane/Untargeted
   me abi ye city chorne lga hn 😆😆,1,Normal
 is ki qurbani sub say berhi hai.... is ko tahpar saari umar yaad rhain gy 🤔 ,1,Normal
rt : 'meko bore ho raha hai' ka kya matlab hai? dast hai kya bhenchod?,4,Profane/Untargeted
"teri maa ki choot mein saur ka l, tera baap gunja jis ko teri maa chopay lagati hai vo adalat se reham ki bheek mang kar gaya hai. naa aya to maryam ki phudi maren ge, teri maa ki choot.  teri maa pe kuttay charen, zardari bhi tera najaiz baap hai. use jail mein humne dala hai.",0,Abusive/Offensive
 i can say that too but i read it carefully ab tou sb mehnga itna ho gya hai😂😂 pata chlta rheta hai 😂😂,1,Normal
are you one of them jinhe namaz parhe bagair sukoon ni ata?,1,Normal
"  thank god mantasha tmhari ankhon say pati utri   tmy ""aj"" pta chala but der aye drust aye",1,Normal
kesa chutiya wazier e azam ha apni he hakumat may apny he bendon say phudu ben gaya ye ehliyat ha bayghart kanjar kashmir frosh lanti sazishi imran yahodi ki,2,Religious Hate
"and you are pakistani why are you so much interested in india matter pak was made for muslims why all of them didn't get there?? after babri demolision in india, 30 hindu temple were demolished by jihadi in pak...recently ahmedi mosques was demolished in pak",1,Normal
finally bajwa is caught with his pants down...bajwa is an ahmadiya.,2,Religious Hate
bara gand gand araha hai aj kal bharwe lagta hai boht logo ko di hai,0,Abusive/Offensive
yeah to pehly hi bhugat k aya ha qandeel baloch wala mamla🤣,1,Normal
chudai ho jati saali ki....,3,Sexism
bhen chod kuch kaam bhi kar liya kar. bas khaali baithe baithe baatain hi chodta hai tweeter pe chutiye. sale gulalali ko bhi baksha..,0,Abusive/Offensive
saali struggle karke aayi hai 😂😂😂😂😂,0,Abusive/Offensive
"hazrat hussain(r.a) ne irshad farmaya ""zulm k khilaf jitni der se awaz uthao gay utni qurbani dane paray gi""  pakistan ko kashmir mein zulm k khilaf awaz jald uthani chahiye",1,Normal
 jab mai bulata tha tab ata na. itni party karwata chal kay wapis na ja sakta.,1,Normal
hmmm .. sad nd sorry for that bro .. u got some hrami bharwe... 😡  shi bat thi k find krna prta tha .. ur effort was great .. but sara kam khrb ho gya 😔,0,Abusive/Offensive
salahudin k baap ne bola k ham case wapis leity hein.tu koi issue nahi koi somoto nahi .is applicant ne bola k mein darkhawast wapis leita hoon tu us per pahla somoto then1 din bhi de dia mulk k aaein se problem nayi qanoon sazi coas k mansab ki insult pm k ikhtiarat ko challange,1,Normal
 nahi tumse koi shikayet  bas itni c iltija jo hal kargaye kabhi dkehne mat ana,1,Normal
tw imran yahoodi ki biwi khatoon e awwal hai kya tm logo ko matlb bhe pata hai khatoon e awwal ka,2,Religious Hate
teri soch or teri harkat dhek lagra h k tere abu k jaanay k baad tere ghar me hindu yahoodi christian buddhist aate the or un ke jane k baad urdu baloch sindhi phthan punjabi meman bhi aate te abhi tak tere abu shak me h ye mera nahi ho sakta,2,Religious Hate
allied health sciences waly students be kia ajeeb cheez hoty hain er main apko esy ghooraain gy jesy phly kbi kisi ko dekha ni hai..and when you ask them for help..ahhh they feel so important 😂 i have heard their gossips...omg,1,Normal
hey guyz is bechary newbie  ko follow kr do 😂 ,1,Normal
you’re the harami person i’ve ever seen! 🤣,2,Religious Hate
saalay fankaar b bohat hain,0,Abusive/Offensive
"like no response to him sitting with mulana while calling people yahoodi and qadiyani, the one thing which got taseer killed?  really?",1,Normal
muslim countries ki leaderships na mard napunsak or hijra hain.. in mein koi dum nahi.. ye kuch nahi kr sakty.. jinnah ki rooh tarapti hogi.. jinnah ne kashmir par attack ka order diya tha..,3,Sexism
  bhai is badhwe ka video mat dalo,0,Abusive/Offensive
yeh guzaar jain gi mgr inka january nahi guzray ga   kuch kro bhaeee. ,1,Normal
sabko fallow kia huwa hi ab mera name b list main daal day naa,1,Normal
is ki apni beti yahoodi esai k sath shadi kr k bagi itna beshrm khud sar pe hath rakha,2,Religious Hate
 kachra london chala gya wo uthna tha khair aib bri teri hey,0,Abusive/Offensive
sab k sab hi piaray hein yaaaarrrr ,1,Normal
tum hamesha chuttiya hi rahigay. lanati insan,0,Abusive/Offensive
i just  said that bcoz muslims declare everybody yahoodi agent and qadiani.,1,Normal
 niklo dafa ho yahan say.. ,0,Abusive/Offensive
ye zameen rok jaey asman jhuk jaey tere chehra jab nazar aey🌷,1,Normal
diwali release hf4 ka nahi likha? bc 3900 screens par thi vo aur clash with taapse 😂😂,4,Profane/Untargeted
chl chl apne baap ko mt sikha.... teri aukad h bhenchod block krne ki jaa krde,0,Abusive/Offensive
bc use pussy cat b kehte   pta ni kb tera gnda mind saaf ho ga,0,Abusive/Offensive
no no ...... hindu na kah mujhe ........islam bura maan jayega .......kaafir kah kaafir...,2,Religious Hate
jab sa ya kuta aya ha mulak  men kisi adary men aman ni keyon ka ya yahoodi anant  kisi door men hamari awam na army ka khalaf aik alfaz  tak ni nikala ab  israel or american ka khawab poray ho ray hen pori dunya men pak ki jag hansai ho rahi hen keyon pak maddena ki reysat bana,2,Religious Hate
tweeter par hi bol sakta hai tere jaisa harami ka aulad. samne se tho madarchod kabka apne purwaj se bat kar raha hota.. bahanchod,0,Abusive/Offensive
"sitting with uber driver at islamabad he was against the technological approach only because of the technology were made by ""yahoodi"". when i reach to the destination point i ask how much you burn the fuel? he click on the uber software and told me rs 247.🙄  ",1,Normal
   shah g ap hmari shaadi pe ayen gay pher? ya janbaazo ki shaadi attend nahi krtay....!😊,1,Normal
"esko bayghart kashmir frosh gandu lanti sazishi bayghart kanjar imran yahodi nay he btaya tha k nawaz sharif bemar ha ab tu apni niki baji paish kar q k tery najaiz abbey nay bola ha 😅😅😅 😅 😅,abusive/offensive,51197244043681554434,1197244043681554434,asimrafi9, mahan bayghart kanjar kashmir frosh lanti sazishi imran yahodi",2,Religious Hate
tu or tere jese log jo halala ki paidaish h vhi jimmedar h . #kallua,2,Religious Hate
bhai wo sb thik hai lekin aurat ki izat krna seikho. apny ghr b aurtain hongi unko b yhi khty ho?,1,Normal
 ma ghr ma bat nahi krta .,1,Normal
bc urdu me too kutte hii bolen gen na,4,Profane/Untargeted
 ary nh hotaa wo to bs thrkiyon se bchny k liye thora bht dikha deti hongi attitude once they get comfortable tb to attitude nh dikhati i guess..,1,Normal
resign kar kyun nahi dete? ??😛😛 ,1,Normal
"abe bsdk mene terko katuva nahi bola me kathua case ki baat kar raha tha vo typo tha,muje ye acche se pata he ki tu jaichand ki aulad he.kathua case me kaha mar gaya tha tu jab tere jihadi baap or bollywood k bhadve hindu muslim kar rahe the.",0,Abusive/Offensive
ye bs phr isi wja se boys pity hain kyn k girls ko smell achi lgti hy. badlo awam 🤷‍♀️🤷‍♀️,1,Normal
jb ap ne haq ka sath hi nahi dena to phir ap ke sath yahoodi govt theek hikr rahi hai,2,Religious Hate
 yes offcourse meine kuch b nahi kiya,1,Normal
itne log msg krte hain aap ko😬 apun ko koi nahi karta. apun ke liye sharam ka maqaam hai,1,Normal
randi ho tum,3,Sexism
ajeeeeb bc 😒😂,4,Profane/Untargeted
mooli ke parathay bananay ke liye gas ki zarurat hai. you see it’s complicated here ,1,Normal
 hahahahahahaha aray nahi me sirf ye bata rhi hn farmabardar bv kasy banti😂😂😂😂🤭,1,Normal
 ap ko mera bary mein bara pata hai 🧐,1,Normal
"guys m confusing bw ""bhadwa or randwa""....🙄",4,Profane/Untargeted
jahan apko lagy k apki jgha nahi hai wahan logon ko aagy pechy dhaky mar kr jagha bna lein. es mein emotional hony wali kya bat hai🙊,1,Normal
kitne paise liye the randi ne is video ke liye,3,Sexism
🧿🧿🧿🧿🧿🧿🧿🧿🧿🧿🧿🧿🧿🧿 waale buri nazar waale haters salon tm sab ka mu khota and kala ho jaaye maine aaj realise kiya #sidnaaz haters kitne jyada hain baap rey,0,Abusive/Offensive
surely voters needs that when there elected pm is called israel ka supporter/gustakh e rasool/ kashmir ka saudagar/yahoodi agent etc,1,Normal
lauda mera bhenchod saale,0,Abusive/Offensive
 bas batain kara lo tum sy,1,Normal
astaghfir allah. ye na sirf haramzada hai bulkey khanzeer bhi hai.,2,Religious Hate
 ma ni tu rahnay day,1,Normal
"jab aap ny ek maulana ko pusha tha k aap dalit muslim bolty to sunni shiya or ahmdiya per kyu nhi bolty...ahhahahahhahahahha mja aaya tha,",1,Normal
 osama bin laden was also a scholar rahul ..make him your ideal as well and tel this to us goverment wenever u go to us..then will see what they will do with u..bhokne ki azadi sirf hindustan main hi hai..,0,Abusive/Offensive
"ye sale randiya nachane wale, hume batayenge ki kya sahi kya galt, abe sabse galt kaam to tum he kar rahe ho, samaj mein gandgi bharne ka",0,Abusive/Offensive
bayhooda aur kameeni aurat hay,0,Abusive/Offensive
"ap dekho gy aap agr garbage pay bhii kuch banao gy ye log dekhain gy,,, raah say bhatka dia ab jo marzi dikhao inko",1,Normal
 acha wo achy wali pics ki bt horai han tau tmny knsa di thi :),1,Normal
 kuch nhi brother..mujhy behn ya baji keh diya karo sister mat kaha karo..😒,1,Normal
 ye ap ka number hai,1,Normal
      bhai ye lomdi pagla gaya hai,0,Abusive/Offensive
sale chakke ka 1 flwr nhi or bate dekho. ja apni randi ma k sath jake dhanda kr nikal 😂,0,Abusive/Offensive
"he's a former ahmedi, and now an atheist. he isn't even muslim and insulted the prophet too,the grim north",1,Normal
is randi ne bi mera chapa hai,3,Sexism
aur bhadwe.....saali gandi paidaiish dono sath do ek dusre ka tum dono ka rista kya hai? kuch chal to nhi rha pichhe?😂😂,0,Abusive/Offensive
my irl is pissed bc i wont give her my twitter its for your own best sis trust me,1,Normal
rundi ronaaa teraa,0,Abusive/Offensive
"ek baar egypt me galti se shirt le liya female ki.  bc- button hi ulte the, dimag ghoom gaya.",4,Profane/Untargeted
jab masjid ko log tala laga dete ha to masjid ke chande ki peti ma to pesa hota ha g,1,Normal
bc 40 rupees karaya kar diya hai is se acha to banda uber ya cream karwa laye 😏😏😏,4,Profane/Untargeted
  ye inform nae b kary gy main tab b kar dugi help don't worry 🌚🌚😂😂,1,Normal
 ye tm jo kh rhi ho ye tek h tm muslim ho tera mzhab tje ijazt dita h nnge sir vedio uplod krne ki muslaman orten kbi ye nara nh lga skti agr une apne rab pe yaqeeen h to.. phly apne greban me jhnko shem on u,2,Religious Hate
hahaha... q ye sirf khatoon ko he kehna q be izati ha?? jab mard ko kaha jaye k wo army ki waja se bana ha tab izat ka khayal nahi ata khusray tujhe???  aur haan tu pese k nahi.. kisi aur zor pe bani ha... ahukar kar usne wo nahi kaha....,3,Sexism
is repair khusray chupay ka mun wali ko b tag karo bhaio kyun ka isay b 2 mun wala azdaha ha...,3,Sexism
imran chore zakat khore yahodi destroyed pakistan and business of pakistan nation. molana fazulurehman zindabad pmln zindabad. molana zindabad defeated imran chore zakat khore,2,Religious Hate
tum dor raho danish bhai se warna me tumhari phudi phar dun gi,0,Abusive/Offensive
 jagh sb hi rahe hote singal social media pe nazar ate ar engaged apni partner k sth busy hote 😂😂,1,Normal
 bhai jan yah pm ban'ny ki rehearsal kar rha h.,1,Normal
 tere sir teri trah hen,1,Normal
"tery jesa gashti ka haraaam ka jannaa ni dekha madarchod k bachy bhenchod... wafaat paa gya h wo , randi ki nasal...",3,Sexism
ganja almaroof corrupt maryam almaroof chor ki beti sharif family almaroof chor or dhokebaz or harami khandan,2,Religious Hate
phattu bangalis ..,0,Abusive/Offensive
"rt : by that logic, ram singh after raping nirbhaya inserted the rod in her vagina and pulled her intestine with his hands",1,Normal
55 muslims coutries  israel ki palastine per qabza dakhty hue...🌚 ,1,Normal
  koi baat nhi wo jab hoti tu hoti na ab main line maro aap ko if you don’t mind just kidding ok,1,Normal
yahi  bhaunk  le  tu. vo  sare  kanjar  budhe  chhater  hai hrami,0,Abusive/Offensive
 afsos hai apki soch pr or kuch nhi keh skti. allah hadyat dy ameen,1,Normal
koi mujh jesa masoom hai yahan jiska 14 feb s koi taluk wasta nahi?😑😕,1,Normal
jee koi masla hai?,1,Normal
jin k jaane se jati thi jaan humne unko bhi jaaty huwe dekha hai/.....😃😃,1,Normal
    haqqanis jo k state sponsored terror group ha unko b murad ne state se moheb e watan accept kia.,1,Normal
"bc har roaz usko yahoodi agent bolo, puppet bolo, taliban khan bolo, imran niazi bolo, cocaine khan bolo tab akhlaqi paimanay peh naap tol nahi ki jati.  jab woh kuch karain to besharam ban jata haim  disgrace to his seat ban jata hai.",1,Normal
tang do is beghairt talaal ko,0,Abusive/Offensive
aby kbhi b ni ayi pr jis trha tu story suna ra h lgta teri amma zrur gyi hongi 😂😂😂 or phr tu huwa isi liye pic mn b mun chupa k rkha koi bap phchan na ly ye to apun ki lgayi hui satt h jo aik randi ko lgayi thi💖😂😂😂😂😂😂😂,3,Sexism
  mickey mouse dakho chup kar k 😤,0,Abusive/Offensive
ye baat to tujhe teri maa bata jo roj vahan chudai karwa k aa rahi hai,0,Abusive/Offensive
pagal aurat..,0,Abusive/Offensive
ye politics krne vale hi har jagah bad me khud liķh dete hai ki politics ho rahi hai..😑😑😑,1,Normal
tum randi,3,Sexism
randi kiya jane   izat,3,Sexism
 yesss😂😂....dukh hota hai jab aise batyien poochta hai ❤️,1,Normal
 wo to theek hay par molvi sahb ne ni manna k arman ko b qabar me utareen😀,1,Normal
 attention ni mil rhi,1,Normal
tera rundi ronnaaa kisi masalli ki aoulad kasbi hy ya phir mochi begherat aourat,3,Sexism
 ap ne apne point of view bata dia... ab sab ne jo karna hai unko karne do..muft ki behs main kia hai,1,Normal
abay rundi ki bachay teri gaand kyun jl rhi hai phir?😂,0,Abusive/Offensive
us waqt rate sahi lag jata tou altaf hussain ko media baap bhi manta aur ishara milnay p hamla bhi qarar deta....intellectual prostitutes,0,Abusive/Offensive
 adhy animals mjhy bhej do na 😒😒,1,Normal
randi orat tu ny kitny paisy lie hai jahanger treen sy 😁😁😁,3,Sexism
 ab bqio ny kehna hmmy to pehla pta tha😂😂,1,Normal
ha buhat allaw a ! nwxt deakhty kb aye ga season 2,1,Normal
rt : aurat hoti to bhatak jati  maaa nhe bhatak sakti ..  these lines have my heart 💕 #alif,1,Normal
  wo wqat gya gab tomary gasy gdaro ny zkhm dya thaa,0,Abusive/Offensive
abhi gandi nale k paidawar pore omar haram ka k pale bade ho ghasti k bachy pore dunia k udhare ho chutia..,2,Religious Hate
  ye dakhoo in k fan hony ka proof 🌚😂  sambhal kar rakha hai main ny 😂😂 ,1,Normal
 bili ko b ye log chain s n bethne dete 🤦‍♂️🤦‍♂️,1,Normal
tou case kero ns per sarkaar ka paisa aik zani khan ko kion diya jo ball tampering kerta tha.aur apni maa ki name per siyasat.awam ka paisa kisi kabil bandy ko dena tha na ki haram ki aulad paida kerny waly shrabi kababi ko.jwari ny paisa lotaya apni yahoodi saly ki sath.,2,Religious Hate
 bhai kisi doctor ko dikha... tujhe psychiatrist ki jarorat hai... shaheen bagh ja k unki baatein tu sun.... khoon nikal ayega kaan se... saale anti national #rambhaktgopal  #lekerrahengeshaheenbagh  ,0,Abusive/Offensive
i don't think kissi kism k masail k hal k liye march ka koi mamooli sa bhi faida hota hy..,1,Normal
bc!v another hour has passed! somebody please tell me how to stop listening to this song!! #listeningtoitonloop!!,4,Profane/Untargeted
wo kehti ha muhabat krte ho tu 200 ka load bhejoo!   kya kre ab bechara zaigham?? 😪🌚,1,Normal
me right now: ye sun'ny k liye intzar kia tha! 😑😭 #pslv #psl2020 #tyyarhain ,1,Normal
 mujhy pata hai tumharay sath kiya hua hai..🙃,1,Normal
  or tum apni chutki ki kon kon si akalmandi ko jhutlaoo gy 🙆🤭🤐,1,Normal
sab kr ry hen  ka 😂,1,Normal
 sunna b mat😂,1,Normal
leave it jeetna to 😂😂shukla ji ko hi hai...bhaunk lene to kutto ko,0,Abusive/Offensive
 ye log apne mulk se bahar jate hi apni oqat bhol jate hain,0,Abusive/Offensive
likhy jo khatt tujhy wo  teri yad main hazaron rang k afsany bn gaye.,1,Normal
 us ki mt tension liya kro,1,Normal
   hehe...ye bechara abhi baccha h...aunty bol raha h to iska dil rakhne k bola...,1,Normal
abe halala's product...london se yahi sikha h ki always talk nonsense and divert every issue as hindu-muslim..abe ja ye gyan kisi or k dena...wo 15 min k liye police hatane ki baat krta h,2,Religious Hate
or tujhe kothe ki randi bna diya jaye,3,Sexism
"not surprised comment came from ahmedi. tbh, i won't be surprised when some christians will argue that they r included in muslim category too. just bcoz they believe there is only one god.",2,Religious Hate
for all those dumbass people hating on #asimriaz aukaat paise nhi toli jaate aukaat toli jaati hai aapki soch se aap kaise bolte ho doosron ke bare mein asim is hot headed but he knows wat respect is uss chutiye(paras) ne kaha tha ke ma baap ne kuch sikhaya nhi hai aaj nazar aya,0,Abusive/Offensive
aik taraf yahudi ho aur aik taraf panjabi to pehle punjabi ko marna chaye yahudi phir bhi insaniyat dikha sakta hai ..,2,Religious Hate
rt : ye ab nend nai ari mjy bhenchod subha uth kr prhna b ha kiya yr ajeeb jhand life,4,Profane/Untargeted
  meri pic ka glt use kia ja ra 😑,1,Normal
raabi u r my favrit aur aap ko bht bht mubarak naye zindage shuru krny prr,1,Normal
bc ghar wale bhi soch rahe honge yeh kya system paida ho gya sala lagta programing galat ho gayi.... sabsi badi confusion iske liye ladka dhundheyge yaa ladki😉,3,Sexism
akhrot uthane wale b kabhi kabhi end he ker deta hain🤣🤣🤣🤣🤣,0,Abusive/Offensive
randiyon k st yehi kya jata hai,3,Sexism
hareem shah aik wahid trend ha jo har thory din ke bad twitter trends ki zeenat banta ha wah hareem shah wah. mujhe lagta ha ke qandeel baloch ki tarha ab hareem shah ka akhari waqt a gaya ha ku ke wo bhi mufti qavi ke pass paunch gai ha    #hareemshah,3,Sexism
sahab yeah yahodi lobby ka agent bht bhonk gaya ajj 😡 khair ho?,2,Religious Hate
"phatt gai abi, gashti kehte hein tmhin bcz you are that.,",3,Sexism
ye kutta halala ki aulad hai,2,Religious Hate
muje to nai ati galiyan bc ko bhi bahut cute meaning samjta ho 😂😂😂🙈🙈🙈,4,Profane/Untargeted
mara jism meri marzi mushahid ullah khan speech in senate kamal ka jawab...,1,Normal
🙂😂😂😂😂😂 sala charsi,0,Abusive/Offensive
tu asli madarchod hai abhishek singh. pakka halala ki paidaish hai tu,2,Religious Hate
tmhari megtivity hoi ha... baki alhomdulillah sb dunia limits me heeen,1,Normal
tou sirf m studs ki randi h,3,Sexism
ki haramzady ki benaami olaad bc kutti k bchy,0,Abusive/Offensive
bakwas na kar bharwe ye jo itni pakistani aurtein tv presenter aur anchor hain ye dikhai nahi deta choti soch wale,0,Abusive/Offensive
woh tere baap aur behen hai... lekin tu to hijra paida hua hai,3,Sexism
 sir apne ye bat kehkar dil jeet liya,1,Normal
"abe jijde ki nasal to tum endian ho sale phuski reporter ,pata nhi konse apne dusre daap ki baat kr rha ha bharwe main to tera post dekh kr teri ghand marne agaya aur ab puri market jaunga sale chutiye suwar 🤣🤣🤣 <ab tere jija ki i'd se aunga 🤣🤣🤣🤣",0,Abusive/Offensive
"ha to mat dekho na , apni mahira ki tarah yaha pe bhaunk kyu rahe ho ghatiya show karke ? vaise bhi mahira ka ladt week hai ghar me",3,Sexism
waoo waitng kb available ho ga??,1,Normal
 ap books parhein kia rasool ki beti ko naraz krna rasool ki gustakhi nhi. jo unky jigar ka tukra thi tafarqy ki einak hata k sochein,1,Normal
"putari bund kur dien democracy ki. pakistan ka nizam quran hoh jaise israel ka qanoon unki muzhabi kitab hai.....aqal ya toh le keah paida hota hai ya kisi aqal mund se seekha jata hai. yahodi se aqalmund koi nhi hai, please follow them.",1,Normal
dhhuurrrr bhosari ky chawal hi mari imran ky dally,0,Abusive/Offensive
"rt : boys says "" i'm single "" girls says "" i already have a boyfriend ""  to bhenchod ye larkiyan kahan set horahi hai???",4,Profane/Untargeted
"ex muslims!!! there sunni muslims kill siah, ahmadiya muslims. can't imagine condition of other religions hindus, christians... and we r talking about non religious person.",1,Normal
fatehpur layyah main pehli bar itni bari mehfil ka ineqad kya ha  design by:zahid digital printer  call. 03067793239,1,Normal
rt :  interview lene wala b gashti ka bacha hai or dene wala b,0,Abusive/Offensive
sher ka beta hijra nikla....that is what general public will say/is already saying.,3,Sexism
oqaat wesy yehii ha hmarii,1,Normal
 😂 nhi pata lgta apko? new rules aye jaisy specific time ky bad security nhi milti edr b yhi hissab slip expire ho jaye gi,1,Normal
 men hbl use kr raha hon or achi services hen us ki.,1,Normal
laanat ho inn logooo parrr,0,Abusive/Offensive
jo teeka tujhe lgata tha wo wala isko bhi lgnaa chahye..,1,Normal
mei souch raha tha ye kon uloo ka pata hai likin ye tho uloo ki patii hai😜😜😜,0,Abusive/Offensive
"dear islam, please do not label humans as sunni, shia , ahmadiya , ibadi, kaafir .. please",1,Normal
hello friend  good night  or ak  bat  kal jummah ha nah lena 😜,1,Normal
 kis trf say?,1,Normal
yaar bhenchod what the fuck is oomfs,4,Profane/Untargeted
😪pora week uni mein kutto wale lag jate he or jab holiday par be koe apke gahr subah sawere tapak gai na dil karta unke mun me akhrot rak ke hammer se maro etna tez kon bolta hai baheee🤦🏻‍♂️🥀,4,Profane/Untargeted
aur 3 kilo akhrot,1,Normal
#nokia connecting people tikau phone akhrot ko tod de 🤣🤣🤣😅,1,Normal
hope you stocked up on akhrot.,1,Normal
 aurat khiloona nhi h jis se sukoon lena h bs us k sath bht se or chezain jurri hain. ye aik muhabbat ka rishta h aik ehsaas ka rishta b h aik ayat na focus karain bs agay pechay b dekh lain. ( sada alfaz mai tarjuma b kr dia h 😅 ),1,Normal
rt : bc stop quoting these mf songs in urdu who tf finding it funny i wana talk???,4,Profane/Untargeted
ye ekdum low grade ka jassos hai fb pe jaake meri karizma ka number nikal rto wale site pe jaake pitaji ka naam search kar soch raha tha dara dega mujhe surprise kar ke isse pata nahi iske jaise kitne jhumte hai akhrot jaise aage peeche,0,Abusive/Offensive
jab pata na ho kuch to munh nahi kholna chaye..  maulana jo halala karta ha uske kagaaz dhundho..,1,Normal
mc aaja parle kha le randi ka baacha,0,Abusive/Offensive
hahahahahahahahaha hahahahahahahahaha pagal jahill jaliii dalal kanjar baysharam baigairat yahodi lobby k agent haramkhor badzat  niazi khottay k puttar,2,Religious Hate
kuch bhi to nae hai bhen g. 👀,1,Normal
ha raat ko kangress walo ki achi khabar leta hu 😅😅😅,1,Normal
  khan sb k jany k bad pata chaly ga in par kitny lagy hay... bara tara bemar dado jasa mo hay...,0,Abusive/Offensive
but tum nee joht kha tha us din dil toots 😤😪,1,Normal
rt : fight back sana toh thik h fir bhi lekin ye people's choice rashmi kon trend kra rha h bc😂😂😂😂,4,Profane/Untargeted
india mujy lagta wela e ha.. pakistan k elava kch sojta e nai usy,1,Normal
    hahahaha acha mazaq ha 😅😅 bhae khud wo krushna ko kbi g ni bolti doosro se ku bulwati? even jb wo khud aya tha tb positivity thi yento negativity phela,1,Normal
   acha agar aisi baat hai tau you wanna have the taste of your own medicine? ready?,0,Abusive/Offensive
bc apny wali mjhy dy dy,0,Abusive/Offensive
itni hemat nhi ha ok abi tang kia ha or ma ny jawab dya ha agy b asy he muh toru gi😏😏😏😡,0,Abusive/Offensive
  agyaa tu sasti chars ka nasha kr k😂😂,0,Abusive/Offensive
wah bsdk usme sachin tendulkar ka naam bhi h us par bhi bhaunk le aur 8-10 baap ko tag kar tab jake rt milenge,0,Abusive/Offensive
kutya tere yar ne 3 shadiya ki he..,0,Abusive/Offensive
"just tell me who runs india's economy govt companies like bsnl, or pvt like jio and airtel stop cursing billionaires and businessman. they build the economy without them the nation is bound to doom. automotion is good.",1,Normal
oh bc teri maa ka yaar bag gia ha....lakh lanat teri shakal sy....,0,Abusive/Offensive
  apna dm activate karain twitter per,1,Normal
rt : the whole nation sees the but  doesn't. you know why? bc goons were hired and allowed by govt n police themselves,1,Normal
ye qoum k bachay nhi hawas ke pujaari hai bharwe.,0,Abusive/Offensive
faasla rakhain baad mein aap nay nabz kaat leni hai,1,Normal
 ni ab to jo marzi ho jay biyah tum say he karna hai,1,Normal
"sanaullah said""according to islam and pakistan’s constitution, those, do not believe in khatam-e-nabuwwat are not muslims,it is our duty to protect minorities of the country but the ahmedi's will first have to stop claiming to be muslims. #pml #ahmedi_issue,",1,Normal
badi taraqi kr li hai bhenchodo amazon py b mil rha,4,Profane/Untargeted
randi saali,3,Sexism
 under19 jo 31 ko hoga us match ka squad to share kr dyein🙊,1,Normal
 aur han tumhari jaan ni chori i am dead busy for past couple of days,1,Normal
 ye to berra ghrk kia hoa food ka😐😑,1,Normal
"saqib nisar mirasi yaad to aata ho ga.. daily court, daily sc k bahir aik tamasha...us time yeh sahoolat sirf aik zaani, cocaineee aur yahoodi k liye thi.. jo haal us baba zehmatey ka huwa, us se bhi bura is donkey raja ka ho ga...",2,Religious Hate
bosdk teri maa ki choot marunga bahan k lund lodudin mulle ovaisi k tatte bahan k lund bhosdi k gaandu ki aulad converted mulle bahanchod darpok lode se janam liye hue dheele lund,0,Abusive/Offensive
why you write bc if you can write bhenchod ??? why you write mc if you can write madarchood? ??? why ???i repeat why???,4,Profane/Untargeted
 yr scooby i iz ur frnd na suna kr🥺,1,Normal
likha hai naam dekh lein 😬,1,Normal
"it was a great honour to attend a reception hosted by ambassador randay w. berry at his residence where i met the honorable jared polis, i was thrilled to know that the honorable jared polis is an entrepreneur.",1,Normal
fuck yaar bhenchod. internet ne gaand mar di lekin mera pyaar sachcha hai,4,Profane/Untargeted
   han bhae mjy dar lag raha hai eski dant se,1,Normal
tri bhan di phodi hijrey ki shakl wali kuti gashti rokhail try jsy ki main fre main gand na maro tu pakistan army py bonkti he hijra k shakl wali,3,Sexism
"an uneducated duffer is much better than you, an educated moron who disrespects an acid attack survivor... chhatri maadarchod",0,Abusive/Offensive
 hm tery bhi khilaf hn or orat march k bhi,1,Normal
"someone with #leadership skills, a believer of #diversity should be pm  #byebyebibi #gobibigo #crimeminister #israelex19v3  #jews #israeli #israeliarabjews #africanjews #netanyahu #christians #arabchristians #bahai #druze #ahmaddiya #unitedisrael #nomorebloodshedontheholyland",1,Normal
 nah main is barey main ap nhi bol raha ap koi motivational batao us pr baat krtey,1,Normal
lol waisay jitnay sharif beghairat hein utnay supporters besharm. will lie repeatedly without any hesitation.,0,Abusive/Offensive
nhi teri ammi h ... halala ki paidaish.,2,Religious Hate
bohat bari chutia ho tum randi ho bohat bari ho,3,Sexism
 hello agar apko hamari service se mutallik kisi mushkil ka samna karna padh raha hai tou apne connection ki maloomaat humain dm ke zariay bhejein aap ke maslay ko jald-az-jald hal karne ki koshish ki jaye gi.,1,Normal
 aameen kahin ap safai ki baat tou nai kr rai room ki 😂,1,Normal
ary yeh dhandli nahi dhandla hai ,1,Normal
"tum one sided love ki bat krty ho, hum ny to one sided friendship b nibhai hai.🌚",1,Normal
ahmedi mirziee qadiyani hargiz kuleedi uhdu pe nhee janay chahien warna hmari agencies pe swalia nishan hey,2,Religious Hate
matlab hum chutiya hain? humein kuch samajh nhi aata? loru baap ko sikhaoge topidrama kese hota hai? bhenchod.,0,Abusive/Offensive
tm apny uuhdy se isteefa do bharwe tmse acga javed latif ha,0,Abusive/Offensive
poch ly tari bhabi ha kuch mah bd hamari shadi ha,1,Normal
 tum first bencher thi na 😂,1,Normal
ager tumeh thik se tatti nahi hoo tu oskeliye bhi muslim zimmedar kuch bhi 😂 kab tak muslim muslim karke randdi rona ronge 😭,0,Abusive/Offensive
#khuda ki qasam agar mey hota tu zinda nahe bach sakta ta muj sey ye beghairat kafir yahoodi.,2,Religious Hate
bahanchod aukat nhi h to yhi sb krta h mc,0,Abusive/Offensive
jahan mein ayi deewali badhy charaagh jaly🔥 hamary dil mein mgr tery gham ki aag jaly🔥 ,1,Normal
 🙄🙄🙄🙄kisi ko kya problem hogi buddy,1,Normal
mujhe jeena hai to murnay k liye jeene hai❤,1,Normal
a chup kr le to li teri ab kitni le ge,0,Abusive/Offensive
bhaunk nahi raha tum logon ko aina dikha raha hai un ko kiya pata tum logon ko aina dekh kar nechey se aag lag  jati hai,0,Abusive/Offensive
 tera kuch nai ho skta😐,1,Normal
"apna banao note churao decency ka faida uthao  pyar bantne aye they.  ghar ki hawa badlne aye they. ""ouch ye kya hua wo toh khud hi badal gaye"" kya ye china main badtey ja rahe corona virus ka asar hai ya wo aise hi they 🤣🤣🤣   ",1,Normal
 haan bs itny main,1,Normal
nasal uski badh to waisay nahi rahi to patakha phat bhi gaya to usko kya!! kuch hoga to taqleef hogi,1,Normal
lahore high court nh ha jo jeet jayngy in logon ny pak k bera gharak kiya hua ha wahn k nizam mazbot ha wahn bhi andar hongy wow asman sa gira khajore atka,1,Normal
 cigrette vale pe b blush kiye thee,1,Normal
ussi din apka dimag apke liye life jacket ka kaam karega..!!!,1,Normal
yh randi dalny q ni de rhi,3,Sexism
"imran khan a looser destroy economy badly not capable of anything with dictator cabinet mp's &amp; also he is drunk all time break rules of islam he is qadyani ,yahoodi agent",2,Religious Hate
 aap ke jwabo se pta chl rha he ke hum dono e vely he😂😂😂🥺,1,Normal
i should be sleeping magar nahi ulloon ki tarhan jag rahi hon.,1,Normal
haha bas dekh lein😂😌❤,1,Normal
tu pakistan ja randi,3,Sexism
#mediastayunbiased mulk me media ik munfird ba khidmat addara samjha jata ,1,Normal
randion ka tola,3,Sexism
 ab bhanaa jo mil gya hn or sath nibhana sikho or kisi or ka sath aisay mat karna 🙏💔,1,Normal
prayer hay ye akhrot 😅,1,Normal
 thank u main jab jao ge tmhary liye dua karo ge insah allah ❤,1,Normal
 mere jesy ban'na v mat😂😂 parhai sy bilkul door ho jao gi😁😂,1,Normal
jahiliyat ki v had hai ye apne ghar me slave ki tarh rahti hai aur bahar kutto jaise bhaunk rhi hai... shame on these ladies,3,Sexism
aftab ne start kiya pahle ham to acchi tarike se baat kar rahe the hijra number van hai aap per thodi pata nahin ladka ya ladki hai  ...,3,Sexism
koi bhi sab jhoote hn koi islam k naam p vote le rha hai to koi ksi dsron k naam p...sab munafik hn,2,Religious Hate
hahahaaa aby abi jga kya ye jwb dny k liye 😂😂,1,Normal
be auqaata hai ye choora changar yahoodi nachne wali afgani ka bucha,2,Religious Hate
  nae jan mazak kar rae thi un k sat.. or unko pta chal gya that i'm mazaking 🥺🥺🥺,1,Normal
 kutte tere abu imran ka be bhoonk,0,Abusive/Offensive
 is not good*,1,Normal
rt :  itni jaldi kya h madarchod... avi toh subah tk tera gand marenge... randi ki aulad... namard salman khan,3,Sexism
"yeh pher behtar hain, meri university ke yahoodi class ke 50 logon ko free propaganda trip ke liye israel le ke gaye...aur meri class walay gaye....",1,Normal
bhai ham bhi ap sy love karty hain one word hamary liyay,1,Normal
😡😡😡 tujhy abi b kh raha baaz aja samjh ai tu ha hi randi pta b chl raha ha k kesi tarbiat ki ha ap k maa bap ny teri,3,Sexism
 kiyoun aisa kiyoun hota hai?????,1,Normal
#zeenahindarega darna bhi nahi chahiye aap sach ke saath hain sudhir ji,1,Normal
  christine teri buddhi...ph****,0,Abusive/Offensive
apnay ghar py nazar rakho bajay k kisi ko beghairt kaho,4,Profane/Untargeted
dekh logo ko cheat b krre h ... or ek bhenchod hmara to koi katne ko b tyaar nhi 🥺,4,Profane/Untargeted
haj jitna bi mehnga ho jay jis ko khuda apny ghar bulata hy wo paiso ki waja sy ni rukta i smjh tum jesy logo ko koi bat chahiye hoti hy bas apna randi rona ly ky a jaty ho,0,Abusive/Offensive
 ma masoom aur payra  phaly ki thira,1,Normal
phr akhroat hi kha chlgoze ko bhul ja. 😂,1,Normal
 acha acha ab santie mat ho.. aesa to nae bola main ny 🙄☹️,1,Normal
harami haram hi kaam karenge aur haram hi bolenge...113 ki indirect subsidy to abhi bhi li...and just till one year back you were taking it....haram to tim ho. halala ki paidaish...,2,Religious Hate
 kaya baat bai zindagi tu sirf inko hi apni aziz hy baki awam jain bhaar mein.,1,Normal
bilkul bhenchod,0,Abusive/Offensive
 yeh jo cheating ki hai yeh shukla ko mahaan dikhane k liye hi ki hai  shukla stand lega sabaashi milegi,1,Normal
ye tu bacha h 😝😝😝😝or bache tu phr bache hi hote hn👋👋👋,1,Normal
 merey sath na hona meinay naraz hojana hai. 😂,1,Normal
rt : elastic wali shalwar pehanney waley bhi valentine’s day ka intezar kr rhey hain!!!🤦‍♂️🤦‍♂️,1,Normal
"chera ni tha ,m us ko dekh k bhagi or wo b bhag pra mere peeche 😂",1,Normal
"no it's not like that deluded ahmaq so called maulana,2015-11-02 17:00:42,balochistan, pakistan",0,Abusive/Offensive
yi nara ham pathanoo ny lagya ha ksi indian ny nahi lagya sahi ha khanzeer k bachy... or yi nara bilkul sucha nara ha,0,Abusive/Offensive
sorry. would rather give that 1 rupee to a beggar than this charsi  .,0,Abusive/Offensive
jeet gyi bjp dekh lena delhi election,1,Normal
ajeeb makhlook ho 😂 na un ko pta ha wo kia prha rhy han na aap logon ko pta ha kia prh rhy ho na koi use ha in ka life ma 😂,1,Normal
ooo pen di phudi chy wry bangladesh ty lun ty wjy pcb 😡😡😡 pakistani awam di thori jai izat ty rehn deyo,0,Abusive/Offensive
 acha!! aur koi si multi talented daikh li apny?? 😂.,1,Normal
bc mujhe laga modi be asli main tweet kiya hai 🤣🤣,4,Profane/Untargeted
bosdk tere baap hain kate hue lulli wale....chadarmod aaj tak unke terrorism ko naa pehchan paaya tu....yahaan sab khula khel tujhe pata chal gaya......#librandu,0,Abusive/Offensive
kyu harami insaan k bare me soch kar apna time waste kar rhe ho ye sala bolta hai imandari se review deta hai chutiya ye nhi janta uske review ko koi value hi nhi deta hijra kamal khan.,3,Sexism
bloody motherfucker timewaster bhenchodo se pay hota nhi h aa jate hain muh utha k apni ma bahan chudwane time wasters sb dur raho jo pay krega wo hi message kre,4,Profane/Untargeted
"dekho kaun bhaunk raha hai, terrorism pe.",0,Abusive/Offensive
 astaghafar sis aap kabhe purani nahi ho sakte hemsha wese he rehye ge 😌💕 and main koi nahi celeb for me always you,1,Normal
 smjh to agai thi mjhy,1,Normal
bhag madarchod halala ki paidaish,2,Religious Hate
all triple a videos game releasing from now on will be 100+ gb. ajeeb bhenchod.,4,Profane/Untargeted
bharat mata ki chut. .modi ki maa mein kutton ka lund..teri maa behn randi,0,Abusive/Offensive
bhen ye naat tu send kr du 03009339498 whatsap,1,Normal
 ino aday qutay awli krna 2 taky ki yh wali aurat marvi sarmad,3,Sexism
teri maa ka yaar hai owsise.. baap hai tera.. uski ka khoon hai..gutter ki paidaish mc,0,Abusive/Offensive
"boor bhi ni hona, kisi ko phly masy bhi ni krna, koi masg kry to bat bhi nae krni . feel me☹️😂",1,Normal
   ye lo beta saboot b le lo! mujrim khud iqrar krty howy!  hawala:  tareek e tibri ,1,Normal
 bas bata nahi sakta,1,Normal
stardomless rundi ka bacha bauna😂😂😂😂😂😂😂😂,0,Abusive/Offensive
"you are absolutely right, bc ki bachi kutya ha yeh.",0,Abusive/Offensive
 aa bharway aa ja.,0,Abusive/Offensive
 bachpan me ahat horror drama tha ya anhoni shayad... us me aysi ek dayen choty bachy ghayeb kr deti thi  😂😂😂😂😂,1,Normal
 lun shehr hay magar itna nahi ke papa john ki naqal kar le haha,4,Profane/Untargeted
ayse jhoothay ghadaar aur beghairt logon say allah bachaye,2,Religious Hate
"pakistan main sabse corrupt courts hain, courts randdi khana hey aur judges dallal",0,Abusive/Offensive
rt : teri ammi pr to muhally waly b chrny aty mere bad ha kisi randi nasal ki thi wo porn star k bacha ha tu,0,Abusive/Offensive
 teri mehrbani... 🤭,1,Normal
yey phir say dabang andaaz say jaisay he choro kay girdh ghayra tungh kerayga tou ayn waqt pay koe nawaz/zardari ka na-ja'iz baap establishment say intervene kerayga aur volume 10 aur jaali accounts ki terha major cases rouk dayga,0,Abusive/Offensive
is bnday ke liye m pichly dedh ghnty se khawar hu ra hun or ghar bthy mjy muft ki akkr dikha raha h.. lanti,0,Abusive/Offensive
wslam.. akhrot kya aye.. allah hafiz kr dia😂,1,Normal
allaha pak tumko amli zindgi may eska bhe tajurba day ameen sum ameen  wesay tera najaiz abba kashmir frosh imran yahodi bhe jhota ha?  eska matlb skmt hospital may bhe cruption pohnch gai ha niazi k mubarik dor e hakumat may?,2,Religious Hate
 logoun mujhey kuch hoya tou smaher zime dar hongi 😪😂,0,Abusive/Offensive
😂 allah karam kra ga.,1,Normal
jo qismat mein hoga wo khud chal kar aayega aur jo nahi hoga wo aake bhi chala jayega.,1,Normal
sote sher nu na jagao bhosdiwale fakebaaz #disgustingshehbaazgill,0,Abusive/Offensive
apke pas pahuchne bhi gya 😋,1,Normal
allah apke hifazat fermaey.,1,Normal
yahan har bharwa apnay kam k ilawa sab kuch krna chahta hae is bhen chod se cricket to kabhi sahih kheli na gaye ab mulk badlay ga 🤒,0,Abusive/Offensive
 nhi....vo virus to logo ko maar rha ...,1,Normal
randi ki aulad manhoos shakal kanjar dallay laanti 🖐🏽 kuttey goraya apni family ki pic share kyun kar raha he bharwe,0,Abusive/Offensive
lul bukhari ye tum nahe tumaray yahoodi or hindu thuku bol rahay hain jin ko army sey bahot hi zeda takleef hai...🖕,2,Religious Hate
"ye sach jahan huwa be bc, ye desh kya tumhare baap ne kharid liya hai.",0,Abusive/Offensive
na bc log soye pare hote 🤣,0,Abusive/Offensive
film makers ko marasi kehna band karo😜,1,Normal
 lanat hy esi soch py jo aurat ko badnaam aur uska taqdus pamaal krny ki nakaam koshish ki ja rhi..,1,Normal
"doing pg and work with pm...""mooh se moongfali toot nhi rhi gaand se akhrot todega""",0,Abusive/Offensive
 reply aya tha naa🤣,1,Normal
oy3 randi q shetan na tujy double lund dea jo us ki traf sa ha bc sali knjri phodii yawar ki.. i fuck u,3,Sexism
 haha mil jaay koi 😂😂,1,Normal
nahi ye sirf bhenchod hai.,0,Abusive/Offensive
right hand : chhod mere ko bhenchod left hand : ruk jaa bhai plzz.,4,Profane/Untargeted
randi k bachay isi ghareeb awam ka manjan bech kr tune or tere dallay bapo ne pesa banya he.  randi ki nasal,0,Abusive/Offensive
hm logon ne dekha jb sb phle..toh fr ab es baat ko mt le k aayo..plzzz... phle hi bht hlchl chl rhi h sana ki lyf m ..thank you,1,Normal
 hahahhahaha yar shadi k liye leave li hogi na 😂 aur ghar me krne ko tou bht kuch hai🤣🤪,1,Normal
arsal chootiye please film pe kaam karle yaar bharwe,0,Abusive/Offensive
chal be gashti deya ..gaye ka peshab bi kar betha hai kia teri behen ko chodo,0,Abusive/Offensive
teri maa ka yaar moodi,0,Abusive/Offensive
how ahmdi's are muslims ? its a big debate  this offshoot only developed in 18th century?in europe someone claim to be jesus rebirth they roast him 🔥  🇨🇿 courts did it back in 2016. ahmadi's can be anything but not muslims.,1,Normal
abe jaana mullle sale bhikari !! halala k maje krwa apni maa ko,2,Religious Hate
bhaunk bhaunk ke pagal ho jaata ab tak....,0,Abusive/Offensive
aaja tjhe phir se maza dun,3,Sexism
 sad na ho yaar.,1,Normal
 lol.. tharki tu me hun.  yeh bat kabhi chupai nahi .😎,1,Normal
 sb kuch mily ga😘😘😘 meri jan,1,Normal
"suno, daro us waqt se jab tum sab ek khuda k samney la'ay jao gy, us waqt tum sab apney apney guttnoon  k bal jhukey hoon gy.",1,Normal
  han yar ye to hy sorry sis,1,Normal
people really dont want to listen to your shit bhenchod talking about it is never a good idea,4,Profane/Untargeted
rt : look who's talking? the one who is infamous of commiting genocide in #pakistan against its ethnic minority with an intent,1,Normal
 toh hum par ahsaan kiya tha kya,1,Normal
dekh kitna khush ho rha h bc,4,Profane/Untargeted
   no bcz shahnaz k mamly mn siddhart dosry logo ki opinion sy influence hota hy or everybody in house trying to show negative shahnaz in front of shukla,1,Normal
rundi tere jhot per lannat tuje paida kerne wwali per allah ki lannat ameen.,2,Religious Hate
chal bsdk .. bhenchod fraudia.v. teri gaand kuttu .. kisse din .. beware from this scammer .. sala chor..,0,Abusive/Offensive
or koch do take ke soch wale nange badmash apne ap ko so called politicians kahte hen asel men gen ke oqat koch nhe randion ke ashiq bsdk.,0,Abusive/Offensive
abey waha toh tjhe bhi nhi lenge.  mjhse better toh tjhe pta hona chahiye ki central asia k arabs hume kya tmhe bhi kaafir smjhte h 😅😂,1,Normal
tu jahil phle ptm ka zikr krta na . post koi aur ha aur tu kuch are thok raha ha. u need weed.,0,Abusive/Offensive
 2%waly kon beghart hain,0,Abusive/Offensive
yahoodi nassal k harami mehangai par b tawaja do kutty. har waqt apny baap logo nawaz sharif aur zardari ki pari rehti hai tujhy kutta kahin ka,2,Religious Hate
add on usne kuch din halala karwa k wo aulad paida ki thi wo bhi pakistani buisness man se,2,Religious Hate
 sab apko hiii thoookar mar rhy😂,1,Normal
  fasad hi tum sy bana 😉,0,Abusive/Offensive
please explain why there is a lahore ahmadiyya movement for the propagation of islam which is a breakaway faction because of their diverging views from the common ahmedi belief that ghulam ahmed was a prophet,1,Normal
kanjri ka bacha rundi ki aoulad kuttaaa,0,Abusive/Offensive
pani zindagi hai.... pani hai to zindagi hai aao sub mil kar pani ko save karen,1,Normal
 five star??....ap baat ko badalty q hn ..daleel k tarazu m tol k wazan barabar q nh krty,1,Normal
 mera gpa kabi 3 se oper gya hi nhi😀,1,Normal
tu kohd baoht bari randi hay,3,Sexism
apni bhen ko security de rha hy k kahein bhaga k na ly jaun 😂😂😎,0,Abusive/Offensive
"halala se aayi ho ya babar ne tumhara khandan bana?,",2,Religious Hate
that girl stooped so much that she iz giving me ma bhen ki galliyan? i want to cry ab literaly just for a few thousands ppl can stoop to such level,1,Normal
 kon se emergency ho gayi ha,1,Normal
ib* randi ko recent past papers deney mein mout kyun ati hai,3,Sexism
  hamza ab teri bari 😂😂,1,Normal
 or apko yeah galat fehmi q hai k log apko looks k liye appreciate karain gay..🤣🤣,1,Normal
karachi ki mashoor randi sana,3,Sexism
yahoodi agent imran  only this behavier can help him obtain yahoodi qadiani targets,2,Religious Hate
kuch kutte or kutya bhi hote hain jese ye madarc**d😂👇,0,Abusive/Offensive
tujhe bada akhrot aur bada lod pasand hai isliye,0,Abusive/Offensive
mat ao mery itny qareeb🤣🖐 ,1,Normal
shehnaaz gill teri itni himmat tu siddarth shukla oote haath chooke behan di lodi saali ghasti randii aurat tu bahar aa teri gaand ch loda na deva pher kahi,3,Sexism
fasla rkhy phr kehti hai k garh walo ko dokha nhe dy skti :)  #trending,1,Normal
you are welcome saali sahiba 🤘🤘,1,Normal
"ab bazwa ki baari hai...he is an ahmedi!! ..😂😂🙏. for your info ma'am, inko koi aur nahi mila to bangalion ke peeche pad jaate hai!😂 pl be careful😅😅",2,Religious Hate
dr sahiba please give follow back,1,Normal
oye gandi randi kay bachay! gao mout pee nikal yahan say bsdk,2,Religious Hate
"pakistanis have no right to speak about minorities. you guys can't even take care of your own shias, ahmadiyas, balochis, muhajjirs. there's still bombings of shia and ahmadiya mosques to till this date.  hindu and sikh girls are still converted and raped in 2019. we saw #gotki.",1,Normal
oh really...matlab kisi ko khush hone ka koi hak nhi aapke hisaab se...bas wo ro ro ke mar jaaye to tume yakeen aa jayega...kaisa bimaar aadmi hai...,1,Normal
no one.. literally no one:  bhaiii hum tu legends h tension hi nhi lete...😇 lekin ager koi thoraaa sa ignore b ker den tu ...poraa din tension le le ker guzar jata h....😒,1,Normal
aap mujy follow krooo,1,Normal
 ok ...wo is lye k jab tmhen ghusa ata to mjh khushi milti kalejy me thand par jati hy*_*,1,Normal
lanat amreca ke dollars khor general bajwa aur yahoodi agent harami imran niazi ke tolley per . koi share  kar rahey ho .harami general musharaf tolley ne america se 35 billion dollars le k 80000 pakistani marwaya he,2,Religious Hate
peshawari akhrot to main mou sy tor leti,1,Normal
   sana tu he jeetgi show #voteforsana,1,Normal
"yaar  bhai, pehle to ye anthem delete karao, or app khud ja kar gao. ye kia kachra hai bhae!   #pslv0",1,Normal
friend :- bhai meri wali alag h after meeting with his girlfriend  and listening from her :- maa chod dungi ga*nd maar lungi  me :-bhai kuch zyada he alag h,4,Profane/Untargeted
 vese phatti ho ya na phatii ho malum nahi par aapki dp dekhkar zaroor phatt gayi hogi🤣,0,Abusive/Offensive
kutty k bachy randi ki nasal kisi aids waly soor ki chudai sy pyda hony waly..... agar ya sub galia bhi tujy dee jain to saly galio ki toheen hay too....,0,Abusive/Offensive
o bahanchod vo bhi logo ki gaand fadte hai,0,Abusive/Offensive
 upset logon ko thek krne ka talent mre pas hai,1,Normal
rt : ask me for whatsapp and i'm gonna block you. bc baat nahi krni hoti to number lety hi q ho??,4,Profane/Untargeted
ek thakur k khandan walon nay poori nleague ko hijra banadiya.,3,Sexism
"maro bahanchod sab ke sab... waise bhi jee ke ukhaad kya lena hai, quran hi padhna hai or ek dusre ko maarte rehna hai .. to jab marna hi h to maro sab.. accident, zahar, heart attack jaise maro... maa chudao...",0,Abusive/Offensive
and the worst part is that people don't understand that you can't eat. they think aap dramay kar rahay ho.,1,Normal
aj aurat march ki chand raat hai ..  or amir liaqat ke birthday day 😂🙊  mera tweet meri marz,1,Normal
laanat hai tumhari soch par. yahoodi khan k dor ki mehangai ka b kuch zikar kar,2,Religious Hate
 ji meri ghr me jo aaj ldayi hui h agar meri galti h to mujhe maaf kardo msg please maaf kardo papa..,1,Normal
  werna mujhy kya pri thi itni gndi team ko support krny ki sb sy best quetta or islamabad thi,1,Normal
bachpan main abc padhaya gya tha humain lakin ab yaad sirf bc rah gaya😂 #memetwit #sundaythoughts,4,Profane/Untargeted
1 number ki randdi,3,Sexism
oe   phattu sala violence ka answer dey bc,0,Abusive/Offensive
bhai mein nay gali kab di? mein nay to pucha hai ap ki bat ka? ap nay kaha khan yahoodi hai to mein just pucha hai? abh agar ap kay pass jawab nahi hai to bongian to na maro,1,Normal
ye h haqiqat  (zahra as) ka hq khany walon per drbar cy khali wps bhejny walon per lanat ho r beshumar ho ✋✋✋ ,4,Profane/Untargeted
bhai ub apko 10 main sey 9.95 mile hei congratulations 🥳🥳 ,1,Normal
kabhi apni dost k boyfriend se dosti mat kar na breakup unka hoga aur badnaam tum hogi.. 😂,1,Normal
bhaunk chuka mai indian hun ab jake apni maa ka moot pee,0,Abusive/Offensive
   nai nai tum 2 bhejna aik jesy alag alag ki sar my marna hy kia my ny,1,Normal
 uss din pata hota hai aaj bachat ho ja i hai😂😂,0,Abusive/Offensive
apki feeling samajh saktay hain 😥 is liye hum apke haq ma dua kartay hain k allah apko b danish jasa huzband da ameen,1,Normal
chawal ha yeh,0,Abusive/Offensive
" zabardasti muu to nai marty tum logon ki consent k bagair nai marty chand begairat log hoty hain jo asi harkatain karty hain har mard acid ki bottle hath main nai utha k phirta har mard zainab ka qatil nai hota. tum log doctor ho, lawyers ho, pilot ho, police main ho etc or kya ho?",1,Normal
fuck man. the pain is traveling. bhenchod ye naya e corridor khul gya hai.,4,Profane/Untargeted
"jaisay jaisay mukhalif deen ka card istamal kr k   ko badnaam krny ki koshish krty rahain ge, logo zehno se yahoodi agent wali conspiracy khatam hoti jaye gi",1,Normal
 aap beth jayen chup kar ke.,1,Normal
 sab ati hai apne ko,1,Normal
 voted for #hbd_badamisb because is mrtba kch difrnt h or unique b or ye sb ny decide kiya h kisi aik ny nhi,1,Normal
"muje b desi hee pasand ha zayada ala bla mein b ni khata, apni health ki fiqar ha muje 😋",1,Normal
subbu ke baad ab tujhe bhi unfollow kar dunga bhai.  swamy has lost his mind. nupur ki timeline dekh le swamy ke farziwaade ke liye. uske baad bhaunk.,0,Abusive/Offensive
"looks like a section of pakistan army not happy with bajwa extension are pushing ahmedi canard. reminds me of musaraff vs chief justice chaudhry fight 11 years back. musaraff lost power and went in exile due to that conflict.,india",1,Normal
bosadi ke tum kaun si mehnat karte ho,0,Abusive/Offensive
 agr yahi jwab howa tu phr 🤔,4,Profane/Untargeted
 ayat ul kursi parh k soti ho gi tum lagta hai😂,1,Normal
  ye ek aur a gya...bikkau maal...mufty kay kutay...mujib shami lifafay k sath beth kr putar tum jo ho wo chupp nahi sakta... university mein tum jesy londday mushkil waqt mein kaam aatay hain...useless stunts,0,Abusive/Offensive
 prh kr share b krain swab ke niyat say,1,Normal
o ja gashti dia bachya,0,Abusive/Offensive
 but to be honest sir ki sari baatein pprs mei yaad ae thi  beshak bht zaleel kia tha humein,1,Normal
 mei tu mulk he chor jaonga,1,Normal
   ye underground thy😜,1,Normal
😂😂 han naaw acha hona achy wqt kam aye ga bura hona bury wqt😂,1,Normal
rt : dear  sir this lady   marasi brought nothing for pti's government except shame .,0,Abusive/Offensive
is se acha to bc amir liaquat se hosting krwa lety🤭🤭🤭😂,4,Profane/Untargeted
 allah pochy tujhy bhn... tera to alg hissab hoga.,2,Religious Hate
bhai ye halala ki aulad hi,2,Religious Hate
halala wale tu humkona bta 😂😂🤣 jab gyan nhi toh bhaunk bhi mat tu ye bta apne chacha ki aulad hai ya mohalley ka koi halalebaaz tha tera baap 🤣🤣😂😂,2,Religious Hate
 itna awazar hun k ab to crush b nai hai,0,Abusive/Offensive
 is kutte ki gaand mein goli maaro,0,Abusive/Offensive
this randi should also tell thst the babri masjid was built on demolished temple,3,Sexism
yazidi toh hindu hain.woh bhul gaye hain unka roots may be.  i am not sure.  ahmaddiya ka baat na karein toh achcha hoga  bahut time kharcha hoga detail mein jaana,1,Normal
#mediastayunbiased ik chanal par galat khabar chalne ki dair hai. baqi sary chanal us ki copy kar ke pory pak ko jala kar rakh dety hain. ,1,Normal
rehamkhan1 ahmaq ap apnay maray huay walid sahab ko kah rai hai yaqeenan. thora say maray huay abu ka khayal hi kar lo,0,Abusive/Offensive
dunya khatam hojayegi likin january khatam nahi hoga,1,Normal
 ab bahut der ho gyi game change krne ko.... ab ghar jaoo aur zindgi change kro..😂😂 #stopdegradingrashami,1,Normal
   bhai gave respect agar koi problem hai toh video mat dekho as simple,1,Normal
 aap b mt btayo kb kisne kya kiya..m sana ki bb13 se fan nhi hoon..m bht tym se sana ko follow kr rhi hoon controversy k phle b n baad b...aap bhi kuch b mt likha kro ..apna opinion rkho .mgr kisi ko defame mt kro.. #shehnaazgiil  #watchingmskforsana,1,Normal
randi kanjari apny father ka khyal abhi tak nahi aya,3,Sexism
  hye ma sadkay ma shaddi pe gai hui thi  dekhlo tmne yad kia or ma again,1,Normal
"yups, moreover rumors are he is ahmedi.,2019-11-19 03:10:16",2,Religious Hate
beth jaon ga mujhe kia hai,1,Normal
"so u are not against those.. who hate hindus.. and think other than muslims all are kaafir... and believe kashmir, chattisgarh, assam are not part of india.",1,Normal
bharwe tu sirf khwaab dekhta rahe,0,Abusive/Offensive
rt :   andhi hai saali charsi khan,0,Abusive/Offensive
rt : tere baap ne aur tmc ki amma ne part liya tha,0,Abusive/Offensive
phir larky beard ky bagiar khusray q lgty hain  wo bhi beard ky bagiar khubsurat lgny chahiye ?,3,Sexism
hamari dua hai lock karde esi parliment jaha sare bharwe dalle hoo,0,Abusive/Offensive
 asa e pouch raha ap gusa e kar gye 😔,1,Normal
"rt :  youtia designed by yahoodi lawbi ,🙂",2,Religious Hate
"dalawals/wokes called ik's wife witch, ridiculed his parents, called his sisters prostitutes, called him yahoodi, taliban khan, cocaine khan, qaidiyani list goes on and now they're loosing their shit when he only mocked that dynastic test tube baby's autistic accent looool",0,Abusive/Offensive
  dekh lo ap log ik k joke ko b itna serious letay ho. its mean ik brand ha,1,Normal
 chor dya ma ny karachi,1,Normal
main to us bayghart kashmir frosh lanti imran yahodi par heran hun jo apni hakumat may apny waziron say phudu ben gaya  hahahahahahahahahahahahahahahahahahahahahahahah,2,Religious Hate
   khabardar jo jamil ko beta bola behya aurat.,0,Abusive/Offensive
suna ha bari behn jitni shreef ho choti behn utna bara patakha. hoti hai 🙊👀🌚,1,Normal
kaayar means leftists jo randiyo ki tarah rone lagte hain gaand tootne pe. jo madharchod victim card khelte hain leftist ki behen ka bhosda maare mulle,0,Abusive/Offensive
hijra libral ye khud,3,Sexism
"tum vahi karo jo aata hai ,namaz or bakri chudai",2,Religious Hate
" abe bhikhari, bheekh milni band ho gayi to bhokna start kar diya.",0,Abusive/Offensive
"rabwah mein aik case tha , jisko sun k yaqeen nhi kia karti thi ab yaqeen aa gaya ahmdi b poore poore shamil hain race mein 👏👏",1,Normal
mai aksar kehta hn apke naseeb ka time apko mil hi jana  force kr k bat krny ka koi faida nh😄,1,Normal
  teri jll gyi jisko salman ne appreciate kiya tere jaise chu* btayege kisme kya hai,0,Abusive/Offensive
bosdk tere me big fan hoon ek bar reply tu kar na bosdk😞,0,Abusive/Offensive
abe chudai ka sama tera toh name hi already sabkuch bata raha hain...... ha ha ha ha,0,Abusive/Offensive
 hahaha thi kon jis ny choorna tha tweet hai just😁🤣🤣,1,Normal
teri maa ki phudi hy. nawaz shareef ny kia jamaima ko choda tha jo eski waja sy juda hovy hn. teri jase randio ko chodta tha eswaja sy wo chali gai ti,3,Sexism
 👅 ye wali 😂🙊,1,Normal
  kdr mari hoi thi tm,1,Normal
 ye strips hein sugar check krne wali,1,Normal
that coas is ahmedi move by pmln is for the history books,1,Normal
sir halala ki aulad hai yeh,2,Religious Hate
"rt : koi physics samjha de bhenchod,,,,",4,Profane/Untargeted
"kanjar ke bachay, haraami mard, poori side pe jagah hogi but nahinnn, aapke oper se charh ker jaayengay jab tak har jagah hath na maarlen.",3,Sexism
kya chutiya lag raha hai ye jaahil...bc kanhaiya kumar jaise lodu ko bhi pasand karne wale log hain. kya majak chal raha hai desh me bc 🤣🤣,0,Abusive/Offensive
haan tairi maa say mutaa kia tha na tu tu haraamzadi paida ho gayee,0,Abusive/Offensive
 😕😕  yra na gussa dilaya karo 😑😑,1,Normal
  already 5 offer a chuki hn but many kga lugi to sirf abbas say 😂😂,1,Normal
 ik bs teri talash the mjhko warna me tu bht mukammal tha,1,Normal
   usy mat bulaoo 🥺🥺😂,1,Normal
mujhe koi goli maat dy ...plz🙏🙏🙏 ,1,Normal
plz kutte ki tulna is bharwe dalal se na kare,0,Abusive/Offensive
  sahi bola ye bc overacting kr rhi hy naik hone ka,2,Religious Hate
masti main yun jhoomta hai,1,Normal
"jb aurat ka rape ho, husband maarta ho, abuse kia jay tb to koi mard nahi bolta, jb ek koi larki izzat k sath kamany jati h tb mard usy kamany nahi deta, hum girls raat ko bahir nahi nekal sakti in mardo ki wja se khud ko insaan bana lo to humy b march ki zarorat nai #auratmarch",1,Normal
rt : karachi culture is enjoying a nice walk outside and hearing bharwe phone nikaal from behind.,1,Normal
 aj k liye yhi bht hy allah maaf kry bht mushkil hy😂,1,Normal
bhai!! laykin bhutto to zinda haina!! 🤣🤣 ye list sb yahoodi sazish hain.....bs bhutto zinda rehna chaheay 🤬,1,Normal
my job life is all about bhenchod kitni chutiya organisation hai ye,4,Profane/Untargeted
   look bro tu ab new fight na start kar sab shant hai ab to silent hi rehne de.i don't want any argue wid u koi issue na banana mjhe so plz stay away #kingasim 💪💪💪💪💪,1,Normal
rt : officer hoke ye hottness upload krna burri bat ha😂,1,Normal
 koi bat nhi ap uni ni ayi wapis phir? convention centre sy hi wapis ghr?,1,Normal
dm ka option hi nae ha kahan share karun 🙄,1,Normal
that's for foolish act and the ahmedi you highlighted they were equal to jews for us so alhmdurallah we save quran ! . and about hindus and christians its was a false news !  and if it is real then show me !  if you don't have anything then shut up and run !,2,Religious Hate
teri maa k yaar ko bhi pm bna dety hain shayad tera kaleja bhi thanda ho jae sooar k bacha gaalliyan khaey bina teri gand ka dard khatam nahin hota naa harami.,0,Abusive/Offensive
careem randi yar peak khatam kar de please bharwe,0,Abusive/Offensive
billi nahi in sab ko hijra bana dia ha. sab choutia hain,3,Sexism
crush barhte ja rhe hain  cgpa down hoti ja rh ha 🤷‍♂👀 #sadtruth,1,Normal
jamat e islami and jamiat ulama e islam opposed the bill.munafik akhir pakray to jaate hain phir kabhi na kabhi #armyact,2,Religious Hate
voh friend hai merese baat kr khusre aur larka nhi hun confusion hai to vc aa teri buthi pr gali dungi bharwe,0,Abusive/Offensive
abhe kr lia kr yar .kia masla ha tujhy ..😎 kaun bat nhi krta,1,Normal
 allah ki mehrbani se dushman per lanat,4,Profane/Untargeted
the whole fight was caused by this gashti suarr rundi haramxadi kusmarani saali whore lundkeshokeen  #rashamidesai,3,Sexism
hahaha ap ke jawab bta rahe kon gussa kr raha ha aur haqiqat ko jutlaya nahi ja sakta api boot chatney wali riwayat n leauge me paie jati ha 😊😊😊😊,0,Abusive/Offensive
"rt : samajh mein nahi aata social media par har koi itna real, understanding aur cool hai toh   duniya itni bc kyu hai?",4,Profane/Untargeted
poochna ye ye tha k amir liaqat apni wife ko bhej raha mera jism meri marzi march mein,1,Normal
lol happy bday bc everyday is the day to celebrate the legend that you are,1,Normal
ahmaq naheen isko shaitan mardood kehtay hain. mudharraf k baray me inhee shatain logon k biyan social media par dekhye.,2,Religious Hate
rt : thook chat zakat chore yahodi labi kaa muhara lant,2,Religious Hate
"aby yar mn to thak gaya bc, 2 ghante se lagatar marwaye jaraha bc, ab mar bharwe ki thori si",0,Abusive/Offensive
tujhy kah raha k dekh is ko bhi mil gi bs tery ko koi nhi mili,1,Normal
 bandri ho ar kuch ni,0,Abusive/Offensive
bc aisa kya bol dia maine 😂,4,Profane/Untargeted
yar is pagal ko dafa karo islam ko badnam kr rahi ha randi kahin ki.ak video men nangi ho jati or agli video men hajan ban jati ha,3,Sexism
yeah tum dono ek dusray ko dekh k har waqt muskuratay q rehtay ho..kuch toh garbar hai..🤣🤣,1,Normal
rt : meri sasti randi namard salman khan criminal,3,Sexism
 ye akhrot pagal o gaya hai 😂,0,Abusive/Offensive
teray ishq me jo bhi doob gya usay duniya ki lehruun se drna kya....💕🌼,1,Normal
  lahk di lanat teri soch pr tu hira mandi ki peadawr ha kisi gashti ky,0,Abusive/Offensive
peechay daikho peechay blur maar dain warna aap ki shamat...,1,Normal
the other day he was searching handsome guyz for his ahmedi sisters 😭,2,Religious Hate
 gucf ma mera b ho gia tha admission,1,Normal
 tabdeeli ayi hai na isliye,1,Normal
  aby tu wahan h to mera kia kam  khush reh wo tery liy bna h😜,1,Normal
cry bc you miss someone hurts so much,1,Normal
couldn't the same women power abl to frighten halala polygamy addicted muslims  ???,1,Normal
faasla rakhein ba'ad mein aap interest lose kar jate hain aur hum attachments ki maar marte hain🙊,1,Normal
abe bhosdike suwar tu mp to aa itne joote marenge ki dobara kabhi bhaunk nhi payega,0,Abusive/Offensive
such hai news agar koi action na liya gya.. simple baat hai,1,Normal
  kitne aise log paida honge pata hai na   party se nafrat karo per insan se nahi bharat me nafarat mat becho ,1,Normal
isko kr do qatal harrami khinzeer ki aulaad👊👊😠😠😡 mujhe dafa kr tu,2,Religious Hate
 october max december tak aur job kar ... fir humen y'aad karna,1,Normal
imran khan niyaji kutta kamina madarchod gaddar bakri chod bahanchod harami hai#mukgayaterashowniazi,0,Abusive/Offensive
rt : *my bestfriend to me*  yaar gaaalian kam dia kar me: sahi bolra hy bharwe tu,4,Profane/Untargeted
mughal pure ka bharwa shreef bharwa family k sat bharwe pane ki bhi had hai,0,Abusive/Offensive
dry fruits me akhroat ka makam bap ki trha hai jo oper se sakht magar ander se naram aur taqat wala hai.. magar chalghozy ka makam dosri biwi ke barabar hai jo kesi kesi ko naseeb hoti hai.,1,Normal
haha randi saali geeli hoae tu,3,Sexism
2018 se approved hai yeh ,1,Normal
"rt : *after break up* . . other girls: why are you doing this? what happen? . . me: jaa na bhenchod, gaand mara",4,Profane/Untargeted
aur too usi kothhe ki randee hai,3,Sexism
bhai yahoodi bhi aik khuda per eeman rakhty hain jo hum muslims rakhty hain. kindly is baaat ka source pehly dhoond lain.,1,Normal
yeh patwari kese randi ke nassal chutiye hain. yeh bharwa mulk ka pesa loot k bhaag gaya hy in bhenchodo ko dekho usse mubarak baad derhe hyn mulk wapas na ane ki khushi me 😂😂 wah yar waqae tuvada demag di jagah vich b lun hy chutiyon.,0,Abusive/Offensive
ye main khwab dekh rhi hun kya 😂😂  mashaallah ❤  #lqvqg,1,Normal
tujh jaisay beghairt  ko na janay yoothiye bhi kyun support kartay hain na knowledge na calibre bs jhooti kahaniya or loriyan wo bhi yoothiyon ko.,0,Abusive/Offensive
haq per honey wali ko he janabey fatima sa kehtey haen,1,Normal
ap log god nawaz ky taty chuk ana ku ky wohi ap ka azeem leader hy jo wahan bhag jata hy bar bar.  saly yeh jo fake peer hy tery ganjy ky dor man bi tha ab bi bata tab kis harami ki hukumat thi,2,Religious Hate
 whatsoever u say about ik we will never disappoint. coz he is the only game changer of pakistani nation insh sha allah,1,Normal
allah ki nafarmani to ki na.... sabar b kr sakty thy jb allah ny quran m farma dia keh yahodi tumry sub sy barry dushman hn to unhi panah q di?? q sale ki zameen or ab jo b howa bhugty or ummvi khandan jinho ny hazrat hussain ra ko shadeed kia wo kashmir m abad ho gay thy,1,Normal
ye acha mazak kya hai life ne hamare sath!!! jab psl ke saare matches pakistan main hone lage toh hamza peshawar zalmi ka ambassador nai raha.. aur ab jab islamabad main matches honge toh hamza wahan hoga ya nahi kuch pta nai.. 😭💔😭,1,Normal
bhott achi bnai hai ap ny r  ny ,1,Normal
koi kuj bhi kahe aapko aap sir rukna mt jhukna mt hm aapke saath ha 😘 aapke liye jaan bhi haazir ha aapko kabhi kuj hone nhi denge 😘😘 bahoot kismat waale ha sabhi delhi waale or dekh vaale bhi jinko aap jesa politician mila ha 😘❣❣ you are awesome sir ❤🤟 #kejriwalforever,1,Normal
  abe tu chutiya hai kya apno se hi laad rha hai ye wahi   hi hai jinki wajha see ham itna pad paye hai,0,Abusive/Offensive
nhi lakin tumhain dekh k meri apni hansi nikal jaye ge..🤣😂,1,Normal
randiya hai y to,3,Sexism
says a hijra,3,Sexism
thwle video leaked by his ex boy friend according to reports ab apni maa ki chut pesh kr ispr ko bharwe,0,Abusive/Offensive
"    ye b kiya ha aor twitter pe khan sb ko b tag kiya ha  lakin hua wohi bina kisi solution k ""relief granted""",1,Normal
 😂😂😂aap ko kaya howa??,1,Normal
"lo aa gayi aik aur master in fazuliyat😂 bas bari bari baatain karwa lo in se jitni marzi. karne ki baar bilkil flop😂 aur modi uncle ki baat tau rehne hi do. aaj kal tau un se apna aap nahi smbhala jaa raha, idhr udhr girtay partay rehte hain🤣 hawayi firing karte raho bas😂",1,Normal
o tweeter walo tum log sotey nai kia? ,1,Normal
 mainey kuch nhi kiya 😂😂,1,Normal
"ik ki rishte dari tu ha yahodi se, zack goldsmith ko london ma election ma support kiya sadiq khan ke against,aur israel ka plane b pak land kiya thaa 6/7 month pehle,ind se rishta kartarpur corridor open,110 days kashmir curfew,ind took no pressure of pak diplomacy etc",2,Religious Hate
   hum ny tang keya 😲😲,1,Normal
passport yeh kesay le saktay hain ? doc ka yeh kaam naeen hai .. yeh sb bc dalay millay huay hain khatoon ki pareshani daikh ka sharam aah rahi haai hum kesi qaum hain,0,Abusive/Offensive
mehdood ho ny mein he sakoon ha wabstgian khawar karti han👌,1,Normal
nhi mile.. h.. tbhi bhaunk rhi 🤣🤣🤣,0,Abusive/Offensive
neend randi plis ajao,4,Profane/Untargeted
areyy kahan kiya delete... admin bhai kuch bhi mt daal..usko acha dikhane ke liye...saali fake feminists,0,Abusive/Offensive
madam......soch ly saari opposition waly imrankhanpti ko chor kar aap ko yahoodi agent declare krdingy🤫,2,Religious Hate
assignments 😂 thri c changing kr k ek dosry ka copy krna,1,Normal
 ab time e ni milta,1,Normal
      areeeeeeeee bhai ni mei hania ho yr sis kah 2 bhai to mat kaho  #pureheartsid,1,Normal
shariyat nai piyar krny se nahi hadd par krny se roka hai🌷,1,Normal
sharam to share karny walon ko aani chahiye kisi ki izzat uchalna bhut acha kaam ha.... allah garat karain aisay logon ko jo larkiyon ki pics share kar k badnaam karty hain,1,Normal
ajeeb city hai ye b... hr jaga se pringles ka pta krwa lea nai mil ray💔,1,Normal
wheres that sidewall bhenchod,4,Profane/Untargeted
ohh...ßut no prblm first exams psl next year phir aye ga... 😁,1,Normal
yeh admi ek sahi dikh ta hai.. baki saab bharwe aur dalaal..1st day hi pata chaljayega.,0,Abusive/Offensive
hahaha except inka rona din rat brabr hta h,1,Normal
ek tu doub mar rundi sali harami baap ke aulad tumhara mu etna bara hai tumhara phuda kitna bara ho ga twitter pr a kr bhonkti hai lanat taray jammant tay,3,Sexism
 multan sultan ka theme song age #zahoor_lohar  sy krwana chiye because un ka #dil_kitha_kharaye_bholua bouth famous chal raha h 😂😂  #psl5 ,1,Normal
 kafi dhian say prhny k baad smjh ai hai is ki,1,Normal
followers dekho bhenchod,4,Profane/Untargeted
 iisy ijazat dy den aurat  march main jany ki,1,Normal
:( chl to jae ga pr phir b,1,Normal
"i really wish that gay men instead of attacking and getting offended and keep using bodies of others as a way to shape their hurt, realize what exactly was going on. very few gay men and boys gave a flying f about attending and showing solidarity to trans/hijra/gnc persons.",4,Profane/Untargeted
dil jo hai heart hamra usy roz  new bandi passnd aa jati hai,1,Normal
in jesy kanjaroun ki wajah sy asal moulvi badnaam hain .... haaram zady nabi ki sunnat rkhi ui too nai ab main tjhy kia boloon bhenchod teri beti ki umar ki hai isi wajah sy tmhn deen farosh kaha jata hai kisi kutty ki mout maryga too apni in harkatoun ki wajah sy,0,Abusive/Offensive
 stdz m time ni milta,1,Normal
pta ni ap sb konsa bb dekhte ho.. khne ko toh sidnaaz k fan ho mgr support hmesha sid ko krte jb asim  sid ki fyt huyi thi tb pars ne debo ko bola tha ki phle rani ko door krenge fr raja ko marenge fr jb voh dono hmse bhs krne ayenge kbi toh bolenge ki hmne tumhara sath diya tha ,1,Normal
    tu bcz tu jisko support krta hai vo khud sana k piche pgl hai 😂😂😂😂,1,Normal
weldone bhen,1,Normal
yeh bat mola ali a. s mjh se aur aap se ziyada behtr jante hn aur bata b skte hn,1,Normal
bhenchod roti khane ki aukad nahi aaur zameen kharidne chale wo bhi india me ... this is not porkistan ...,0,Abusive/Offensive
hahah jo mote chicks wali psnd ha woo shokhi age se sugesstions de rhi 😄😄😄,1,Normal
 😂😂😂😂nahi samjhi,1,Normal
"randion ko lagta hai, due to their profession, every thing is free.  police bhi door rahti hai unse, unko kya khona hai?",3,Sexism
chup kr bharwe,0,Abusive/Offensive
begairat sasti kanjri gulbukhari k sath ek sasti randi 😃 😃 😃 😃,3,Sexism
qasmy yar mona ko bhe nahi keya and ek do aur fav ko bhe sholly 🤧❤️,1,Normal
"chal jihadin randapa bandh kr 1992-2014 k bechh kitne communal riots hue, terror attacks hue hindustan pr. sab k peeche muslims te. yeh saale matherjaat hote jo kabhi hindustan ko aage badahte hue nahi dekhna chahte  tere jaise gaddar randi rona krte unn gaddaro k liye",0,Abusive/Offensive
"vesay pehlay 4,5 saal interference hotti hi hay or ab to larki kay maa baap ki bhi bohat hoti hay .  bas hosla or sabar  karna parta hay thora .  na karain to ghar totta hay or phir agay ja kay nafsiati masail pada hotay hain larka or larki dono kay liay",1,Normal
ye bat adlt me khyn ja kar...  ta k unhy pata chaly,1,Normal
 hahaha kissi ko dikhaane k kiye😂😂,1,Normal
 aurat ki mrzi shamilhal na ho mrd hath b nai lgata yaha shadi shuda mrd b bazoqat aurat ki razamandi chabta hota ha  yanni k ye sb aurat pr depend krta,1,Normal
kon se aisy kaam hain keh jin se *ghusal* farz ya wajib ho jata hai? by: *mufti akmal sahib* #tlp ,1,Normal
randi ho tum,3,Sexism
"oh teri, who is talking, humanity, peace, 😂 makkar, munafik, jaahilo ka sardar ",2,Religious Hate
  yw piyaz wo h jo kfc wle zinger m hota 😊,1,Normal
tum mangtay wo ho jo tmhein acha lgta hai lekin allah deta wohi hai jo tmharay liye acha hota hai 💕 ,1,Normal
"ek baat kahon.?aisa mayosi ki hlt mn hota hy jesa apke sth hua k apka lehja rude hogya thora baki yhi kaho ga k ap cmnts se myos hui shyd,itni mayoosi achi nhi. bhai ko sb aziz hn.koi r anchor itna response dta hy? so stay motivated stay positive hope not out🙂",1,Normal
"i don’t prefer ice-cream in winter. i crave all those exquisite meethas (at least for me) like eth’s bread-pudding, purani anarkali ki jalebi, sulaiman’s akhrot ka halwa (from gujranwala), sheeray walay gulab jamun, sweet affairs’ cookie skillet, amma’s gajar ka halwa...",1,Normal
 wah kon hai eshal 😂,1,Normal
 kuch logo ka pata nai par crush najane aukaat k bahar ki kahey hoti hai😄,1,Normal
 apni post per comments bhe read kr leya kro... ta k tum ko andaza hu jae tumhari okaat kya... selected indian agent,0,Abusive/Offensive
lund fark nhi parhta sasti takkay maar larki hai tu teri maa chod di hai mainy ab jo kar sakti hai kar open challenge bhonknay k ilawa,3,Sexism
 yr tumhare tweets se to pta lgta h show dekhna h ya ni.,1,Normal
"yaar dekho milad krna hai karo, galiya sjani hai sajao lekn hr chezz ki limit hoti hai yawr ab ye log gali me bethy full buffer scene on kiya huwa 'sarkar ki amad mrhaba' abby bhenchod raat ky 11 bj rahy dosrun ky sakon ki gand marna bnd kro",0,Abusive/Offensive
 thora boht toh parha hoga..ganay or muhawray ka farq bhi nhi pata..🙄,1,Normal
"madam jb aap nai ahmaq ko apnai uper charhaya tb khair thi.,2014-03-28 06:00:02",3,Sexism
meri profile per may har dusry bande sy block hu🙂,1,Normal
kiaaa parsal mil skta ha? bht bhook lag gai daikh kr,1,Normal
yd rakho 27th feb 2019 jb dushman hmari zameen pr apne napak iradon x aya th or ixi fouj ne apni jaan hatheli pr rakh k hmari air space ki hifazat ki thi. tum hote kon ho ix mulk ki baqa ka  faisla karne wale? ye mulk qaim hai qaim tha or rahega inshaallah #westandbesidepakarmy ,1,Normal
phr kyun teri yaadon ny mujhy rula diya 🖤,1,Normal
"how can i be kaafir in my homeland? do u even read? really please tell me do u even read or whatsapp, sm and tv are your only source of information?",1,Normal
o madadarchod: tum tu farigh ho aur yeh gashti tu waisay he sari raat jagti hay. o dallay o kanjar hum tu iran jatay hotay hain tu bata apni behan kitni baar mbs aur us kay wahabi sheikhon ko bhaijta hay.,2,Religious Hate
"saudi arabia is killing yemen people ! both are muslim countries !  pakistan doesn't allow ahmadiya community to call themselves muslim. read some pakistan penal code regarding this, you will know !",1,Normal
"jinnah chutiya bhenchod namard ,hijado ka fauj khada kar diya pakistan usme se ye maadharchod unka sardar bana hai teri bhen ki chut ghafoor",3,Sexism
 q market km ho gai thi,1,Normal
 ap moqa tu dain,1,Normal
mela bacha akhrot ki shkl wala chilgozy khai ga hayee🙈🙈😍😂😂😂😂,1,Normal
shayed ahmaq ap hy lkn mante nhi,0,Abusive/Offensive
faasla rakhen baad mai ap sey koi kaam hota nahi hai ,1,Normal
ek mauka maag rha hu agar mere se koi problem hua h mujhse baat kijiye mai pura koshish karunga isse khatm krne me,1,Normal
"paras act like hijra in the house very insecure person whenever wild card entry he try wash there brain hijra sala and reshmi ke pass mudha hi nahi hai sid ko chod ke,,,  ankh,kan thik se kohl ke bigboss dekho bewakoof aurat dimag to hat hi nahi kuch bhi likh raha ha",3,Sexism
he is not an atheist he is an ahmedi or a pro ahmedi atheist,1,Normal
twitter ki maa ka bhosra,0,Abusive/Offensive
"teri aaukat randiyo se bhi gyi gujri, sahi kaha",3,Sexism
i think base is akhrot halwa and topping of gulab jaman it is sweet dish,1,Normal
retired i know that allah sab ki rozi lagata ha or boorha maa baap ma fakhar mahsoos krna chahia cuz we can’t imagine the pain and stress they suffered just for us ..the whole point of this bakwas(according to some pricks),1,Normal
rt : allah toh qareeb hi hota hai. door toh hum chale jate hain.,1,Normal
 😂😂😂😂😂 ya kuch zyada fun ho gia 😂😂,1,Normal
chhee kitni gandi shakal 🤮🤮🤮🤣🤣😂 bhakkk randi saali jisko manti hai usse to dar,3,Sexism
kbhi meray sath khelo phr tmhy pata chly har kaisi hoti,1,Normal
rt : bhenchodo jb bachay smbhal nahi sktay toh paida q krtay ho 😤 hawas k pujariyon 😥,4,Profane/Untargeted
 hahahaha krti bhi han thora karwati bhi han ab kia ho jata agar hubby kam bhi kr dy thoray bhot relation or mazbot hota😂😂😂🤭,1,Normal
sala kanjar .mother chod .bharwa,0,Abusive/Offensive
ap kese ko gali dyne se phale soch lia karo jo gali dyta hai metlab wo us jesa hi hai jes wo gali dyta hai allah ko sab insane pyare hai,1,Normal
hmmm point to be noted 🤔 koi na hum b bhabhi ko ni puchny gy 😂 ,1,Normal
phr ek dost naraz krdia mn ny  phr ek sanp asten chor gya meri,1,Normal
1500 riya mein the dance tu mehnga hae is se acha tu khusray ker lete han,3,Sexism
exactly wohi kia gya hai jiski planning ki gai hai. baqaida mansooba bandi k sath achi bhali team ka bera gharaq kr k ab malba youngsters pe dala jaye ga. koi banda nhi jisko confidence ho k us ne agla match khelna hai. #thankyoumisbah,1,Normal
goli maaro na sahab inn bhenchodo ko saari wakalat gnd mai daal do inke.,0,Abusive/Offensive
puch ly apny bap sy or us gaandu sy b puch ly jo gshti man ka bcha idr tha b ni or mjhy baji deny ko tyar tha,0,Abusive/Offensive
mera nme tu nhi hy yahan,1,Normal
 khuch ni befkr rhy,1,Normal
"#ahmaddiya muslim youth of  chapter organised a jalsa seerat un nabi for the remembrance of the holy prophet of #islam. from children to adults, everyone was eager to learn about and promote the peaceful, noble character of #muhammad (peace be upon him). https://t.co/kltx9tqxpa",1,Normal
time to change our anti-hijra bias,1,Normal
rt : agar apkay liye 2020 worst year hai..toh ho sakta hai kisi k liye 2020 best year ho ab tak..😐,1,Normal
chal be maadarchod,0,Abusive/Offensive
aur yeah hijra #billorani kuch nahin ban sakta. 🤮 baray moun wali looti. 🙄 #bilawajabhutto #accidentalchairman #fakebhutto #abubachao,3,Sexism
 isay kon nhi janta..😒,1,Normal
 bhai allah teri zuban mubark kry😄😄,1,Normal
 mat piglo plzzz shehnaz doesn't know his real face but we know naa,1,Normal
 😬😬🤢 i believe kuch acha soch k rakka hoga btw what it means exactly ...,1,Normal
lofer aurat hai ye.,0,Abusive/Offensive
"wo toh dhik raha hay khuf, in a state of war 😂😂🤣😂🤣 wese surrender karna chora ki nahi, wese ahmedi as army chief is fantastic.,2019-11-19 03:10:16",1,Normal
 isko bolo ab rona mat,1,Normal
"ik to in logo ki khud ki koi raye nahi hai jo baki sab kar rahy hotay hain, karny khary hojaty hain pagaal",0,Abusive/Offensive
  esa kbi ni ho skta.. jon ko keh dena mri trf sy🤣,1,Normal
jiska koi ni hota us k hm hain🙈😉,1,Normal
nahi baaz ana aap nay b,1,Normal
maa ki tarbiyat he bta rhi ha.  kaisa laal paida kya ja jo 1 genral store tu chala nhi saka or mulk chalany walay k baray mayn batyien kr rha ha. the one and only saleem tafi   ,0,Abusive/Offensive
 techno spark mat lena,1,Normal
this lil bastard just dived right into my coffee killing not only itself but also my buzz. bhenchod machar.,4,Profane/Untargeted
phrr b agr apko lgtaa hai mai glt hu.. apko aisa khaa to m sorry... mai ne apko hrgiz aisa nhi khaa. jin k ghar maa bhen ho wo ksi ki maa bhen ko glt nhi khty. un ko bura nhi khty.. allah apko izat dy. apna khyl rkhy ga..,1,Normal
for all stranger boys jo hmare kuch nhi lgty wo just hmare bhai lgty hain😂😢😜😝,1,Normal
ye kia bkwas ha 🙄🙄🙄 👎🏻👎🏻,4,Profane/Untargeted
 tumhy kuch bola tha fazool larki,0,Abusive/Offensive
abi to aap ne kbi nhi manga thaa😱,1,Normal
💞behtrin👌🏻hota hai wo rishta💫 jo takrar😏hone ke bad bhi sirf ek muskurahat😊se pehle  jaisa ho jaye.🥰💞,1,Normal
idr bhenchod sb singer hein,4,Profane/Untargeted
 shame on you agar political parties galt ha to aap be galt karay gae #werejectmerajismmerimarzi,1,Normal
mene notice hi ni kia wese itna feel ni ho rha😂 ,1,Normal
chalo hemath to hy us yahodi k khelaf bolny ki ap log to wo b ni kar sakty,1,Normal
eeske a akhrot tod do 🤭🤭🤭,0,Abusive/Offensive
bss jaldi say 7feb ajaye🙏🏼😪,1,Normal
is bharwe ko khila kyun rahe hum,0,Abusive/Offensive
"this is not true at all. subhan allah. ibn arabi and ertugurl gazi never even crossed paths. none of ibn arabi's writings mention ertugrul at all. the first mention of ertugrul is from over 100 years after he died, in ahmedi's chronicle, w/ no info on his personal life.",1,Normal
asa nasha krna ha,1,Normal
"yes, i am a hijra.",1,Normal
 tu kya smjhta bichar kr bikhar jaoga dekh ye me hu mjhe smbhalna atta he,1,Normal
wo phr bhi badal jai ga😐,1,Normal
ye to koi randi. lag rahi or apki jathani apse choti hai mere khayal m,3,Sexism
 utha le re baba utha le mujhako nhi in tik tok valo ko😭😂😂😂,1,Normal
lagta hai danish ki trah apke khawab main abba nahi atay....warna shyd kuch sharam dilaa detay wo....congrts for the award #merepasstumho,1,Normal
yes tere jesi randi h,0,Abusive/Offensive
 aa ja tojhy b lga den tika,1,Normal
"akhrot, badam, coffee 🔥",1,Normal
pata hai hamari marzi sy hamari army ham pr hakumat krti hau tu kon hai beech main tang marny wala ja. ja gao matta ka mout pe jo tera kam hai tum officer ni indian army k bharwe hain,2,Religious Hate
 😅😅😅😅 han g ye to sabit ker diya aap ne.... 🤭🤭🤭🤭🤭😅😅,1,Normal
unke dant se chane toot nhi rahe aur akhrot etc etc....😂,1,Normal
  reply :mein to pehly e pyari thi fassad phelany sy time milta to ap mjpy dehaan deti na😁,1,Normal
 ye emoji mjhe ajeeb feel krwata dont use it🙂,1,Normal
taree maa ke phodi gashti ky bachy,0,Abusive/Offensive
tmhari maa ki kuss bhenchod,0,Abusive/Offensive
randdi ka bacha bhang pe ky soya hoa hay ab,0,Abusive/Offensive
tjhy yhn kisi ny kch kaha gashti ki aulad tu hoga jo yhn tapka,0,Abusive/Offensive
yeh to hein  google mein  dasht e yahoodi  search ker lo  image mein chaley jao  aajye ga  mein ne to 4 hawaley diye hine,1,Normal
"kyon tumhare baap dadaon ne to pakistan me sadke le li thi, yahan kya apni ammi ka halala karwaoge sadkon pe.",2,Religious Hate
"apnay hakim ki faqeerii py taras ata hai, jo ghareebon say paseenay ki kamayey mangay! #rahatindori",1,Normal
 hamesha ni hota logon kay experience say bata rahi 😅,1,Normal
mj sey phele tu mary ga bc. gya tow tu bh yahn sey he hai. thora keera tera andr ho ga,0,Abusive/Offensive
mei ny jana k maal olaad waqi fitna r azmaish hain...,1,Normal
bhenchod hum lums gaye to woh bhi lumsu ho gaya hai,4,Profane/Untargeted
rt :  mai youtube pee bhi apki video ko like krti hu or apke review ek no hote a sir,1,Normal
bari bhenchod gandi or beghairat kisam ki adat hai ye galian dena bi. shukar hai mjhe esi koi adat nai. 😂,4,Profane/Untargeted
 lets bring the change bro. abi mjhy ye ni smjh aa rhi thi k ye cholecystectomy likha ha ya cholecystitis...,1,Normal
pyar deewana hota hai mastana hota hai? har khushi sy har gham sy begaana hota hai?,1,Normal
everybody is busy in babu shona but i am busy in l.h.s=r.h.s ka randi rona 😂😂,4,Profane/Untargeted
     orat par sadiyon mn eik bar guzarti hai wo ro ro k sab ko sunati or sadiyon tak btati rehti mard chup kr k mar jata kabhi sadiyon mn eik bar uska tamasha banda hai❤️,1,Normal
 ajao ....most welcome... dil se welcome... kash kabhi to ao gi na ghoomny hi sahi,1,Normal
randi hai saali,3,Sexism
 9 minutes + ka promo hai voot app pe dekho,1,Normal
ye tou meinne us din bhi dekh lia tha. bus argument jeetni thi :p,1,Normal
wehshi darandy easai yahodi hindo islam amanka ka mazhab,2,Religious Hate
nahi apka kaam he full time makhan maarna imran khan ko. i actually liked your tweets until they began to suffocate me. itna bhi kia ankhon par patti baandh lena bhaee??,1,Normal
is baat per main b itkifaak kerta hun yeah hum awam k saat mazak hai pesa tou b bekari b nai leta wo b 5 ya 10 rs se nechay baat nai kerta or petrol kaam ki 6 pesapesa sirf paper mein hai ground per is ki ab koi value nai,1,Normal
"rt : successfully blocked by ""aap mery friends sy barh kr kch hein"" 🌚",1,Normal
kuttiya saali suwar ki aulad,0,Abusive/Offensive
khair hai mujhe copy na kiya karo tum😏😤 ,1,Normal
jhut islam mein to haram hae. aur muslman jhut nai bolta. any how ik mazhab mein halal hae taqia k nam sy. jhutun py allah ki laanat ho. aameen,4,Profane/Untargeted
kitna paisa hai logon k pass bhenchod. sirf 24 ghanttay main 38 billion dollars ki shopping ker li logon ne. sirf ali express se.,4,Profane/Untargeted
 ye swaal wese mera bnta hy😳,1,Normal
tu video dekhta hy mein teri amma ky sath woh asal mein krta hun..jbhi tou tu paida hua hy ...chakly ki ghasti,3,Sexism
passy in logo ko milty han jo corrupt hn ya phir ap jasy lalchi hn or don't cross ur limits mujy ap st zeda pata ha fahad bhai k barry ma to wo q passy lyn gy or ap jaso ko 50 rupee mily hn g k fahad bhai ko blame karo yaqeenqn🙄🙄,0,Abusive/Offensive
rt : yaar bhenchod redistribute your wealth,4,Profane/Untargeted
 dakhin aap us urat ki hamyat kar rehi hain jo hamri islamic taleem ka opsit baat kar rehi hai mi tu khao ga ka khalil shab na bohat acha kya,1,Normal
kabhi  aur  ke jihaad par bhi bhaunk diya kar,2,Religious Hate
#stopauratbarbadimarch who are you for arguing our tradition and islamic manners you bluddy 2 takay ki aurat   .,3,Sexism
 😂muje kar legi call puchegi to..fikar mat kar tu,1,Normal
 koi tips btaa na bhai😪hum sy koi bat bhi nhi krti😔,1,Normal
"once a beghairt, always a beghairt  -our physics teacher",4,Profane/Untargeted
sahi kaha aap nein,1,Normal
 toba toba. asal moman woh hae jo moka milnay k bwjud sabit qadam rhay.,1,Normal
 wa alikum salam,1,Normal
1 min me 8 retweets bhenchod,4,Profane/Untargeted
"listen to me sing ""bol do na zara 🅿🅸🅰🅽🅾 🆄🅽🅿🅻🆄🅶🅶🅴🅳"" on #smule: ",1,Normal
mai janana chahta ho teri maa ka yaar kon hai‘ oos randi nay chopay laganay kis say sikhay ‘ oos randi nay tera jasa harami kab paida kiya,0,Abusive/Offensive
bat suno..muje ap se ek kam hay😀,1,Normal
 bs ab hr koi meri trha shareef thori na hota😌😌,1,Normal
seerat un nabi conference (s.a.w) 💕  #bahawalpur #proudtobequaidian,1,Normal
teekaa to lga doon sahab per hoorai'n nazar ayengi aapko😜 ,1,Normal
masoom to woh log hain jin ko #hoor_injection ka nai pata... #pmimrankhan  #hoorinjection,1,Normal
bhenchod ye har insaan instagram pe ayushman khurana ka kuch toh kyu daal raha hai,4,Profane/Untargeted
aur jo khi bach buch jta us my b akhrot ka core ata :(,1,Normal
khabeees aurat ka modi kia lgta,0,Abusive/Offensive
 acha chill kr enjoy kr 😂😂😂😂 pubg khailtay hai a ja 😂,1,Normal
 yar apne bhi follow back nahi kiya,1,Normal
kuch din kay liye agar twitter band kar doun tu bhoolo gay tu nai mujhay???,1,Normal
tusi jheri bhen yowani h yowa lo... abi tu tweet band hone hn wakat and pe lafafa towadi bond band kar dian ge.... hor kuj,0,Abusive/Offensive
 q mariyam ko famous kr rahi ho??😂😐😅😁😮,1,Normal
maa ki dua👏 baap ki road🚘 #mustanggt,1,Normal
is mai bhi aalo hai. 😂,1,Normal
kyu tumhare apne baap se badtameeji se baat karte hai ?,1,Normal
 wo kya hota h,1,Normal
 aur iztarb asa hy ke jesa kuch bacha bhi nahin😑,1,Normal
randi ko attention chahiye pelo re isako......isaki maa behen ko pelo.......isako uper se neeche tak attention do......,3,Sexism
 double meaning jokes mat kiya karo meray sath..😒,1,Normal
muh mei daant nahi gand se akhrot todega be?,1,Normal
haa 2 min m teri maa bhen chod k nikal jata h mc 😂😂🔥😂🔥,0,Abusive/Offensive
 keh doo na plz 😁 mai kisi ko nae btao ga 😋,1,Normal
tum logon nay apni bagion ko twitter pi la kr bakwas kartay ho rundi aurat ka bacha musslli,0,Abusive/Offensive
bhai km tha apni bhen ki hifazat k liye k uski bhen b  agai 😂,1,Normal
 hostel mn ay huy waqt phir kam hua ho gaa aap ko,1,Normal
maturity is when you keep your mouth shut when you want to say something mean to someone. only people at peace with themselves can do this.,1,Normal
me : ami ek bat to bataen.  ami: typing...  me: jaldi bataen..  ami : typing...  me : 1kg chicken me kitne payaz or tamater dalun?  ami : hi.,1,Normal
ya randay bachy hay na khan our is pachiy waly in kiy ma chodo,0,Abusive/Offensive
"50 rupy kaat, overacting k bc landy d adriana grande 😂😂😂 #psl2020",0,Abusive/Offensive
 don't forget main ny abhi kaha jb loyality b a jaon to or kuch ni daikhta😂,1,Normal
 lakin mera toh past tha yeah..🌝,1,Normal
 so sad 😕 waqaye bhott ghalt keya us nee aap ky sath,1,Normal
"aurat ko dar har mard se lgta hai siwaye us se jo usey pasand ajae, phir khuwah wo sharabi hi q na hu!! ~manto",1,Normal
ek din tu na mile ga tera naam phir bhi rahega 😔 #psl5,1,Normal
 kon kya mtlb? 🤔,1,Normal
bilawal hijra hai hijra pakistan ki awam ko chahiye jahan ye hijra bilawal zardari fazlul rehman pmnl ki kuttay milien inko pakar kar mar mar k mar do,3,Sexism
haan bas charsi or psycho hai mostly ☺,0,Abusive/Offensive
 tmhn yaad ho ya na ho clg /university ma lrko ko cgpa nai daity jtni aurat ko daity hein 😃,1,Normal
ao luddo khailen ab koi b ni khail ra,1,Normal
nkl bsdk ....... ye to no.he btayen gai bharwe . ...kheen ka,0,Abusive/Offensive
"aseefa zardari teri phudi wich lun, kisi kutiyaa maa or harami baap ki olaad, gashti orat tmhri wjha se aaj phr larkana ma ik bachay ko kuttay kha gaye 😡",3,Sexism
bc tujhy pata nhi kis liyay follow kar liya harami apni auqat dikhani hy lazmi,2,Religious Hate
1300 people commited suicide in sindh last 5 years dur fiteh munh  ,4,Profane/Untargeted
abay bhen chod yeh pubg moblail ni pung pc hy original vhal baag chuthyyia indian,0,Abusive/Offensive
tu bhi kyu nahi jal gayi saath mein randi ?,3,Sexism
imran khan nay ikhlaaq nahee seekha aur tera hijra bilawal parliament mai kharay hoo kar imran ko begherat bolta hai wo ikhlaaq hai.. chutiye dallay..,3,Sexism
bus yhi kro tum din bhar holi khelte rho deewar p raat ko to... bc thand m kaise kar lete ho be,4,Profane/Untargeted
 ohhhh myyy goddd!! 😭 i missed your session cozz i was in college at that time :(( #askaz 😭 one word for fans like me?  jinhon ny chat session sirf college aur universities ki wajah sy miss kr dia?? :((,1,Normal
bhenchod meri best friend pe kabza karliya hai i’m going to slap a bitch,0,Abusive/Offensive
wo konsa nasha hota manga k tu sona tha,1,Normal
han apny tw dia tha yad ha mjhy,1,Normal
 tang kr raha tha pagluuuu ap tu gusa he ho gain 😐,1,Normal
 yeh bass bura waqat hai jab acha waqat ayega tumhy wo yad bhi nh hoga,1,Normal
  arha hai na😂,1,Normal
zinda ha bc abhi tk tu b,4,Profane/Untargeted
takleef tu tumse zyada kişi ko bhi nhi. .randdi,3,Sexism
 to in mein se konsa kam aurat ne kiya h??,1,Normal
bahanchod suwar re pust teri muh me suwar ka land chus maderchod,0,Abusive/Offensive
itna kam aasan kia thoda or kr zor se bol zoya  randi h😛😜,3,Sexism
achi baat hai ye to jaan hai to jahan hai.,1,Normal
  allah pak behan ko istiqamat ata karain per bhai ap thori tc kam karain,1,Normal
"ahmaddiya jama'at crictket tournament qadian,",1,Normal
"this problematic dude in my class is now going after student solidarity march calling it a propaganda against the state. bc har cheez yahoodi saazish nai hoti maybe just for once consider the fact that we have much bigger issues than 'propaganda', that we are our biggest problem",1,Normal
 i wish bas karanchi se jeet jaye❣,1,Normal
chup ker bharwe kutte ki nasal,0,Abusive/Offensive
ab to umeed b nahi rahi baqi,1,Normal
mr president agar gaand me dum h to russia se lago tumhari maa chod denge putin 😂😂,0,Abusive/Offensive
wow halala's product on fire as usual porkistaniðÿ˜‚ðÿ˜‚ðÿ˜‚,2,Religious Hate
"i just read the part ""unfollowed all the girls"" and i check if i'm unfollowed or not 😂😂😂 then i came back and thinking. ""mein hijra thori hu"" then i read his whole tweet.. shittt h yrr😂😂😂",3,Sexism
tu bc h 😌🤣,0,Abusive/Offensive
bhn chod kha to tum rahy ho mulk ko greeb mr jaye tumhaain kiya,0,Abusive/Offensive
ankhon mn pyaar itna ha k ankhein andhi ho gai😂,1,Normal
 main chanay bech rha hun 800 rupay pao,1,Normal
aik rt guzaro hamare sth phr support kr len ge sid ko randi ki bachi,3,Sexism
 bhai main b ghareeb tu b ghareeb.   acha bura naseeb ka sab se bara ghareeb ka.,1,Normal
  multan ki batting wicket par 135 par out hogai thi karachi. is wicket par 100 bhi na hota,1,Normal
hahahahah..bhadwa tommy shareef ban raha hai hahahah....gand me jab aag lagti hai aesa hi hota hai..aaja teri amma ki choot maroo chodne ke baad use jute maroo mu me apna lawda deke moot maroo choda hoga. aja chuswa apni ammase mera lawda chuswa meri balls apni amma se . bhadwe.,0,Abusive/Offensive
iska randi rona suru h... had jaahil h ye aurat  are  chup krwao n apni rakhail ko dekho to aansu hi nhi tham rhi h iski  apki kya lgti h? aap bhi kosis kijia,3,Sexism
    ab smjh b jao na🙈,1,Normal
 ankhon kay neechay halkay bata rahay hain teri guzri raat ka afsana😂😂😂😂,1,Normal
wahi jo asim k kuch dino baad hoga jb wo isse v chod degi kisi aur k leye🤪,1,Normal
sawal ghandum jawab channa! counter argument karain or fact layan table pa chawlain na marain!bc pata ni kahan sa a jata hain moun chuk ka.,0,Abusive/Offensive
abe chutiye tu or teri ye gashti 2no mere lode pe....jhulo maze se gandu ...aa gya sala twitter pe aasiqui krne.....chutiya,0,Abusive/Offensive
"kal dekhte hain bhai ki kiski kitni aukaad hai. aaj jitna bhaunkna hai bhaunk le, kal pant mai susu karega 😘",0,Abusive/Offensive
 udass na ho  aur jab bhi mood karab ho bat karliaa karo mjhsy aur yadd rakho yeh waqat bhi guzar jayega,1,Normal
 r mazy k bat mra jism wo auratn krti hn jin pr thokta bh koi nae.,3,Sexism
   say allah maalek hai. and it is our usual conversational refrain.,1,Normal
2 din randi rona krna hai ab,4,Profane/Untargeted
aur sabse jaada dukh ki baat ye ha ki isne is bar sheila dixit ko haraya tha. ek sharam to delhi waalon ko bhi aani chahiye.,1,Normal
teri bhen uski gf thi jis ne tujy ye news batai begairat insan fake news chalaty sharam nahi ati,0,Abusive/Offensive
  sahi chasma laga hai..!!!  tendua aur suar me farak nai pata..!!!,1,Normal
boys agreeing with me on this is the funniest thing ever. bhenchod tm logon ko kya pata boobs hona kya hota hai? ajeeb jahil. ajaty hen bs relevant honay,3,Sexism
charsi begam,0,Abusive/Offensive
 ar agr ye time tmhra social media pe guzrta ha tu tm a single hu 😂,1,Normal
effective b ho jaye gi😂 wqt lgy ga😂,1,Normal
hey are fighting amongst each other. #bajwa is compromise candidate. thats only reason why he a ahmadiya is a coas.,2,Religious Hate
 play hi nhi ki abhi😂,1,Normal
oe kanjar oraat bar bar bhagnay ki bat na kar mujhy pata hai tu jana chahta hai randi k bachy magar mai aj tera zor dikhta hai kinti gand mmai tao hai tera jispe tu dazzy maf ra hai bhanay tu na bana or shabash mujhsy chudwata reh apni maa,3,Sexism
kisi suwar aur kutya ka najaiz bacha....🤣 🤣 chup ab...,0,Abusive/Offensive
ab ye kya hn🌚🌚 ,1,Normal
 kisi ne medicine mngwai thi wo pharmacy waly de ni rahy thy 😬 bs phir kbi ak pharmacy p to kbi dosri p :p,1,Normal
 mansoor ali khan k khilaf baat kernay per aap ko block kya jata hai aap ko pmln k dost dushman ke pehchan nahin,1,Normal
 dete sab hain krta koi nahi 😂,1,Normal
rt : randi rona karne ki itni adat hogaye hai k ab koi waja nh hai phr b rona a rha hai,4,Profane/Untargeted
"jis tarah se teri jali, uss hisab se ye tera baap hua 🤣🤣",0,Abusive/Offensive
randi olado tumne kab kab talvar chalai hai madorchod teri ma ki choot maru bosdike,0,Abusive/Offensive
 isi liye keh rhi within week jaky ly ana,1,Normal
 idhr ae chori ni hota in sha allah,1,Normal
rana bas ab tere liye ye randi rona hi bacha hei,0,Abusive/Offensive
yup i like some of these songs or kuch aise songs ha in mie se jo miene nhi sunne i'll listen to it thnx,1,Normal
a aftab hijra no1 😂 🤣🤣🤣🤭,3,Sexism
akhrot ... much better than chilghozay.,1,Normal
"rt : when your friend, who is driving says ""bc kuch nhi rakha duniadaari me""",1,Normal
"some lines for u dear  koi wazeefa mujhey b bata merey darwaish mujhey hoi hai fakeeri ata merey darwaish men dil sey keh rahi thie  ""bazz aa muhabat sey"" wo haath jorey hoey ro pada merey darwaish.  unknown",4,Profane/Untargeted
akal se paidal hain?,0,Abusive/Offensive
oomf followed me n we became friends pretty quick bc we live in the same country so it made perfect sense then she found out that she’s moving to my neighborhood n school n now we’re irls n shit n we’ve been besties since 2018 😗✌🏻,1,Normal
 phir theek hai 😝😂,1,Normal
accha toh jb harami ki aulad.. mahira ko likhri thi bade honth ki chipkali wo tere baap ne certificate dia h bolne ka?? dogle sale.,0,Abusive/Offensive
16.7k followers ho chuke hyn apke filhal usi se guzara kren mera chota acount hy isko promote kr dyn allah apko uska ajr e azeem dyn gy😀😂😃,1,Normal
han chutiye phat gayi gaand??不?不?不?不?不?不?不?不?不,0,Abusive/Offensive
rundi ke bachey bhonk zehni ghulam,0,Abusive/Offensive
aik say aik randi ki nasal dekhay magar pmln walay us say bhi agay hain.,0,Abusive/Offensive
rt :  1362 familes app ki trf dekh rehain hain.plz regular krain jnaab. #npiwwelcomesjktareen,1,Normal
im afraid she’s gonna end like qandeel baloch  history repeating itself ...  #hareemshah,1,Normal
there are some yahodi daboo like imran chore zakat khore,2,Religious Hate
mehnat....! what the fuck....nhi ye barii mehnat wala kam kiya unho ny😂apna jism bechna agr mehnat ha to phir har randi mehnti ha,3,Sexism
 me to bs idr ata hu ya khi aur dm ni ata 😂,1,Normal
 l pe charo ghaddaro,0,Abusive/Offensive
is ahmaq shaks say jan churai jaye railway ki,0,Abusive/Offensive
 i love gurh walay rice. kal he amma ko gurh laa k deta hun,1,Normal
 oy ahmdi kuty. tum log smjhty ho k is trah kr k hm awam ko pagl bnao gy?? beta bajwa ne tere jeso ko nanga nachana he sbr kr. kahi ni ja rha hmara army chief. tum logo ne agly 3 sal me ye duniya hi chor jani bajwa k dar se. ye army chief nahi pakistan ka muhafiz he.,2,Religious Hate
wohi patwarion wali bat kar di na aap ne 😀,1,Normal
"realme is wrost company in the world. he is not giving the update in old 😡😠 device. madhavsheth rundi wala , madhar chod ,bhin chod.",0,Abusive/Offensive
main apke bt ka matlb bta rha hn😍,1,Normal
"i watched a few documentaries on third gender before...a group of hijra in india, thai’s trans, brit’s trans and a group of waria/banci in indonesia...how they struggle to survive...😔",1,Normal
kis ka jism?? kis ki marzi??  #auratazadimarch,1,Normal
"murtaza the geo journalist got political assylum on ahmedi basis and was helped to get it by nawaz sharif, so what could you expect from him",1,Normal
   salman to hai hi ghatiya har season mey usne kisi na kisi ko target karna hi hota hai,0,Abusive/Offensive
khudaa ka khof kren.. aap medaan men a jayen tanqeed krney se pehley..,1,Normal
badri mushkil sy likha tha mny cheating sy likha tha😂😜 ,1,Normal
sahi koyi randian ho jo kaho wo maan leti ho...asal mai tmhy koi frq nhi parta jo charhta hai tmhary oper wo yehi kehta hai es lye tmhy kutti kaho randi kaho tmhy koi farq nhi parta🎭🎭,3,Sexism
 bill to definitely increase hota hai zafar sahib last month meri qeemat bijli 500+thi per fuel adjustment 1100 k kareeb tha,1,Normal
  aby saly yai meri bhabhi ha teri nhi,1,Normal
is that a bad thing? what if the person wearing the sari is a hijra?,3,Sexism
rt : hello guys ! hm kuch dost sunday ko aurat march k khilaf aur haya aur hijab k haq mey ek trend karen gay insha allah,1,Normal
sale halala molvi se tum karvao apni oorto ka or apni ma bahan ka bol heme rhe ho molvi kamre m apni bahan ko bej kar sina choda hota hoga tumhara,2,Religious Hate
aby chal jahil hijra kahi ka,3,Sexism
 jis ny bhi kia haal khrab kia,1,Normal
uske baap ko bola woh suna uski toh maa hai par iska baap toh nahi hai ish duniya main toh kitana bura lagna chahiye isko,1,Normal
 lo itni sii baat. ek lemon lo usse half cut karo aur forehead par rub karo.,1,Normal
sali teri phudi me kyu agg lgi ha,3,Sexism
 aik jhaapar praa tha 27 ko to ye ganga shnaan k liay nikal gya tha. is baar kashmir ko alag kr dain gay bharat say...,1,Normal
#iammumtazqadri  shaitan taseer khanzeer lanti,2,Religious Hate
 sab pta h 😂,1,Normal
rt : ek to bc dimagh ki vese hi baji hui hai uper se is bharwe ki video ajati hai bar bar samne🤬,0,Abusive/Offensive
it's not pandey but panday. wah bhenchod.,0,Abusive/Offensive
  jeeju aap cute nahi ho sis keh rehi hai bulky main hon 💁😹,1,Normal
main aisy tweet kab kro ga?🤔🧐,1,Normal
 chalo aap kehti hain to maan lete hain,1,Normal
beta triple talaq jo tere chut pe hamla tha uske baare mai batao#halala ki aulad,2,Religious Hate
sub ne jana hai insha allah tala syed ali haider bai per yeh paid dog boola howa hai k es ko mout aye gi haram kha kha apni okat boola howa hai harami,2,Religious Hate
btmeazi hr insaan kr skta h  mgr kisi kisi ko trbyat rok leti h,1,Normal
 o hello tameez say..ahad k baray main kuch nhi..😒,1,Normal
bhenchod bht kutti haaalat huwe we he bhai,4,Profane/Untargeted
 nhi.. university main mobile ban q hoga..🤨,1,Normal
ager hania ko mil jata to feminist khary hojaty  mehwish ko maaf kardena chahiye tha ager mehwish ko miljata to molana khary hojaty halala nahi kia this is the best ending  kamal to yeh hai ki dil band hogya tha danish ka phir bhi zuban chal rahi thi muqam e hairat #merepasstumho,1,Normal
agar hukoomat kuch nahin kar rahi then aap hi kuch kar lein...aap to journalist hein aap ki bhi bohat power hai as a journalist..,1,Normal
 kon say stakeholders. bakwas bnaya hai anthem,1,Normal
kuch hosh k nakhun lo aur mulk o millat bcho is yahoodi agent sy. yh na ho na k pir time hath sy nikal jai aur tm saya dohndty pirro,2,Religious Hate
phir uska koi kaam bhi nhi karti.. phir woh mujhy laa k deta hai..😂😂,1,Normal
rt : ammi jo hain na mom hamari aik lafz bol kr saray mood ka satyanass kr deti hain 😏,1,Normal
"bc, kaha se aaty hain essy namoony🤦‍♂️",0,Abusive/Offensive
thats what i said. even for u christain will be muslim. bcoz judge and judiciary for u is not quran and islam.  btw ahmedi are away far away from the fundamentals of islam. don't even qualify for islam after 1st fundamental.,1,Normal
   bohat value thi teri prr tu ny b,1,Normal
"gustakha r beghairat hai tariq jameel is beghairat ny sayiduna hazrat yusuf ""alaa nabiyina wa alihis salaatu wassalam ki shaan b gustakhi b ki hai"".",2,Religious Hate
kutya,0,Abusive/Offensive
  apa ka moid swing hota rehta 😔😔😔,1,Normal
sab ka katy ga😂,0,Abusive/Offensive
real ki celeb ne follow kia mujhe 😳😳🙈🙈🙈🙊🙊🙊🙊 ,1,Normal
  oh nae yar phone charge pe tha,1,Normal
dekho umeedwar bohat hain ab se main tumhe tang ni kronga. khudahafiz ,1,Normal
tere jaise bachche twitter per hi bhaunk sakte hain .,0,Abusive/Offensive
bc kali kutiya..,3,Sexism
what the hell 😡😠😠 tu bi us ghashti bhenr chod begairat aurat ki baton me a gaya,3,Sexism
tum ek randi ho or randi raho gy. like sunny leone,3,Sexism
 kaisi ho kyā hai haal mat pūchho   mujh se mushkil savāl mat pūchho,1,Normal
unke liye reservation ka kidda nhi tha na  randi k pille waise v tere jaise halala k paidaish ko fake duniya bnnane shok jo chada h. jitni fake duniya bnnani h bna lo nature to apne hisab se chlega  reservation se nhi,2,Religious Hate
 aray mujhy koi kuch nhi bolta ap tension na lo meri..🤣🤣,1,Normal
 main personally bhot serious  banda hoon 😂😂😂🙌,1,Normal
aap ko bol rha,1,Normal
 maths jaisa e subject hota h problms solve krni hotin banking busines ki.,1,Normal
rt :  sher abhi shant betha tha to ye log samjhe gya inko ni pta wo inka baap h #captaincoolshuklaji,0,Abusive/Offensive
pilai hai kis nazar sy tu ny k mjhy apni khabar nahi hai,1,Normal
aur chutiya ne urdu me naam likha h hahahha tu to secularism ki maa chod di 😂😂😂,0,Abusive/Offensive
"mera to dil der gya, establishment itni ahmaq hai, ke dobara ss ko pm bananye lagi hai",0,Abusive/Offensive
oye shirin kaise o g aap?,1,Normal
paagal rundi aurat,3,Sexism
code bhee saaf karna hai abheeee bc,4,Profane/Untargeted
bhai chod de kyu apna time waste kar raha hai...,1,Normal
ye sanha ab bht over kr rhi ha bhen tu jitna mrji krle mahira itna ni krri jitna tu krri ha bus kr chod de bhen usko #championsidshukla  ,1,Normal
bhen chod tu asay hi bhonkti rahy gi.... tujhy pata kuch hai nhi bas randi k bachi yahan pti ki spport mein bhonkne aa jati hai....,3,Sexism
"didi ek bar padh b leti. caa bs unhe cover krta jo 31st dec 2014 tk a chuke and as a refugee reh rhe. unhe citizenship de rha, sbko nhi. aur fir bolenge desh main jobs nhi, bc padhna likhna toh seekh lo tb naukri ke liye rr krna.",0,Abusive/Offensive
areee 🤦 khilana nh  khailna ha 🙄🤣🤣,1,Normal
 meri class hy na 😂,1,Normal
ab ap barii sisters  ki shadi krwain 😂😂😂 ta k ap ki sweets b pohnch jain or udhar gifts b. apki khush kismiti ha na chota hona😝😝😝,1,Normal
 kia ni pchta,1,Normal
chlo bhenchodo,0,Abusive/Offensive
"aag😉  sahee footage keliye itni drama karti hein baap re baap  aaj bhi dekhe tho bhau air sid baat kar rahe the beech mein ghus gayi,aur tel daali #arisingh   #captaincoolshuklaji",1,Normal
   like seriously 😂😂 😂 ap b sid ke fan ho gy omg sid hai hi aisa sb fan ho jaty haters tk praise kiye bna ni rehty 🥰,1,Normal
yar kahan sy aty hain esy loug??!? 😑bc mzak hai kiya?,0,Abusive/Offensive
mahira toh .real...ki...bandr...lgti...h...#shehnaazians,0,Abusive/Offensive
 tu kr skta h??,1,Normal
" mgar shram tum ko aati ni, itna bughz muhammad o aal e muhammad say? kis moun k sath qbar mai jao ge.",2,Religious Hate
" leken jo bhi hy, unko jo required hy woh to 10 times mehngi ho chuki hy, i mean pti ki har foolishness ko to defend krna nh bnta, all grocery items, electricity n gas bills av perturbed the middle n upper middle class aswell what to talk bot ppl living below that, its high time",1,Normal
charsi khan kidhar hai??,0,Abusive/Offensive
"dr sahab: kafi bechain hain aap shadi ki liye?  mahjabeen: han aur nhi to kiya itne sarey kapry, jewellery, joty, duppate milengey, parlor se tyar hongi aur to tasveeren bhi khenchein ge, dostein bhi aaengi! 😂😂 #pyarkesadqay",1,Normal
 tu kis kis ko galat kahe gi ghatia aurat tera maqsad hi bs behayi phelana hai or isi waja se tujhe sirf zillat hi mile gi,0,Abusive/Offensive
😲😲😂 ye mene kia dekh lia 😂😜 kon hy ye aadmiii😂🤣,1,Normal
"why we should consider gau muter slogan as insult. a beggar or hijra if not get bheek does same. a gunda or mawalli does same. does that effect any one. hell noo  so let paki bark. we know better, what we are.",0,Abusive/Offensive
"i'm not sure how the state of pakistan would perceive/recognise hijra who have sex with each other.  either way your question is like 'does the state of pakistan tolerate gay [insert religion], yes or no?'  sexuality and beliefs are different things (yes, gi is a belief)",1,Normal
lol. phattu insaan,0,Abusive/Offensive
logon ki lifeline hoti hai aur yahan tw meri life hi line per nhi hai 🥺,1,Normal
khud ko barbaad ker liye ni mile active followers 🥺🥺 ,1,Normal
"tm wohi student ho randi rona wali or akhir main kona pa bhat ka rona hain  99.99 aya hain, ya bc teacher 0.1 kyn kata hai sara gpa ki bund mar di hai.",4,Profane/Untargeted
"abayyy saali magar ""pyaar"" tou urdu ka word hai na",0,Abusive/Offensive
   konsa dr pass le k gaye thi? 😂,1,Normal
yeh harrami pti main hain saray chore zakat khore yahodi agents,2,Religious Hate
"ndtv, aur aaj tak news channel shahin bagh ke full support main.  sham",1,Normal
areeee bc tomorrow is cloudy and shizz ://,0,Abusive/Offensive
  good night g. bye bye,1,Normal
  haha aqal sy bahir h baat 🤦‍♀️,1,Normal
upar ahmaddiya muslim niche simple hindu. chakkar kya hai guru ?🤔,2,Religious Hate
clean and green pakistan sirf pani ki he waja sy ho sakta hy ,1,Normal
",salla, madar chod, randi ki aulad, bastard u & your corrupt congress party, & nakli gandhi’s destroyed this country & now blames modiji bastard tu salla kutta mar bhen chod.",0,Abusive/Offensive
hahahahaha hahahahaha kanjeri ro ro,3,Sexism
 itna achy likhty likhty last word ny kam kharab kar dya 🤦🤦  is leye kahty hai bandy ko at least matric pass hona chaheye 🙆🙆🌚🌚😂😂,0,Abusive/Offensive
marwa marwa k suja dia apna phuddhi ab allah se maafi mang rai ho. dubai se nikal k . pakistan beja a tumain. ab qandeel baloch jaisa haal hoga tera beta,3,Sexism
rt : chup kar bharwe ek dam chup madarchod,0,Abusive/Offensive
ek randi larki ko itni pazeerai di hai. smjh se bahir hai,3,Sexism
"or kya syria,iraq,libya,yemen,south sudan,afghanistan me hindu hi toh ladh rha hai🤨🤨. 9/11 hindu ne hi kiya tha, balochis, kurds,shia,ahmedi ko hindu hi toh maar rhe hai.",1,Normal
       pak army ne tumhare aur afghanistan k bejy howe terrorist k liye fata me operation kia jis ki tum logon ko takleef hai  ab zada behs mat kro mujh se jao,1,Normal
ab ye cambridge walay humare sath april fools wala hand na kerdein 😵,1,Normal
aor tery bayghart chor abbay kashmir frosh gandu lanti sazishi bayghart kanjar imran yahodi nay usi ko choar dia lant teri jaman wali tay imrani tati,2,Religious Hate
mera nhi to aap sy kis ny kaha,1,Normal
zrort nai bro mujy pta hai kiya karty hain or kiya nai behas khtm kar yar ab,1,Normal
"m*\/%chod, shaayad mujhe tumse achcha hindi aata hain. bose dk... teri gaand ko aisaa laat maarenge jab melenge ki gaand kidhar hain our lu4n kidhar doondte jaavoge. chup ho jaa naalaayak!!",0,Abusive/Offensive
sali randi chal fut,3,Sexism
faasla rakhain warna aap k abba tou cast se bahar shadi bhi nai krtey,1,Normal
tumara kuta wazir jahil e azam ek yahodi e agent hy aur pori ki pori team wo hi team hy jo pechli hukomaton k sat thi aur ab bi apni nalike k liye tum log sharmedha ni ho allah ka azab ho tum par ameen,2,Religious Hate
kisko vote karu bhenchod they're taking us for granted...,4,Profane/Untargeted
 men ne waja to ye e likhi ti na😁,1,Normal
papa: putr oth ja  me: abhi nahi bahir thand.bohat hai,1,Normal
sari tmari thi jo idr mentions me warh gaye ,1,Normal
teri pen da kus khottay k bachay haramkhor badzat fastai zani yahodi lobby k agent dallay naehal nalaik cocane addicted chutiyee nikhato nikamay najaiz nalaik baysharam baigairat jahill  niazi kottay keray parien tere ganday jism main tjhe kafan naseeb na ho,2,Religious Hate
knock knock to your common sense...why would ahmedi maulvi perform jenaza of a person who did not pray behind an ahmedi imam??? such a person would not even like ahmedi imam perform his janaza...,1,Normal
 haha lgta to ye e h,1,Normal
"hahaa bharwe mene ek tweet ki hai mge oska answer de, abe recent tweet chk kr",0,Abusive/Offensive
abay chutia teri maa ka khasaam yaar hai wikki,0,Abusive/Offensive
 yar pata nh kahn paye jaty hn asy shohar,1,Normal
mufti vicki jaisay ulama is mulk ki bunyaden khokhli karna chahtay hain or khud yahoodi perokaar hain. allah in se hamen mahfooz rakhey,2,Religious Hate
abhy kisi randi ki olad apni maa behn ky asaso ki fikkar kar kahi koi chura naa ly jye d chowk ki peedawar kutti nasal ky youthye,0,Abusive/Offensive
jani na shor na sharaba or randi ka shoq bhe pura hojaye ga,4,Profane/Untargeted
 kash k tery bap ko teri maa ne kaha hota k mera jism meri mrzi to aj tujh jesa dalla peda na hota.,0,Abusive/Offensive
o ahmaq. molvi manzor ki ye sakht nahi ghatya aur fohash zubaan hy. ap abhi sakht naram k chakkar mn phansay hoe ho.,0,Abusive/Offensive
you may have got a govt. job relaxing 3 hour lunch brake you know sbi and you know icici.  when a person becomes billionaire he runs family of lakhs of people. these are job generators not job seekers be thank ful. without reliance imagine mumbai metro?,1,Normal
me ny to suna tha wo apko dhoond rhy hain 🙄🙄,1,Normal
 sir pm sb ko bhi guftaho ja saleeka sikha dain .onka level to toba toba,1,Normal
tum meri dekh lo to dar jao 🤣,1,Normal
rt : breakup k baad apni dost ka rona dhona jhelne wali larkiyon ko bhi  aik award milna chahyie..!,1,Normal
#hareemshahscandal  sir please do something. halat tu kharab the hi ikhlaq ka bhi bera gharaq ho gaya. kis kisam ke gande log hum per musallat ker diye hain establishment ne. establishment is real political group.,1,Normal
 tickets tcs centers sae aur dates ka pata nahee,1,Normal
  tum ny kitabon se btaya tha hum ny b kitabon se hi btaya hai,1,Normal
rt :  abe jaa na bhadwe 2 mla leke randi rona kr raha,0,Abusive/Offensive
tukde tukde gang ke baare mein bhi bhaunk le kuch kutte...apne baap kanhaiya chutiye ke baare mein bol...keju kutte ke baare mein bol...namo forever 👍👍,0,Abusive/Offensive
"bhenchod yaar dus din baad ghar aao and the whole place looks fkn disgusting. i’m so tired, man.",4,Profane/Untargeted
mam ya bta do k 30 years se fazal ur rehman hr govt ma shamil ha aur 30 years se ppp aur pmln ki govt ha pakistan ma ab soch lain k kon yahodi agent tha,1,Normal
yahoodi khan kuch mehangai ka b soch ly. har waqt teri bakwas hi chalti rehti hai,2,Religious Hate
abe akhrot si shakal ke #arhaankhan tu bolega #asimriaz ko shakal dek khud ko deka h itne bure to log adhar card m b ni dikhte 😂😂 #wesupportsidharthshukla,0,Abusive/Offensive
itni beghairat army india ki 72saal se kha rahi mulk ka budget aaj tk apnay se 10 guna chota pakistan qaboo na aaska lakh lanat na mardo,3,Sexism
dil ny yeh kaha hai dil se? next line??,1,Normal
  hawwwwwwwn yar sach main iritate kar rekha hai is nee muje 😂,1,Normal
imrani tati tum har gay ho jo jhot tum nay 3000 arab say shuru kia wo 300 arab say 7 arab par pohnch kar tera aor tery najaiz abbey donkey king kashmir frosh gandu lanti sazishi bayghart kanjar imran yahodi ka munh kala karwa gaya ha bayghart kanjar youthiye,2,Religious Hate
a very good reply from khan to a hijra  old lady 👵 tu hay kaon ????  aik tv 📺 inker nothin else. tuharey honey na honey se kuch farq nahi parta.   clearly bilawal ki side le rahi hay. sab chor hain,3,Sexism
"abey ooooo aj k insaaf k baad tou tujhe bhonkny ka koi haaq nahi bhen chod... offline hoja warna bhoat galliyan parenge,",0,Abusive/Offensive
angrez chale gye gulam aur gulami chod gye,1,Normal
bhenchod diwali chali gayi thand aa gayi par ye bhen ke lode machar abhi tak nahi mare,4,Profane/Untargeted
ek toh bc  o meri sex life ki bhut chinta hai curious cat mei sirf yeh questions pooch rha r u virgin u miss ur ex have u kissed teri crush kon ffs,4,Profane/Untargeted
hamare dil me koi plastic to lagi ni he jo bus log hi hurt hosakte he hum nahin😶....laanti kahin ke ...ghunnay mirasi kanjar,0,Abusive/Offensive
"israelis should really take notes. independence day is not only bbqs and free shows , is also what should make us all : jews, druze , arabs , circassians, alawites , bedouines , ahmadiya , samaritans , assyrians , arameans and many more one nation.",1,Normal
 dill hi jeet  liya baji  nadia  aap ne,1,Normal
han main akela ghr reh loon ga tm zoo rehna ok donw😂😂😂,0,Abusive/Offensive
 meri jan sb clear hota hy.. safarsh chlti hy..,1,Normal
ab ye ham bol de to sala bolegi sexual harassment abusive ho rahe ha.... but kya kare liberal sali randi ha randi ko randi bolna bhi gunah ha,2,Religious Hate
tu bhenchod sale tere khandan bhenchod,0,Abusive/Offensive
rt : birthday wali feel hi nai arahi bhenchod,4,Profane/Untargeted
"aik to college walo ka koi deen emaan hi nahi hy , hrr hafte monthly test ka dhong rachaty hy bharwe",2,Religious Hate
awin rusiyan na kar mere jaan sajna ek din shad jana aa jahan sajna,1,Normal
aby mn randi ko e randi bolta jb meri bhn e ni to teri bhn ko e bolunga na or wo to h b randi ki bchi randi e😂😂.l.,0,Abusive/Offensive
lanat hai tum logon per bc saalo ulti ho rahi hai 🤮,0,Abusive/Offensive
oooo bhai maroo mujhy maroo... nhi koi mazak chal rha hy yahan py bc  🔫🔫🔫🔫🔫 #psl2020,4,Profane/Untargeted
tumary bhen ko chodo randi k bacy tou istifa ly ga bhenchod,0,Abusive/Offensive
allah aapki mushkilain aasan kry. aap pr rehmtain aur barktain nazil fermay. 💐🙏💕🌹,1,Normal
t20 fitratan entertainment game hy aur jo game t20 nae wo fitratan entertainment nae. ,1,Normal
tu aap sy hi start laiy laity hain bismillah karain,1,Normal
go niazi go yahodi,2,Religious Hate
randi stop smiling and focus on the lecture,1,Normal
jis ne teray kapre utaare the na kabhi apne baap ko hijra na boli,0,Abusive/Offensive
wo apnay janazay khud parhtay he sahib...💔 jinhe moot se pehle muhabat maar deti he...💯,1,Normal
ali wazir bhenchod,0,Abusive/Offensive
sahii bat h yarrr akhrot kajo bhut behterr.,1,Normal
jb firshty tuii py garm chimtay lgyn to sakoon mil jaye ga,2,Religious Hate
wo ahmaq kitna arsa charha raha tum pe ?  sharam karo jis k nechy itna arsa leti rahi os k bary mein asi batain ?,3,Sexism
ik ko girany k liye ye sb 100 bar gir chuky hain r 1000 bar mazid b giren gy.,1,Normal
bhenchod hidden hi rehna chahye tha. tb dil khol k jo dil mai ata tha atleast likh to sakti thi. ab likhun apna dil halka krny k lye to socha jaega i am seeking attention by writing stuff 😂,4,Profane/Untargeted
"saaf dikhhai raha hai, iss aurat peh english jin ka saya hai 😀",1,Normal
ab ti sun lia ab kya faida😏 program cancel😏,1,Normal
"koi vi samajhdaar admi mujhe samjhaye, aisa kb tk chalega",1,Normal
wapis lo is bc se trophy aur finale dobara karwao,0,Abusive/Offensive
bhosari ke tere paas paisa hai toh tu bhi kar,0,Abusive/Offensive
  amen hm ko bi bolana mola,1,Normal
  ye to phr bhjwany waly ki mrzi 😂,1,Normal
bauhat sardi hai bc,4,Profane/Untargeted
 lonndhii ap sy pucha kisi ny ??,0,Abusive/Offensive
  hmain tou nzr nai ain kbhi teri stories😜😂😂,1,Normal
tu dalla tha dalla h rahega bharwe,0,Abusive/Offensive
 bak bak bak on twitter govt mai ho kr kuch nahi kr skty to doob k mr jao,0,Abusive/Offensive
ab ye dubara poora christian bhi ni ban skta kyuki kuch aur aadha ho chuka hai 😹,2,Religious Hate
"hope they could have stand against triple talaq, halala, nikah mutah, polygamy, child marriage than they could have done justice to the gender",1,Normal
am i the only one who doesn't really like  dry fruit except akhrot and pistachio(only in icecream and kheer though) and it doesn't really matter how expensive chilgozha gets?,1,Normal
 band main har performer acha tha siwaye is ke. junoon ke naam pe aaj tak paisa kama raha hai. har ganay main bas gala phaar kar cheekhta rehta hai,1,Normal
"then  persecution is a strong word. you can use that for ahmaddiya community in pak, but using it for christians isn't suitable. yes it will catch eyeballs but will be far from truth.",1,Normal
kaafir pe khouf hona chhahye. tum pe b hoga,2,Religious Hate
 itna tu kisi ne chaha b nahi huga jitna humne socha he tumhe,1,Normal
asslamualaikum din bakhair dear  allaaha subhana wa ta'ala sees allaaha subhana wa ta'ala hears.  and  he is just sometimes this is all you need to remind yourself,1,Normal
arey madam mard orat barabar ka falsafa he na ap logo ka to phr brdasht kren,1,Normal
 inshaallah ❤️ sb acha hoga..,1,Normal
teri maa ki phudi mein lun.  bajwa ney choda teri ammi ko aor phir tu kutta kanjri ka bacha aia,0,Abusive/Offensive
 itna khatarnaak s/o koi ni beta apna time aayea 😏😅😅,1,Normal
ye kya baate hori haiii !! i cant tell youu!! gandi gandi baate kar rahe hai vishal shefali himanshi sana aur sid!! 😂😭🤣  #sidnaaz #bb13,1,Normal
abe dalli sasti randiyo ki sodaagar 🖕🏻,3,Sexism
  sach bhi hota tou kon sa kar lyni thi 🤣,1,Normal
ye kya chutiyaap dekh liya meine subah subah??? haraamkhoron ki bateesiyaan nahin band ho rahi. lanati kuttay saaley.,2,Religious Hate
bc yeh kia fake bawaseer phela rahi ho gashti,0,Abusive/Offensive
  karma hits hard  ye jo dehshat gardi hai iss k peechaywardi hai,0,Abusive/Offensive
bhenchod ye body shop ki products kitni mehngi hain,4,Profane/Untargeted
"arre yar niks aise logo ko me hire karta hu tuje tho pata he na, or iss bhenchod 😠 mujse darta he sala number or address nahi deta varna iske ghar jake maruge. iss liye or vo he bhi pakistan ki oolad so unki upbringing aisi hui hogi obvious hena nikk. baki muje kya lena usse.",0,Abusive/Offensive
bc kya chutiy*pa hai tujhe degree dekhni hai jha 2 hai kya be law ru ..koi aise hi pm nhi bn jata hai aur tu thehraa jahil gwaaraadmi gaddar saaalaaa k*tte ki nasal ..,0,Abusive/Offensive
"sc tou abhi bhi pro niazi hai , niazi ki khwahish par ns ko disqualify kya , wahan case kyon nahi jata niazi apna randi rona lay kar?",0,Abusive/Offensive
"  😑😑😑😑😑  stop it chutku, i iz bari jitna marzi drama kar lo, sach nae badl sakta, u have to respect me 🌚🌚😂😂😂😂",1,Normal
"woh toh hum logon ne parliament me dekh hi lia tha. jab amit shah said,  owaisi tereko sun na padega during 370 discussion. waise owaisi jaise logon hai kaun be. aaj tak kuch kar paya hai. sirf bhaunk tha hai.",0,Abusive/Offensive
english ki maa chod di tumne. jaahil qoum,0,Abusive/Offensive
so since hijra comes under transgender i am a super human athlete yes?,3,Sexism
 han han.. allah ny banai hai achi hi hai..🤐,1,Normal
  no one is supporting marvi but yeh kya koi language hoti hai aurat say baat karnay ki? is that how you talk to women? kur is a disgusting man and everything that he writes is straight up trash.,0,Abusive/Offensive
lanati insan.,0,Abusive/Offensive
"i have seen enough right wingers who have celebrated mumtaz qadri, literally died when aasia left, stayed mum over forced conversions and supported the demolition of ahmedi mosques, who have been this norway guy, and have had his pic as dp. get out of your touch me not state.",1,Normal
 duaoun main yaad rakhna 😇,1,Normal
yes. keep the qadiani as gernail please. he has the perfect partnership with the yahoodi wazir.,2,Religious Hate
acha dekh le sawab milega,1,Normal
akhrot ko haq nh chilgozay khany ka😒😒😩,0,Abusive/Offensive
we will spot you mola apny maqsad me kamyab kary inshahallah inhy apna haq zaroor mily ga,1,Normal
chille main bhi protest ho rahay hain hong-kong main bhi protest nahi ruk rahay... yahoodi netanyahu k khilaf bhi case ban rahay hain  ye sab molana ki aalmi takhreebi karamaat hain 😂😂,1,Normal
chowni main aou aik new rundi ka bacha aya hay,0,Abusive/Offensive
bhenchod gand fati me tweet delete kr dia fattu,0,Abusive/Offensive
allah aap ki hifazat kry.,1,Normal
khud ko dekh liya kya charsi,0,Abusive/Offensive
ye to farhan aktar niklaa bc... caa k liye kon sa kaagaj maang raha h ??? bc ye pakaa sasta nasha krta h... #fuck_anurag,0,Abusive/Offensive
hahah shakal se lagta ha k 12 adad bfs kha pi chuki ho hahaha,1,Normal
aap bh burhapy mn jaky karna,1,Normal
   o bhai sab aap yeh tweeter account khol kar pin hui video app aik dafa dekh lain.....lol,1,Normal
yes omg ahmedi general bajwa is anti shia . lmao,2,Religious Hate
bhosdike.. tere 3 baap jo shaamil the wo muslim nahi the.. yahan gand marwana band kr aur in chaaro ke sath teri soch ko bhi faansi de deni chahiye lauvde,0,Abusive/Offensive
 ye cheez,1,Normal
 aap ka likha nahi na ata😝😂😂,1,Normal
 phr to hmari dua hai k na hi complete ho. ... khazane me kch a jaye... 😜😜,1,Normal
shukr ha kisi ko tu payar krti ho,1,Normal
"hawaldar saab, ap ka idara to bohat aqalmand hai, bohat aqal ki batain karta hai. like operation jibraltar, kargil etc. etc. salay phudi day gandoo teri or teri napak foj ki maa ki choot main lora",0,Abusive/Offensive
 apna mehmaan hee samj lan fr wesy b rehmat hota mere jesa mehman,1,Normal
jis adhi awam ko iska ni pta wo chary lun per. ,4,Profane/Untargeted
meray khiyal sy geo ko ab bas kerna chieye ye bohot ziada ho gia ha,1,Normal
hamse chudwa le randi aao,3,Sexism
"rt : jo zakhm dikhtae nhae, wo dukhtae bht hain 😔",1,Normal
sudia yahoodi bhai bhai,1,Normal
nawaz shreef ko sare amm chowk pe sir kalam kar dena chaye aur zardari ko sare amm goli mar deni chaye aur maryam ko jail me hi rakhna chaye pakistan ko barbad kar k rakh diya is bharwe ko to sansar karna chaye jali mullah,0,Abusive/Offensive
baap ka naam kaise le sakta hai ye kyuke ise bhi khud nahi pata ye kaunse aashram ki paidawar haj,0,Abusive/Offensive
 oh mene bas hate this guy sunaa toh mujhe laga meri hi baat ho rahi hogi😂,1,Normal
 bs hassi rok k rakhi thi😂,1,Normal
youthyon kay judiciary kay khilaf posts daikh kar yaqeen ata ha jahalat ka education say koi taluq nahi :p :p maza tub aye ga jub ye khud imran ko ghadar yahodi agent aur modi ka yar kahay gay aur ye atal faisla ha ye kahay gay :p,1,Normal
"major, musharraf is a muhajir!! why is he taken care off?? you once said” sirf sunni punjabi hee pakistani hain aur koi nahi” . and presently gen bajwa is said to be ahmedi..!! your views please...",1,Normal
jis tarah us baap ke 2 bete shaheed ho gaye   allah karey tera beta bhi jald mar jaye cancer ki wajah se inshallah,0,Abusive/Offensive
  upar wala sab dekhta hai tum insaaf na karo wo khud kar dega,1,Normal
11:11  tujhy hum yaad kar lain gay.. tujhy hum bhool jain gay..,1,Normal
yah hijra hai ya ladki hai ya ladka hai ya pahle dikhane ko bolo bad mein humse puchna medical degree dikhane ko 😆😂😂😂,3,Sexism
shown more balls than many phattu bollywood twats.,0,Abusive/Offensive
itni khoobsurat ladkiyon ko kon aisi job deta h bc 😐 in se argue karne ka mann hi nahi karta 😥,4,Profane/Untargeted
"ive always been addicted to ""ek baar muskura do"" by munni begum, thanks to my charsi dosts.",4,Profane/Untargeted
kahan hai #modijii jinka slogen tha #betibachaobetipadhao  aur aaj phir ek maa baap ki beti aur ek bhai ki behan ke sath aisa zulm hua hai or #modiji aur unki #sarkar khamoos🤐 hai....#whatanewindia 😢      justice for priyanka di😢,1,Normal
 khud kah k tareef krwa rhi hen🤔 i think ap dekhne me aisi hen k bgair boly hi tareef kr den gy log... wese mu py tareef krna groor ka sabab ban sakta he ap k liye,1,Normal
apun saab ka  apun ka koe ni,1,Normal
  baat mat ghuma pakistani supporter log,1,Normal
in bhenchodo ny lhr ko khud ganda kr rkha hy har roz kuch nah kuch jala dety hain aur barish bhi naraz lhr sy,0,Abusive/Offensive
"bhai sahab, ye saala #charsi ha, koi fayda naa ha is nashedi naxali ko samjhane ka",0,Abusive/Offensive
g bro m nay sorry kiya magr unho nay block ker diya m apni usi bhen ko kehna chahta ho k kisi k mazab pay isi bat nhi kerni chchiy jo kehti hn yohdiy kon yahodi hy or kon muslan hy or kon kitna allah pak ko passand hy,1,Normal
khatoon e jannat s.a haq par thi..!!!  kya is k leye ksi daleel ya behas ki zrurat hai. dub k mar jaooo nabi k nam par jan qurban karny ka dawa karny walo musalmano..!!!,2,Religious Hate
inko tweet karna ki jaldi hoti hai.he is beating his wife. oh yeah i have story for my tweeter  yeaaaa! so many likes so many rt's. ya log sirf twiter pa batain chod sakta hain bus.,4,Profane/Untargeted
btw bhenchod means sister fucker and rantoni is madharchod,1,Normal
 god bless you...i wish aapki maa behan ko koi ese gali na de....lekin karma h vapis to aayega hi....kya kar sakte hein koi aapki maa behan ko bhi de rha hoga ese gali...,1,Normal
 toh mat kijiye sir ! 🙏 dil se mat kijiye,1,Normal
bhenchod yeh piyar viyar sab bakwaas ki baatein hain. ap aglay ke sath kiya kiya imagine kar rahe hotay ho. aur woh apke sath hi game kar jati hai. i am absolutely done with the shit love is all about😏. zindagi me bus agar kamiyab hona hai tou just focus on your gols 😌✌️,4,Profane/Untargeted
g bilkul aap nay kitna dam fund ma hisa dala tha mohtarma,1,Normal
nehru bhakts? abe gali kisko de raha hai be tu? launde tu galat jagah bhaunk raha hai. chal bhag yahan se. upar ke post ka matlab tu sarcasm ka meaning google kar ke samjh le. bhag.,0,Abusive/Offensive
 his ko nakla q pata hai,1,Normal
apni ammi aur bahan ke sath aise hi baat karte hain isiliye tere country mein sab log hijra ha🤣🤣🤣🐐,3,Sexism
 mzak kia tha 😎😎😂😂,1,Normal
  hansy mat ab 🥺😑😑😂,1,Normal
bht bara zalil ha ye bnda,0,Abusive/Offensive
dkho to kon aya🙈🙈🙈  welcome api 😘😘  itne time bad ap ki entry meri notification main bahar a gai😍😍❤❤❤ thanku so much❤😘😍  ,1,Normal
  multan neechy ana ni chahti😂😂 isb ko barish top 4 se nikalna chahti karachi or peshawar neutral😂😂,1,Normal
 mehboob jab bar bar samnay aye tou dil me dard sa hota hai us se bachne ky liye log pehle migration krte thay ab block kr dete hain.,1,Normal
 meri tweet p apna gnda dimag ly k agya tha,0,Abusive/Offensive
fasla rkhen bad men ap he ny mere hty huye b apni ex ki yadon men marty rhna hai. bhaar men q nae jaty yar ap?,0,Abusive/Offensive
bhai jis ka jism uski merzi now can we please move on,1,Normal
"wtf is wrong with this country, har jagah marasi baite hue hay. beghairtoo",4,Profane/Untargeted
randi ki nasal  aesi gali 🤔🤔🤔🤔,4,Profane/Untargeted
 madam na kry.. jis ny ap k kapry utar k jis ny video bnai apki us k lye b bad dawa mang lay.. phly ap ny yeh kam kia us k bad leak hoi.. na ap krti na leak hoti... or ub jo kar rhi hy galat kr rhy hy... tobaa ki hy tu usi par focus rkhy..,1,Normal
or koi horha ha?,1,Normal
 bad main q nahi lagai.,1,Normal
tamam pti walo par yahodi khan par lakh di lannat,2,Religious Hate
 mota bhai pura planning khud se dekh rahe hain lagta hai,1,Normal
 kuch nhi bs dil kr rha tha fun krny ka sb k jwb sunny ka😂,1,Normal
  ye bat bhi theek hy🤪👍,1,Normal
"ma chahta hu k aap ""grammy awards"" k liye nominate hon agly saal 🤣😂",1,Normal
"m firqa wariyat m nahi parhna chahta, muslims mjo ahktlaf hen wo apni jaga , lekin pichly 200 saal sy muslim is liye mar kha rhy hen k sunni shia wahabi dayobandi bla bla ,,yahodi or nasara ny na koi sunni mulk chora ha na koi shia,  wo bs yehi dekhtay ye muslman ha ..bs maro isk",2,Religious Hate
fasla rakhein baad main aap ka boyfriend patch up karleta hai aur aap mujhe block kardeti hain 😁😁,1,Normal
 khan sahib laton ke bhot baaton se nai manty jab tak koi ekshan nai lo ge ye asy nai many ge  choty bary sab afsraan miky huwy hen,1,Normal
scene kuch esy han 😂😂😂 #wwe in sindh 😂 ,1,Normal
sir allah aap ko hemmat aur taqat dein aameen,1,Normal
     haha ub ye to pta chl jaega jb tmhri ankh khule gi... wese modi ki ankh thori khuli h aj usne mana k proxy war zoron per h 😂😂😂,1,Normal
rt : phar lyn mere bhen phar lyn  😂😂🙊,1,Normal
ahmadia muslim nhi. kaafir hain or kafir ko musalman nahi kehty. ,1,Normal
g ye tu pta ha....abu bakar r.a tu bht e kmal insan thy...allah un per apni croron rehmten nazil frmaey.....,1,Normal
 yar khud masoom sy hain paper pata ni kiu itna harami bana dety hain 😭,4,Profane/Untargeted
in kutton ko bs iqtedar cheae or ye kutte k bache apne aaqaon ki tc k siva kuch ni jante 😡n league ppp or hr us siyastdan per laanat jo pakistan🇵🇰 per apne mafadat ko tarjeeh daita ho,0,Abusive/Offensive
abe gahde tere baap me himmat hai toh jaake case karde 😂 or rhi baat aarey toh court ka order tha samjha former cm h hamara or teri aukaat nahi h varna tel laga danda kaha jaega pata nahi chalega tuje bs takleef hogi 😂 😂,0,Abusive/Offensive
poocho hamarai imam sai kai quran mein kaha likha huwa hain aisai ye sirf yahodi khanzeer logo ki chaal hainmuslims ko badnaam karkai liye  zara socho na tumharai hinduism ko badnaam kyun nahen kartai islam kai peechai kyun parai huwai hain zara dimagh ko khol kai socho,2,Religious Hate
 bachpan ki yaade 🤗,1,Normal
han wahi bhenchod mene puchna hai bc ek din pehly itna rr aur aj chill xd,4,Profane/Untargeted
"just the ten thousandth ""isolated"" instance of christian /jewish/hindu/ahmedi places of worship being attacked by crybabies who themselves can't handle some nutcase burning a book full of fiction stories.",2,Religious Hate
 abhe tu hi hai asli fan 😂😂😂😂😂😙,1,Normal
"ye to batwo kis ko keh rahy ho bhai, sary yahoodi dar gaye hain apki vidoe daikh or kehty hain hum ny to aisa nhy kaha, so name bata do uska, baqi bechary to saans ly saky",1,Normal
usman ab se chup rehna ha tmne. okay !!!,1,Normal
ab itna bh bura nahi mein 🙄,1,Normal
hmm yr besharm aurat,0,Abusive/Offensive
portfolio main ye edit daly 100 percent kam ay ga 🌚🌚🤦🤦😂😂😂,1,Normal
idk why people call this a yahoodi saazish while in judaism they have a celebration called as “good friday”.,1,Normal
hakoomat nai 25th january #danish ka yom e wafat qrar diya jis din holiday hoga! #meraypaastumho,1,Normal
seriously who came up with mummay?,1,Normal
fazlu diesel gandu and nawaz sharif bhen chod is expired products 😂😂,0,Abusive/Offensive
 ma to sirf itna kah rha k aisi tweets kro jin ka jwb ap ko bura na lgy,1,Normal
 abhi to mn n bht kuchh avoid kia ..shadia aur pata nahi kia kia😂,1,Normal
kutta paal lo bili paal lo pr ye wahem kabhi mat paalo ki 12th ke pass krne ke baad maza hi maza hai,1,Normal
 na milo koi zrori hy..😜😂😆,1,Normal
no ap ki ami sa mil k koi statement dain ga,1,Normal
 ni ap ki sohbat ka asar ni h q k ma apni wifi se kutt ni khati😂,1,Normal
of course kb check krne aa rhi aap cellphone,1,Normal
"aja pen chod teri maa bhen chod dunga bhen ke lode saale ,,,,asim teri ma chodn aunda hou tere ghar londe saale lodo meter",0,Abusive/Offensive
fir dobara kisi ko mbbs ki degree show karne ko nahin bolna to darpok hai isliye apna indian visa nahin show kar raha hai aftab sach mein to bahut bada hijra hai 😂😂😂,3,Sexism
bc puri koshish kr rhe ki bukhe nange communist film ko jarur dekhe va banchod,4,Profane/Untargeted
rt : “ek din tu na milega tera naam phir bhi rahega”  ali zafar said it long time ago!  best song among all anthems of psl ❤,1,Normal
na na is moty ko aur dj ko bhenchod samny lao ikthy urao😤,0,Abusive/Offensive
  mashallah aap ki niyat bahut acchi hai allah tala aapko kamyab karega sabse bada kam duniya mein hai insaaniyat ki khidmat hai jo aap kah rahi ho,1,Normal
ye bat tum yahoodi ko bolo atankwadi tum ho jo musalman se nafrat ki aag me insaniyat ke sabse bade dushman yahoodi ko support karte ho ye log to face to face mara hai unlog chote bache ka upar bom feka kisi aurat ya admi bacha ko goli mar diya wi bhi waha ke civilian hi hai,2,Religious Hate
yar bhenchod yaha tou abhi 12 bajay han meiko ko dhamthal ki puri khani ha,4,Profane/Untargeted
education pe ghussa agya tha bhenchod punjab mai knsa na hum log gobar waly hathon se khana khaty hn education nahi hai ajeeb chutiyapa hai yai,4,Profane/Untargeted
tum kyun bol ri fr batao zara aur aps ki baat ha bol kisko rahi ho,1,Normal
 me pehle bola k maryam ny apni power se kia jo b kia mujhe koi tension ni hy 😂,1,Normal
tm hijra ho or tm khan ke jute k barabar be nahi ho accidental ho,3,Sexism
jitna ganda  tareen geo news hai  is sy ghatiya media channel nahi daikhaa ,0,Abusive/Offensive
   don't be rude bro sid zarur jeeta ga vo srf itni bt kr rahe hain ke makers ko agar doosera fandom ne biased ka pressure daala to makers shenaz ko win krein ge ise liye humein itni tagri voting krni he ke doosron ko jab sid jewta ye na kehna parw bigg boss biaswd #keepshiningsid,1,Normal
yahoodis on top and no muslim country in 10 top.  yahoodi sazish sy darny walo ko apni jahalat sy drna chaheyey 😷,1,Normal
 aj pata mujhe tumsy yeh 😅💔,1,Normal
 teri class ma to easily marks aa jain ga,1,Normal
wait i'm coming for fixing your heart 😂😂😂 btw yaar kasme 2 din sey neend nai a rahi pta nai kiun,1,Normal
g likha hai.. ab aap ko itna tajasus hai to tarjume se parho.. quran or aahadees mai yah baat mojud hai ,1,Normal
mera land lene ka kise mn h neri randiyo😍😍😍,3,Sexism
aby sasti randi bol 😂,3,Sexism
moun ko chup lagh jati ha fr pata ni kyun,1,Normal
  aaj ke liye itni attention kaafi hai tum logon ke liye 😂 bye bye 🤣,1,Normal
"te tu apna de chad ... maa d lorre, avin lga ay. teri ch lapet k teri niki ki phudi me dal dun ga.",0,Abusive/Offensive
  main bhi apne gf ko yehi bolta. support our starboy #asimriazforthewin,1,Normal
rt : yar itne arse se january chl ra h abi b 2 din baki hn 🤥,1,Normal
mtlb k drs ka is se b bura haal hoga jesa ajkal hai..,1,Normal
mere ko nai pta beta ki teri ma ko bdsm wilderness ke bad bestility me interest agya aur wo kutte se chudwa rahi hai.😂🤷 bahut aag baki hai teri ma ke choot me 😒 i'm missing her badly,0,Abusive/Offensive
laanat ho tum per jo itna jhoot bol rehe ho begherat  57 b$ ki investment sirf cpec ke projects pe ayee jisse kanjer niazi ne cap kr diya hua hai,0,Abusive/Offensive
muh se munfali toot'ti nahi gaand se akhrot todenge,0,Abusive/Offensive
 acha muja nhi pata tha trend wala seen 😅😅,1,Normal
yaha rhne de iski maa chod de logo ne degrees ginaa ginaa k,0,Abusive/Offensive
 4:45 py bnai thi pic 🙄,1,Normal
zawaal ka ye alam hai k inko pta e nahi k pull short front foot py khelni ya back foot py..  shayd yahi wajah hmary players bouncy tracks py khel nahi sakty.  i hope  inki technique me bahtre layn gy. dear anchors need comments please.   ,1,Normal
hi rundi dm wapas kyu nahi karti!?,3,Sexism
shukriya nai bs paisa isi cheez ka lena ha hm ne 😂 😂,1,Normal
"herbal medicine se sujan to nahi jaati par dard ka ahsaas khatam ho jata hai, after lathi charge. it helps them alot. wo dekhe nahi aapne charsi socks sungte rehte hai ? same cheez.",1,Normal
rt : bhenchod is uber captain ka to right left hi kharab hai.,4,Profane/Untargeted
chop randi ke nassal,3,Sexism
 aise he hilna mere lund per baith kr,3,Sexism
 unko kahin aur try karna hoga...khyr mujhy sona hay ab,1,Normal
randi saali,3,Sexism
o gashti de aa..... tere abbay ik ka bhanja hone se pahke ye noon leagi kuttay ka beta b hai. tu asali harami kufafi hai khanzeer,2,Religious Hate
aap ko paisay jo parney lgey 😃🤣,1,Normal
haye ab mere se friendship nai krey ga ye😭,1,Normal
jo jugtain na maray wo fitratan faisalabadi nahi hota ,0,Abusive/Offensive
period me chudai karne se koi nuksan to nahi,1,Normal
tere yaha teri ammi ka halala jayaj ja lekar ja apni ammi ko molvi ke pass,2,Religious Hate
yeh hijra hai dhokay main na mara jain,3,Sexism
"teri maa mein khotay wala l, sab theek ho ga. teri maa ki gaand maron, sahiwal waqiya govt me nahi karaya, teri maa ke yar me jo police wale lagaye thay unhon ne kiya.  teri maa ki phudi maron, aur teri behn ki gaand, patwari harami kuttay.",0,Abusive/Offensive
 pata ni😂😂 apni gf say waday kr raha hoga ya mujhay dhoond raha hoga😂😂,1,Normal
aise keh rha jaise bc kashmir fateh kar lia hou 😂,4,Profane/Untargeted
 km krlo wazn ye taqreban ko 3 4 man ki ho gi,0,Abusive/Offensive
iqra idr mostly aise he log han ya to umber se jaya na kren ya phr chup kr jaya kren q k ap tweet krti han to at least mujy or tension hti jb ma ak mazeed aisa beghairat insan daikhta jisk ghr me koi maa behn ni ha isly wo sae behave ni krta ladies se.....,4,Profane/Untargeted
 kuch nii hum ne kyaa chahna,1,Normal
privilege ki gaud me beth k fazool k ronay naa kia kero beghairton.,0,Abusive/Offensive
students  : shuker h aj urdu ke teacher ni ai lec free hoga 🕺,1,Normal
  good job brother.. we r punjabi pyar naal pyar milega... ungly karoge to hum say haath milega...,1,Normal
"maira pass badam, pista, akhroat, chilgoza, mongpahli hai  tumhara pass kia hai..",1,Normal
   achaa na ja ro mat 😂😂,1,Normal
plate letts are not only in nawaz shareef. these are in all. but not in imran chore zakat khore because he is a great harrami. kunjer logown ka akath hay pti. gaddar watan farowsh imran chore zakat khore yahodi,0,Abusive/Offensive
 jo mein philosphy likhi thi uss ke reply ka,1,Normal
me  19 having hangovers from excessive drinking: no problemo me seeing a 19yo drink nowadays: oyeee insan ban bhenchod marna hai?,4,Profane/Untargeted
plz trend chnge krain not only haq per thien wo haq py hain,1,Normal
hame apny qaid ki asliyat ka pata ...tum zara pata kari apny niyazi ka is yahoodi againt ka,2,Religious Hate
lekin ye ahmaddiya hai,2,Religious Hate
to haters bhaunk lenge. yahi likha na maine? abhi kya evict-evict laga rakha hai? cheap tactics to gain comments and rts,4,Profane/Untargeted
madam will pay nakli respect also bcoz hijra's jhukte hai unke aage.. ab toh madam ne bala saheb ji ke bete ko woh bana diya hai.,3,Sexism
 dil pe lgti bat kbi kbi 😪,1,Normal
ye go tuje garmi ha is ke pache tare gashti ami ha,0,Abusive/Offensive
bhenchod insta dp chura liya mera gandu 😠,0,Abusive/Offensive
nahi garmiyan itni jaldi na aain please 😭,1,Normal
"abe chutiye,thu 1se ,100 thak ginthi hindhi mein nahi bol saktha,thu economy ke bareme bhaunk raha hai mada****d,chutiyon ka leader",0,Abusive/Offensive
i couldn't control my laugh seriously 🤦🤦😂  matlab had ho gae she didn't mention anyone's one 🙄🙄  that means all know's who denied kahtoon e jannat s.a 😑😑 i can't understand what lefts behind after this denial 😬😬 sharum tum ko magar nae ati 😑😑  #bandabbtakknews,1,Normal
"sid ki jagah khud ka naam likh bsdk... mentally, physically har tarah se disturbed he tu.. tuje paida kar k tera baap bhi disturb ho gaya hoga ki isse to meri tatti jyada achi hoti he.",0,Abusive/Offensive
 370 pe kashmir main puri army utar di or shagun baag main ek police b action nahi le sakti... waah kya diplomacy hai ya politics hai...,1,Normal
ye he hai pakistan ki kadawi suchayi. bhai imran tere pass 2 he options hai ya to tu pakistan chod de ya to pakistan tujhe chod de 🤣🤣👍,0,Abusive/Offensive
english hum shrminda hain tere qatil abhi zinda hain😕😂 ,1,Normal
ap noni kutty ho completely beghairt ho chor ho etc ju ik nahi hai.,0,Abusive/Offensive
i binged it when i was on the plane and i couldn’t even scream bc it was a red eye,1,Normal
" nahi. govt should announce ""tamgha-e-imtiaz"" for them . 😉😉😉😉  what a non-sense !!!",1,Normal
ik do mor murh kr dekh hi len shayd bata dy,1,Normal
randi tairi puuudddd,3,Sexism
nhi halala ki paidayash k gharo seðÿ˜,2,Religious Hate
" yahan jaali medicine, milawatt shuda ghiza, outdated ishya-ay khurd o nosh, taiz raftari  etc. k sabbab aamwaat mamool hein, govt smait koi bhe ap k tweeted golden alfaz pay focus nahi kerta",1,Normal
"this is called talent, it's humour, you people can't under stand that's why #winnersid reply that ""bhaunk isliye raha hu ki tu samjh sake apne language me.""",1,Normal
ja oay ghasti maa ki bachi likha name ka sth syed hai or kr es kuttya ko promte jo gustakh hai,3,Sexism
boht bari chawal ha man lo 😂😂😂 😍,0,Abusive/Offensive
kamran be like mein bc pehlay he team mein nahin aa raha ye kya panauti betha diya mere saath. imam thinking about shadab scandal,4,Profane/Untargeted
 main b mst hun g,1,Normal
"respected khalil sb! agr ap “haya march” ki bjaye ‘haya o tahafuz march’ krei to ye kisi 1 frd, jins ya tabqay wali soch se bala-tr hoga k isme na sirf mrd-o-aurat ko haya k liye pegham hai. balky aurton ko ye yakin dihani b krwi jaye k hm mard unki hifazat ko b apna freeza janei",1,Normal
bosdk yeh tumhare ghar me hota hai. saari k blouse me mote mote doodh dikhati firti hain tumhare dharam ki orate or hindu orat ko musalman ka l#nd aachaa lagta hai. yeh baat puri dunia janti hai,2,Religious Hate
abhi bhi mujhe usse koi matlab nahi.. mein tere jaise chutiya nahi hoon .. har chiz me ungli maru.. isliye har chiz keliye alag alag log hote hain ... tere jaise chutiya sara dunia ko samajh rakha hai kya.,0,Abusive/Offensive
 😂 pucha nahy kuch phr?,1,Normal
 ary mishal api ap logon sth hi yahan zyda bnti meri... mujhy acha lga at least nxt ky liye bhi smjh a gya..  usky liye again thanks...,1,Normal
"islam took over many nations since its inception.the original people are given choices: willingly convert to islam,forecably convert,live as a 2nd class person & pay the tax, flee (which thousands did), or be murdered, which millions did. “destroy them by the cradle” = hijra",1,Normal
itne time se kis page per baat ho rahi bakwash kerne se pehle check karo kutch to chaat hi rahe ho khon ek side ko her galti ke liye bhi sahi keh raha hai .. ek baar bhi momta ke against khon nahi bola .,0,Abusive/Offensive
milny ki us ny hum sy ajjab shart rkhii hy kanton pr chal kr aao pr lahuu na niklay💘🔥 ,1,Normal
"ahooo peer chuman shah, lahore ki har sassti gashti is key rastey main parti hai",0,Abusive/Offensive
  ye le dil😍 ,1,Normal
mirasi ho k kis trah ye apni pehchan chor skta ha g,0,Abusive/Offensive
"tujhe kya mtlb, bharwe",0,Abusive/Offensive
tum ab jaan jaan k cmnts na na kro 😂 aik cmnt py b bat hoskti hai,1,Normal
"sir eugene:"" apke father aaj aye toh mene unhe bataya ke apki attendance nahi hai toh unho ne tumse pocha""  me: ""jee sir mene kaha sir ko parhana nahi ata toh me jata hi nahi toh unho ne kaha acha chalo""  *awkward silence*",1,Normal
adha pakistan instagram per betha ha or adha ludo star ki lobby main.   #quarantinelife,1,Normal
kl sy bohat dukhi hain aap kya bat hai ?,1,Normal
 ab dar hu ye dubara pakistan min na dakhil ho jay ,1,Normal
 wesay main ny dekhi thi ek asad wali tweet..🙄,1,Normal
 pehlay nhi pata tha kiya??😳,1,Normal
sochna hota hai na apko pura din.. har group main jaa kar 🤔🤔🤔 kar kar k thak jaty hongy na ap 😂😂😂,1,Normal
rt :   sonia ne aaj badla le liya balasaheb ke bete ko hijra banaa diya,3,Sexism
tum bhi seede ho nahi to hareem shah jaisi randi se video na banwate,3,Sexism
 kisi ka accident hua ho or severe injuries hon ussay phle kahey k baji fareeha se test krwa kr ayen😂😂😂😛,1,Normal
 kiya apki beti b yahi kahi gi baba g mera jism meri mrzi,1,Normal
"i get impressed by very dumb things e.g., university main aik bnda hath se akhrot torr leta hai jitna bhi sakht ho or ab jo bhi mujhy milta hai main usko bta rha hun uske baare main 😑😂",1,Normal
nawaz sharif ko bhool jao. he will not come back until pti. govt. de thrown or perished. nafees banda hi jail me nahi rah sakta.,1,Normal
.strange friend.aise halat mein kaam?nab ne kia kuch nahi kia?hamein gore karna ho ga.amendment pe bhi gore karein...... ..,1,Normal
 ghar main jitne bhi connections aye hai un main se sab se positive sana ka bro hai..asi punjabi hunde he pure dil de saaf...plz vote for sana sab sana ko winner bnne ki koshish kro guy's,1,Normal
twitter pe wo he log attention la sakte ha jo randi rona krta ha 😂😂 for example choro example ko ap ko behtar pata ho ga 😂😂😂💫,0,Abusive/Offensive
jawab jo nhi mila 😭😭 ek statement tk de nhi ska woh phattu insan and u have guts to object on deepika?,0,Abusive/Offensive
main gifts dm kr dun ga ...😊,1,Normal
abe lode ye bta caa me paper ki bat kha se aayi tu pad to le pehlay caa hai kya ya bus bc karne ke liye aya hai yaha per 😂😂😂 vase ghado ko samjhane ka koi fayda nahi hai,0,Abusive/Offensive
"rt :  jab tak aapke khud ke akhrot na jam jayen, tab tak sardi nahi aayi 🍒",1,Normal
 😂 ab pata chal gya hua hai,1,Normal
 yehhhhh konnnn hyyyyyyy ya allahhhh mujhe itna kon janta hy???? i love u tooo main bhi😂❤😍,1,Normal
 esay kon marta hai??🤣🤣,1,Normal
"dekhna...  kahin apke pitaji &  ke founder, balasaheb thackeray ki ""hijra"" wali definition aap par lagoo na ho jae...😅",3,Sexism
bhenchodo delhi waalo,0,Abusive/Offensive
 pari tumhara dil q rota hay?,1,Normal
mard barriii piyarii cheez hai isko list bna k dety hn ta k koii cheez na bhool jaye or ye list he bhool jaty hn 😂😂😂😂😂😂😂😂😂😂😂😂😂,1,Normal
must .. aukaat se jyaada bhaunk gaye toi waale,0,Abusive/Offensive
saleem safi tu planet ka sab sy bada bhenchod zalil namakharam begairat harami hai,2,Religious Hate
"what logic! his mercy plea was rejected by coas bajwa, an ahmedi. he had allegedly breached pakistan’s top nuclear facility, sold some serious intel to cia. it simply means death in pakistan.",2,Religious Hate
maa tu apni chudwa randi k nasal shakal se ksi harami baap ki harami oulad lag raha hai  heera mandi ki paidawar ho tum harani log kashmir pe siasat masjid pe siasat lanat tumari naslo pe  mc,0,Abusive/Offensive
biggest enemy of pakistan nation and biggest lier in the world imran chore zakat khore yahodi. khosa chief unjustice harrami dollars laiker late gayay hain imran chore samait naibe pco musharaf chamcha javed bagairat sahoolat kaar pti,2,Religious Hate
kuch bhenchod phr bhi baz nhi aaty😐,4,Profane/Untargeted
khoti ki buchi bhonkny sy pehly khabar ki tasdeeq kar lia kar haram zadi.... koi teri maa ka yar mob ni gaya wahan.... aur na hi koi aisa waqya hua hai... apni choti beti k najaiz khusam modi ko khush karny k liye bhonkna shuru kar deti hu... lanati aurat...,2,Religious Hate
  and do remember..usay woh sub nhi pata jo mujhy pata hai..🌝,1,Normal
"badam, pista, akhrott, chanay, saunf, misri etc. i think.",1,Normal
 baad main phir thora sa ro lia tha jb terminal pe dost alg ho thy thy,1,Normal
 is ne is tweet pe kitne dollor lagaye hoo ge? ,1,Normal
heera mandi di awal darjy di gashti khan dy _____ nal adan da koi faida nhi,3,Sexism
"fasla rakhen is se pehle ap jaan churwaney ke liye kahen ''you deserve better."" 😂",1,Normal
haha lgta h aap k peehy zyada thrki h haha,0,Abusive/Offensive
 🤣lrkiyo bs khany ki baaty he krna ap to..,1,Normal
  azeem humesha meray se 4 qadam aagay,1,Normal
arif rana 💖life yasir rana from australia 😎😎 mere sister ne bhi suteli ma ko kha iddat puri kar ye ptv ki randi producer fareeda rana chup chup k roz us harami kuttiya k pilla se zana kar k aja te us harami ko sab ne ruka par wo harami ma ur bap ki pedaish tha dalla nikla 😎😎,3,Sexism
friend 1 : konsi uni join ki ? friend 2 : lumsu friend 1 : tere driver ka naam ni poocha  friend 2 : abbey saalay,4,Profane/Untargeted
chutiya charsi ladis budhdhi,0,Abusive/Offensive
khamoshyan teri sunoon bs door kahi na juan main.... ❤,1,Normal
check karo tou 20 rupay metre ka kapra hoga kyunkay kehnay walay aur gawahi denay walay nasli jhootay beghairat,0,Abusive/Offensive
rt : sher abhi shant betha tha to ye log samjhe gya inko ni pta wo inka baap h #captaincoolshuklaji,0,Abusive/Offensive
"surprise!  surprise!  majority of the muslims are at just in different levels of ""usman khan"" ranging from mild to extreme (except ahmadiya may be, but they are not ""real muslims"")  that's from a person living in a country with 95% muslim    https://t.co/hq35u2xrrk,2009-05-25 17:25:26,sydney, new south wales",2,Religious Hate
"kia haal kr diya es beghairt pm ny, kha hum asian tiger ka khawab dekh rahey thy es beghairt ny hum ko asian fakeer bana diya , ! pti type,s ko mubarak ho ap ko 1 caror job mil gai han ,  jao khud ka khana kha kr ghar walo ky liye shopper bag ma dal kr lay awo, yehi job hai en ki",0,Abusive/Offensive
mujhe wo beghairt yad araha hai,0,Abusive/Offensive
 yh jugat tu nhi thi 😒,1,Normal
 aisa nahi hai  wrong concept ....,1,Normal
😂😂jbh bhenchod 3no din farigh gye mere tu,4,Profane/Untargeted
aik din men he qissa khtm ho jana thq 😂😂🤣,1,Normal
ek heater hi ki to warmth hai zindagi me bhenchodusme bhi gas chali jaati hai someone nuke this country bombs mfs where are the bombs,4,Profane/Untargeted
 per mery pas abhi pesy nai hain 👻👻,1,Normal
rt : allah ham sabke maa baap ko sehatyaab kare,1,Normal
#article6forptmleadership  lanat ha is ptm kutton par,0,Abusive/Offensive
"i don't understand what's causing you to retaliate so much? there's no denying that zab rallied the anti-ahmadiya stance. zia wasn't any better either is all i am saying. also, that's not even the point of this tweet.",1,Normal
abe bharwe ki aulad truck fatah tum ja ke cow mata ka mot pe aao india see.yan phir pakistan mein aao cow ka gosht mot mein tarka laga kar khelatey hein.,2,Religious Hate
"tab tweet karna yaad nahi aaya jab ""islamic jehad"" group ne 200 rocket mare. sanatani hor yahoodi kya insaan nahi hain, unke bacche nahi hain kya.  shanti se rahenge, ""kehna hor rehna"" alag alag matlab hota hai.  ""karoge to bharoge"" allah ka niyam hai.🙏",1,Normal
 i think ye aap he hein 😂,1,Normal
rt : their names are the abuse themselves shahzeb haramzada hamid fuckeer salem lifafi ghareeda yahoodi,2,Religious Hate
yeh to islah ka round hy. islah ho gai to theek warnaa qandeel baloch ka anjam yad rakhna chayey.,3,Sexism
 ye bh subha ki news thi...,1,Normal
apne baap manmohan singh se ye baat pucha tha kabhi #nirbhaya case ke baad? ki har chiz ke liye sirf modi yaad aate hain?,0,Abusive/Offensive
"you know.. here in malaysia, our prime minister organised an event to tackle the global ummah problem but he only called sunni leaders, and only addresses issue regarding rohingyan, gaza, syrian... uyghur and yemeni are pushed aside. shia too. much less ahmedi.  lmao.",1,Normal
q itni ugly hain aap ? 😂😂,3,Sexism
 g han main esay hi karti hun..😂,1,Normal
   tu de to sahi 🙂  jan churwani mushkil ho jani teri phr 😌😂  na cherr malanga nu,1,Normal
achaa sb points valid hain. is ka solution kya kya jaa skta ?,1,Normal
"bilawal sadda hijra, ho jamallo!!!",3,Sexism
wo in ki domain my nhn khiyali wala pul wo koi federal government nha ko grant dy ga tu masla hul hona,1,Normal
"sawal pucha tha k konsa madinay ka kanoon aya hai? aur tunay mujhe patwari keh diya. chal yahoodi agent k pilay, ab bta teray khuda imran khan ny dedh saal mein konsa madinay ka kanoon lanay ki koshish ki bhi hai??",2,Religious Hate
lahore final mein pahonchay ga..rana fawad ko heart attack hojai ga😉,1,Normal
sunni killing a shia....what's new?  thank god he wasn't a ahmedi muslim otherwise the motive would have been to acquire a passport to migrate to western countries and continue their islamic jihadi work after retirement,2,Religious Hate
chatni bhi rishte ma ha,1,Normal
ap sab ka shukria mera mood khushghawaar kar dia 😔😔,1,Normal
insaan k 3 chehry hoty hein 1 wo apni family ko dikhata hai or 1 wo apny doston ko dikhata hai or 1 wo kisi ko nahi dikhata yehe uska asal chehra hota hai,1,Normal
"ab q nahe aya ap ka tweet, bhang to nahe lay li jo aaj is jahil ahmaq gadhay chor corrupt insan k behuda byan pe is se sawa nahe kia!!??  bhens",0,Abusive/Offensive
bhai bat chance ki nhi khouf e khuda ar ahsas ki ha ar ap isko favor kar rahy hain jo qandeel k sath barabar k gunahgar ha dono ko saza bhi shariyt k hisab say baraber milni chya thi magar.....,3,Sexism
 meri apni ho jaaye baad mein aap logun ka number aaye ga..😂😂,1,Normal
*mom dad arguing* me - kya hua papa kyaa baat ho gyii  dad - kuch ni yrr ye pagal h kuch bhi bolegi .. me - mummy kya huaa mummy - unhi se puch pagalo vaali baat krte rahenge. me (angry) - bhenchod koi to bta do . . *dono ne gussa utara h🤕*,4,Profane/Untargeted
"rt : du'n call us ""beghairt"" , we jus hvn't learned !! ""how to gv up on our failures"".😆",4,Profane/Untargeted
roads ko choro tmne account bas negativity philane kai liye banaya hai ... ,1,Normal
love you sir... mgr kia itna dard bhara end krna zarori tha ? 3 din bukhar e ni utra.....,1,Normal
 o bhai wahan bhja hai link.. msg p.. over na hua karen,1,Normal
"rt : bhenchod im done,untargeted",4,Profane/Untargeted
hahahaha. 😂😂 phr bhe akmal ka nam nhai lene ka us beghairt ko jitne chance mile kisi aur ko milte world record banta,0,Abusive/Offensive
dekh aankhe khol k,1,Normal
ap us larki ki baat krna chahte hain jisne apni marzi se shadi ki...ye baat bhi sach he ke zbrdti bhi hota he lekin politics support isme koi nhi is waja se jam imran khan action uthata he to use yahoodi ka agent bolte hain main phir kehta hon mera bhi best freind hindu he....,1,Normal
ye insan ik chaaal haaa dostoo .........zra smj k chliye gaa...sb jaanty hn qadyaani kaafir hn ......ye sb k sentiments gain kr rhaa haa......bad me ye apna chehra dikhiye gaaa fasad kii shkal me.....in chaaalo sy hosyar rhy baseerat paida kry sb apny andr.. shukria...,2,Religious Hate
abe bharwe halala haram hai islam me aur 3 talaq bhi duniya ke 57 arab countries me se kisi me nhi hota ye...yaha ke kuch pagal jahil log hai jo aisa karte hai aur tumlogo me sati bhrun hatya bal vivah jaisa ghinauna ritual hai,0,Abusive/Offensive
aur ha hoshiyar most of the falling accident kidher hota hai malum hai kya 😂😂. metro se kuch nahe hoga internal transportation ke liye hai. most of th falling cases down side hote hai vasai virar kalyan dombivli and all. baap ko mat sikha,0,Abusive/Offensive
haan yaha to murdo ko nai chortay ap theek keh rey hain,1,Normal
hahahaha unhe dhodh ma sleeping pills pilla kar sola dain gain akhrot k sath 🙊🙊🙊🙊🙊,1,Normal
aj kuch aisa hoa  wo hmara pas hota hoa b pas na thy🔥 ,1,Normal
yahoodi ko hitler ne chora or general ne in jaajoon ko chor k dhkya k ye kai hain.😂,2,Religious Hate
 main toh aram say soi rehti hun kuch kehti bhi nhi hun..🥺,1,Normal
"do u feel they care for humiliation? beghairat log humiliated feel nahi karte, secondly he will go submitting after submitting bonds and will never come back, govt gets money n he gets released simple deal n no public feels bad, its my opinion i may be wrong",4,Profane/Untargeted
 any answer on tts with fake identities of mian sab ??? pls share something about money trail of london properties of mian sab,1,Normal
imran khan's speech summed up in a phrase. imran khan: bhenchodo mar bhi jaaou ab. ab qabar mei hi sukoon mileygaa tum ghareebou ko #imrankhan  #shehnaazgill  #hunarmandpakistan  #imrankhanpti #pakistan,4,Profane/Untargeted
*hzaron zakham asy thy k silty to achaa tha  bss tmhi ko hmny chaha tmhi milty to achaa tha *        😥😥😥😥😥😥😥😥😥,1,Normal
"sunao janab, pehle hi arz ki thi kuch nahi milne wala",1,Normal
ye kuttey ki nasal or retweet kar raha hai kanjer merasio ki tarha delete kar randi ki nasal,0,Abusive/Offensive
madarchod muslaman ki kaum madarchod saalo ka imaan nahi hai bheno ko chod te hai bhen ke lode harmazaade uskiye apni  maa ki chut bhi chodta hoga aur chuswata hoga logo se saare musalamaan raand ki olad islam ki maa ki chut,2,Religious Hate
 ussa yaqeen hi nai aa rha tha ka ma suna sakta ho 😂 uss na jazbati ho ka 3no suni mera sa 😂,1,Normal
 kon he akhir wo hasti😃,1,Normal
indian bhenchod jhootay hi rahe ge,0,Abusive/Offensive
why do all such girls meeting with mufti qavi?   will mufti be in news again or will #hareemshah end up like qandeel baloch? #hareem,1,Normal
randi hai to randi,3,Sexism
sun bhenchod salman say jyada koi charities or logo ki madadd nhii krta jakrr khi check kr lay gandu...bass bhokna hay,0,Abusive/Offensive
oh bahi.  junagarh mai konsi war hui indo-pak ki.    or secondly saichan pakistan ny conquer kia tah or kargil b pakistan ny conquer kia tah.    or bht sharam ki baat hy k app islamic republic of pakistan ko israel jesy yahodi mulq dy compare kr rhy hoo.,2,Religious Hate
uhhhh..... ooooooo acha acha acha loora choop bc,0,Abusive/Offensive
     hum b upset he huay hai us k sath daikh kar...,1,Normal
 ye kon hai bhai 😂😂,1,Normal
nayi ring pehnnay say puranay hath ka lams utar jata hai kya?,1,Normal
abay mein bhool he gaya tha samit patel england se hai accent se yaad aya.,1,Normal
"ham uncles tu, wesay  hi dray huy hain. aap kew dra rahi ho. 👋😜🌹🙏",1,Normal
abhi thori der mai apni behn ko b meri randi e kahoge,0,Abusive/Offensive
no no ye koi army ka headquarter nahi ye hamari parliament hai 😂 shame on  laanat tumhari qayadat per  tum log to wse he choopa master ho  ap ka qaoor nahi roh zanana hai #armyact,0,Abusive/Offensive
udr teri bhen zda zrurat h chl aa jldi idr tko chod ke au,0,Abusive/Offensive
ya apnay baap say 2 saal budi hai !!!! see that's a comedy gem right there for u know why cuz i was born with it,1,Normal
sir kis performance ki base par jagah banayen gay? keeping ki? qk batting karny to aap aaty nhi hain jaldi sy,1,Normal
  meri talab tha wo ik shakhs jo nahi mila mjhe hath dua se yun gira k sawal bhul gya,1,Normal
tu meri bhn ko chidega me teri bhen ko khali chod dunga kya usko bhi me chdunga🤣🤣🤣🤣,0,Abusive/Offensive
"ek bat bataun, reply karne se moat nahi ati kardia karo bhenchod.(2)",0,Abusive/Offensive
 ye zoya kon h?,1,Normal
     haha bro yh hmara charkview ha 😂 yahan koi khamosh ni hota,1,Normal
   maa behen ke baare me abhi tk baat nhi kiya jab shuru krunga to bol nahi payega tu samjha kya,0,Abusive/Offensive
tmkb mc tum toh bahubali ko bahut bakwaas bataya tha bsdk.duniya ka sabse bakwaas lathkhor aur sabse ganda gali soch le apne aap pe  .thoo hai bc,0,Abusive/Offensive
rt : me na jaon ga kabhi tjh chod k ye jan ly,1,Normal
baap lagty hain tmhary.,0,Abusive/Offensive
didnt feel like is that song of cricket league or a bhngra for #shadi😡😕 marzi ha #asimazhar apna bhi yh krna tha..  #tayyarhain,1,Normal
beghairat sirf apne ko 'peaceful' dikhany ki koshish krta hai,0,Abusive/Offensive
"    sir  baat kisi bhi cheez ki ho apki timing hi itni ""thori"" si ha 😂🤣",1,Normal
bc kon sa dhoom macha di sab ke sab charsi hi h kya congress me 😄😄,0,Abusive/Offensive
yaar aap jazbat daikhain bss😭,1,Normal
"cheater saala, jhoota ... masters kabi asi chutiyaa game nai khelty or na e sportsmanship par kalank lagaty hain!! 🙂 sorry   u are no more favourite 🙏",0,Abusive/Offensive
 yes totally agree..mgr yeh sab apki bi leadership py sae baithta,1,Normal
hijra they call it,1,Normal
awaam ne laat mari charsi ko    #showstopperasim,0,Abusive/Offensive
 actually howa ye ky aik din aik bachi my aik wrapper board py lagaya agley din dosri my phir ahista ahista sabney hi shuro kardeya ye kam,1,Normal
wtf sapnu bharwe,0,Abusive/Offensive
hahahahaahha madasrachaap halala ki paidaishðÿ¤£ðÿ¤£ðÿ¤£ðÿ¤£ðÿ¤£,2,Religious Hate
this is what was done to ahmaddiya mosques in the past 30-40 years and made the people’s lives unbearable. even the kalima and quranic verses were brushed over. if islamic republic of pakistan allowed it then then what’s wrong with india accepting it?,1,Normal
 pls islami taleemat ko mat target karo. allah karim aour humerey pyaary nabi saw. ke har baat main hikmat aour insan ke kamyabi hai. ager mard ke achi sehat ho tou aik biwi usko pora time nai deh saktei. phir sabar aour bardasht he hai.,1,Normal
 hindu monkey ko pakistan ka itna khouf khai ja raha he ke kahn ab ke pakistan ke sath jang hoi to pakistan tamam agley pichley hisab brabar karey ga our haqiqt me bhi pakistan endian ke sath hisab brabar krey ga,2,Religious Hate
"well said, don't play with someone's feelings bhenchod..",4,Profane/Untargeted
ab ye wahn bhi ghasety jayengy ia allah pak ny in sa hisab to lena ha akhar itny logo k baduayn han inhyn ink waqat bhot qareeb ha ia,2,Religious Hate
  tu b to lrki e h aja😂😂,3,Sexism
ye tu fakhar ki baat ha imamat tu rasoolallah ﷺ ka paisha ha .... yahodi agent say tu behtar ha.,2,Religious Hate
"unhain to horain nazar aa jati hain injection lagne se, awam ko jinnon k siwa kuch nazar nahi aa raha",1,Normal
jo garib hy lockdown ki waja sy khana lene ka paise ni hy un k pas mobile or internet hu ha apply krne k liye?,1,Normal
waise tumhara role pmln main gaon kay mirasi jaisa hai ch ki tareefain kerna aur ch kay bachon k khanay kerna 🤣🤣🤣,0,Abusive/Offensive
 aap ki bhi alag he dunya hai,1,Normal
 allah ki qasam aj ap ki khud ki respect khtam ho gai meri nazar mn warna me ap ko acha politician samjhta tha.,1,Normal
kadiyani kafir thay hain aur hamesha harain gay. ye dajjali fitnay ki ek kari hain. aur inkay supporters hum main bhe jo chupay howay hain wo bhe khanzeer kafir he hain. lannat beshomar kadiyanio pr.,2,Religious Hate
tu khandani ghasti hai to bolti ra tery lye mai hu yaaha tu jo mera ukhaar sakti hai ukhaar gastii,3,Sexism
bhenchod what a goal!,4,Profane/Untargeted
rt : sid is more popular than salman hijra #evictasimriaz,3,Sexism
"ex ahmdi se insan bun gai kafi hai na 😇,2018-11-03 14:41:29",2,Religious Hate
rt : itni choti boundry bc cover drive pe six lag jana hai.  #qgviu,4,Profane/Untargeted
   fakhr bhai shfkat kijye bacha bht dor se gya hua hai..💞,1,Normal
haan to chutiye that's what his point is. apke abba nawaz ne kuch banaya he nhi hai. bharwe,0,Abusive/Offensive
"bharwe ne machaya shor, tak thaiyya thaiyya",0,Abusive/Offensive
paisay ganjay nei daine hain aur mout iss beghairat ko pari hai,0,Abusive/Offensive
"yeh aap ki bhool hai, ik khud kehta tha leader theek ho to neechay sb theek hota hai, ab ye to pehlay imran khan jhoot bolta tha ya ab aap log jhoot boltay hein",1,Normal
 kya pata aesa na ho.,1,Normal
'the wind'??? kitna bara rundi ka bacha hai yeh khabees,0,Abusive/Offensive
rt : ye jo bhenchod ko bhenc*hod likhte hai wo sach mein bhenchod hote hai.,0,Abusive/Offensive
to ma ny b ye he kha or phir ap log fahad bhai ki raye k pechy q par gye ho,1,Normal
kali kuti rundi pudi,3,Sexism
falasteen ma kya hok raha ha..kashmir ma kya hoo raha ha..barma ma kya hoo raha ha...sb ko pata ha...or hmm musalman allmi adalato k neechay bathay baan...insaaf k lia...allmi adalto ma kn haan...yahodi un sa insaaf k talabgaar ho..,1,Normal
sab nay mil kar. ,1,Normal
"i want to say that give to moulana any kind of gali or bad words this is like directly target islam don,t go on any kind of  yahhodi sazish i am not saying imrankhan is yahoodi   ,look our army should not take the responsiblity in goverment they should do thier work god bless you",1,Normal
oh bhen chod ye tou apny elaka may hara hai mc is ki tou baat hi na suno..,0,Abusive/Offensive
 kabhi kabhi to chalta hy na ..thora bht 🙊,1,Normal
 to phir aap bill pay ker k lai jain!,1,Normal
      acha phir doctor ko check karwao or ma asim azhar k i nhi fahad bhai ki bat kar rhi hn don't blame him,1,Normal
me nh download pe lgai hui ha😂😂,1,Normal
rt : pls put your arm around me randi pls love me bharwe,3,Sexism
kiya pakistan main asa tv show bhi ho sakta hai kabhi || smart facts ,1,Normal
pasy un k zaya hoe han ap k to nhi na jo itna bharak rhy ho🙄,1,Normal
rt : lq walo ne gladiators ko glti se kings smjh liya he shyd,1,Normal
 kya bat he teri durani tujhe he sikh he awam ka koi dhang ke bat nai tweet kar sakta,1,Normal
you guys must be drinking halala cow urine with isi mark ðÿ˜‚,2,Religious Hate
" thanku so much nadia jamil sahiba ap meri favourite actress hn jo k aik imp cause k lie kam kr rhi hn, allah apko is me kamiyab kre, ameen.",1,Normal
chly phr muh sedha kry ap bhi..😒,1,Normal
"we met for a reason. you are either a blessing, a lesson, or a bhenchod✍️",0,Abusive/Offensive
uski maa gayi thi tipu ke pas...isliye ye half breed bhaunk raha hai,0,Abusive/Offensive
pakistani randi,3,Sexism
prh ly bhenchod,0,Abusive/Offensive
tatti se yaad aaya teri ammi theek hai halala ki aulaad,2,Religious Hate
 toh ap bhi na laro..😂,1,Normal
haha jaat dikha di bsdk antankbadi halala ki aulaad teri ammi ka halala hua tha phir to randi ke bacheðÿ¤£ðÿ¤£ðÿ˜…,2,Religious Hate
rt : laanat hain anurag thakur. “goli maro...”,0,Abusive/Offensive
he was born through halala.,2,Religious Hate
kuch log rishto ko apnate km aur azmate ziada hein...,1,Normal
"jaane kab kaun kise maar de kaafir keh ke, sheher ke sheher musalmaan hua firta hai",2,Religious Hate
mu se beta angoor khane ki tameez naa ho toh gaand se akhrot todne ki baat nhi krte🤣🤣🤣🤣,0,Abusive/Offensive
"she is bussy in dreaming of akhrot 😭😭😭,2016-09-24 17:53:58",3,Sexism
mn bhai nahi .bhen hn 😠😠dosri bt ya k ap dil py ly gy .mtti pao,1,Normal
hindu dharm ka matlab samajh pehle puppet khali bhaunk aur bhaunk iam enjoying ur bark 😂😂😂😂,2,Religious Hate
sher nhe kuttay ki moat kara gaya khanzeer ky hathon 😁😁,0,Abusive/Offensive
jab sy tu rundi hoi hai her kutty bilay ki fikar hai tumain,3,Sexism
  ugly to hu na yar😔,1,Normal
tm sirf bharwe ho,0,Abusive/Offensive
 lant hy teri aagli pecchli tweet pe or tum pe or qadyanion pe or kuch ?,2,Religious Hate
maa k hukam par amal b to krna 😅,1,Normal
koi chupay na chupay my aaa gya .... koi nahi ata 😑,1,Normal
 kia mein wohi samjha ho jo aap kah rahe hain 😋,1,Normal
lo aik or phudi a gayi tension mat lo sab ki bari bari maroun ga...lun ki pujaraanioun ho saari👙👙👙,3,Sexism
ye november ki her 11 ko apni didi ki choot or upto 70% discount ka banner laga kr ghar se nikal parta hai ksi gareeb randian maa ka poor bhenchod son,0,Abusive/Offensive
"i heard some true stories k shaadi ki raat ko dulhan ko hospital lejanaa parh gyaa emergency mein, 4 5 case pata chalay mjhe  bhaai, biwi leke aatay ho rundi nahi! ek to bichaari waisi hi itna dari hue hoti hogi or upper se aisay janwar ban jaaatay hain yeh sastay mard",1,Normal
fasla rakain bad mein ap kehty hn mein apny ghar walon ki marzi say shadi krni ha,1,Normal
kya aap ki twich me keera 😅 (2),0,Abusive/Offensive
"celebrates birth anniversary of terrorists like afzal guru, enjoys martyr of our soldiers, hangs portrait of lord rama, support kiss of love campaign. and talks about changing india. mooh se papad todna nahi ata aur dusroko g**d se akhrot todna sikhate he ye log. #jnu",0,Abusive/Offensive
 😕😕mobile kahan sa aagya bech main😕,1,Normal
teri ma ki choot takle tujhse achchhi hindi bolne aati hai tumlog ne saale pure desh ko barbaad kar rakha hai,0,Abusive/Offensive
"teri randi maa ki choot maron, heera mandi ke bache, tu pmln ko follow karta hai.  tera baap to tere maa ke yaar modi ko ghar bulata hai. teri maa ki choot mein modi ka l, modi tera baap hai aur ghairat ki baat karta hai? harami kuttay, randi ke bache patwari.",0,Abusive/Offensive
loag kitne passive aggressive hogaye hain bhenchod kiunn kis baat ka sukoon milta hai??!,4,Profane/Untargeted
visa dila do is bc ko,0,Abusive/Offensive
ek banda meri tatti tweets bhi rt krta hai bc itna die hard fan hai mera 😥,4,Profane/Untargeted
akhrot ki barfi,1,Normal
pakistan ke khelaf uthne wale har awaz ko hmesha hmesha k leye band kar de jai ge uthne wale har qadam ko kat dia jai ga we are #pakistan,1,Normal
"hein🤔 hamara pm charsi hai??😱,",0,Abusive/Offensive
nhi nhi 😂i'm not that nashai or kinda charsi chic,1,Normal
bhai matlab ya howa k chaki wala aata sasta howa ha,1,Normal
jo bi jata ha un ka viza lagta ha 15 day 28 day 45 day ya 30 jb jb time end ho ga wps to ay gy na,1,Normal
tere se badi ghtiya auraat nehi dekha such main i hpoe teri maa ke saath koi aisa hi  beahave  kare tab bhi tereko aisa hi lagega.. such main yaar aab samajh main aya ki banoo main teri dulhaan main tujhe sindoora ka role kyu offer kiya gaya tha. shameless & hypocrite lady ever!,1,Normal
jo teri maa ki nangi tasweeren banwa kr pakistan me banta karta tha tha voh imran ni  farari shareer loharan qatar wali ka aaba tha ... sale bharwe,0,Abusive/Offensive
 apko kon nahi yad ata ? 😂,1,Normal
pahly greb kro bad ma kfalt kro achi policy ha,1,Normal
yahoodi kabhi hamara dost nhi ho sakta,2,Religious Hate
neend k liye kosish nhi mehnat krni parti ha😃🤣,1,Normal
  ye baat purani ha koi nai baat btao♥♥♥,1,Normal
es bhen chod ka kam rundian ko self satisfaction dyna nd dream dekhna,0,Abusive/Offensive
laanat ho tmhare upr kutto,0,Abusive/Offensive
uneducated. agar maa baap ne sikhaya hota ki dusro ki izzat karni chahiye to yeh naubat nhi aati. ya tumhare acc. maa baap bhi paise lete h apne bache ko sanskaar dene k liye.,0,Abusive/Offensive
oye youthye kisi awara randi ke thook tomary bachon pay aur tera bapp zakat chore yahodi fund chore apni shkal rakh aur apny harami maa bapp pey lant behjh aur thoo teri maa pey jis ne tujy piyda kiya,0,Abusive/Offensive
nh bnde mae koi haya hte😂😂khud ko he marasi khaelwa lya😂😂,0,Abusive/Offensive
 teri tweets show he nhi hoti ruk bell icon dubata 😂,1,Normal
asal may hm nay apny ap ko itnaa giraa diyaa hy k hm sirf naam k muslim reh gy hain or yehii wajaa hy k yahodi hm pr ghalib ho rhy hain kaaaash k hm  mutahid ho jyn.....,1,Normal
ise common man ni  mirasi pan kehte haun,0,Abusive/Offensive
lanati h ye,0,Abusive/Offensive
 😕😕😕  tum bs na kia karo khilany pilany wali baatein 😑,1,Normal
abyy sun lund h mera mota gand h teri choti.  nichhy teri baji ka randi khana.  upr teri ammi ki kothi ✋😂,0,Abusive/Offensive
   na tmre pas jism na shakl na aql moti saaand mun ase jse gobar ka dher opr 10 pkoro jitna bra naaak durr fitty mun budhi ghori laal lagam,0,Abusive/Offensive
muh me inke daant nahi.. aur ****** se akhrot todne ki baat momos wale,0,Abusive/Offensive
apke shadi be isi company ky owner sy ho gi🤣🤣,1,Normal
 tum nay board ma top kyea huya hai,1,Normal
 jab ap kisi se beinteha mohobaat krty hain naw or wo apko chor de tw apke rooh maar jati hai jism baqi reh jata hai or agr phir wohi jaany wala waps aana chahy tw bacha hoa  jism bhe maar jata hai💔,1,Normal
  pesy tu dy 😂,1,Normal
"isn't this wrong? correct me if i'm wrong. as far as i know, the word 'randi' means prostitute or widow, some dialect scene idk and is nowhere near 'slut'. also there is no such translation in hindi for 'slut' whatever the behavioural aspect is associated to that word.",1,Normal
gham jung ka nahi hai gham yeh hai issy bhi parhna parhega bhenchod social studies me,4,Profane/Untargeted
shaid aap ulta likh gaye hain,1,Normal
ayub khan ke paidawar hoo tum! parchi walai selected hijra chairman ho tum.,3,Sexism
tu apni ma chudane bhich me hi rahta be bosdk,0,Abusive/Offensive
it is cleared now asim use krr rha tha sid koo.agar sid n hota yeh fisrt two weeks mein nikal gya hota.he is a thankless person. tbb to  bdaa bhaunk rhi thi himanshi mujse door rhoo mai engaged hoon. fir abb kyn chaat rhi haj asim ki. #evictasimriaz #staystrongsidshukla,0,Abusive/Offensive
ye sana or uska bhai kese sun raha behan ke liye hahahs always supports  #rashamidesai #stopdegradingrashami,1,Normal
"rt : kitne vaade, kitni baatein baaki hain kitne din aur, kitni raatein baaki hain.",1,Normal
  bhai tum bhi jara ye dekho.  ,1,Normal
svl phudi ko bol unblock kare bharwa,0,Abusive/Offensive
girls keep calling me nice?? and sweet??? toh date kar na,1,Normal
jazz waly itny harami hay yeh pkg ho jai tab bhi ni btaty aur balance khatam hony k baad btaty k ap internet begher bundle k istmal kar rai,2,Religious Hate
    kuraan phadne ko bol rhaa hai  tu hi phad or phd kar us par ache se,1,Normal
 kon atnaa text karta hy apko ka ya nobat a gai,1,Normal
 mr chips to syllabus sey nikal ni diya tha???,1,Normal
  wo wapis nhi jayegi kyuki wo uss team ko pasand nhi krti agar app ne clearly dekha ho,1,Normal
ek yahoodi ka hazarat imam jafar sadiq (r a) se sawal aap kehte ho allah har cheez par qadir hai.. kia allah is cheez pr qadir hai kay aasman ek choti sheeshi mein daal de naa sheeshi badi ho or naa he asmaan chota ho kia apka allah itni taqat rakhta hai,1,Normal
"rt : main to nagar haath ke moongfali told leta, air akhrot bhi",1,Normal
    bhai abi in chkro m parny ka faida nhi q k agr hm is begas m pr gy to aurat march y twajo hat jay gi so plz ye bat hm bad m kry gy or daleel sy kren gy,1,Normal
   expire hogy sb ny rona 😂,1,Normal
yr cute lgti ha mujhy 😅😂,1,Normal
ah khuda is yahoodi agent se hmari jan chura,2,Religious Hate
"everytime i am leaving for isb abba holds my hands and says ""phir kab aao gi"" and thats makes me think ""bhar mein jaae uni mujhe apke paas hi rehna hai baba""😭😭😭",1,Normal
fuck this im so goddamn pissed bhenchodo aik insaan ki zindagi tabah karke kia milta hai tum madarchodo ko? chutiye haramzaday. lun pe charhe ye mulk. azaab lao bhenchod bohat bardasht kar liya inhe,0,Abusive/Offensive
basically aap log chahtay hain k lock down ho or hum phir ghareeb pe 0olitics krain k ik nay mar dia ghareeb ko. but allah is with ik,1,Normal
aaj kal woh mirasi bun ker razaii mein so ry 😂😂,0,Abusive/Offensive
ahmdi noorani teri baji nu la***n madr chod,0,Abusive/Offensive
mny kb kia jo galat bola us ki sorry bhi to ki na,1,Normal
rt : no one  ammi: akhrot (walnuts) dimagh k lye achay hotay hain dekho unki banawat bhee aisee hai,1,Normal
tere pakistan ki to maa ko sare world ne choda.bhenchod india ke bacche chup.,0,Abusive/Offensive
sahi kaha agr wo waqi betion ko rehmat smjhta tu wo 4 ka baad 5va bacha nai krta usna 5va bacha hi junior afridi ki khatir kia q ka uski choti soch aurton ko cricketer bnana bura smjhti hai aurat koi bacha paida krna ki machine ni. #shameonshahidafridi,1,Normal
"actually yeh hi hijra sarkar hai, agar dam hai toh kashmiriyo ko band kyu kiya hai. hijra hi pm hai",3,Sexism
 tu asal haramda hai kottiya k beche pasisa le kar apni maa ko sale kar deta hai apni shakal de harami likha hai mulak k gerdaro ko mout milni cheye thi,2,Religious Hate
sir charsi kehta hai jo maza marnay mn hai woh maza jinay men kahan 😂😂😂,1,Normal
 allah apko hidayat dey apky mutalbaat ur naro mey zameen asmaan ka farq hey . ye march inteshar phelany k ilawa kisi baat ka hal nikalny k kabil nai .,1,Normal
  koi uss ki bhi majbori ho gi shayed,1,Normal
 apny ni krni?😔😂,1,Normal
 tum to celeb ho,1,Normal
 oh wah keya bat hai seekh rehi ho 😂,1,Normal
  hoti hai kuch bt sab nae still there exist few loyals 🌚🌚♥️♥️♥️,1,Normal
 nhi yr dekho ab 50-50 hogya h toh kuch kh nhi skte hum ab na baaki intazaar h dekho,1,Normal
 toe phir jo bhi pakistan ki jailon mein qaid hain un sab ko bho chhor diya jaye kyun k un sab k bhi maabaaqbhenbhaibete aur betiyan bhi hon gi aur un mein se bhi koi na koi bemaar bhi ho ga???????,1,Normal
"minus (randi) she might have sold her soul, but body i don't know which allah ki mullah has purchased it.",2,Religious Hate
 ab inka haal uss mazloom bacchay jaisa hai jisko qari sahab nay mazzay lenay kay baad paisay nahi diay na bata sakty hain na dikha sakty hain kay kya hua,1,Normal
bhenchod sab mil kay chutiya bna rahe hain,0,Abusive/Offensive
 ye satu kya hota hai wese,1,Normal
rt : word: ikr  synonym: chal haat baap ko maat seekha.,4,Profane/Untargeted
"aik din tu na milega, tera naam phir bhi rahega💔"" believe me most of us are missing  voice from psl anthem, tbh! his voice was 'jaan' of psl ❤️. #pslv #tayyarhain #alizafar #pakistan #tayyarhain",1,Normal
 yeh chakkha enjoy karein aap,1,Normal
teri maa ki choot daly dabu zulfi bukhari ka naam ecl sy1 ghanty ma nikalwa lia tha us sy to koi guarantee ni li gae thi.bhen chodo awam ko chutiya banaya hua hai.kanjro,0,Abusive/Offensive
ya allah.. yeh tu din ba din qandeel bloach ban rehi,3,Sexism
ab fati tumari madar chod abhi tk to badi shanti wadi bat krrha tha tu bhen chod,0,Abusive/Offensive
see this bollywood's randdi #sham on u the bloody doggy,3,Sexism
mere se bhi fadwalo ek bar apna chut,3,Sexism
abe bhaunk mat. mere bete mere laal. aaja baap ka pyar lele. tu baccha hai aur rahega. manne bera ni duniya tere bare me kya bolti hai par tu rahega mera hi beta. aur yeh rajneeti me tum abhi janme ho. rehne de pange mat le,0,Abusive/Offensive
mein muddaton ka charsi aur wo gold leaf si larki ~ type feelz.,1,Normal
omg that would be the ugliest 😭😭 but at the same time is highly possible too😔,1,Normal
  mn bhi miss kr raha tery ko nhi dry fruits ko tcs kra jaldi 😂😂😂😆,1,Normal
 ammi ki chappal se,1,Normal
 jitny pasy bharny us hisqb se jo acha lagy,1,Normal
"saw bloodywood performance at wacken, it was so good to germans embracing the indian twist and dancing on it, unlike elitist indians who have problem with every fuckin thing and later crying their ass ""scene kharab hogaya"" bhenchod scene nahi tera dimag kharab hai.",0,Abusive/Offensive
qk hum wait kr rahye hoty hain ap k msg ka🥺,1,Normal
 kal me ny theek tweet kia na 😂,1,Normal
let me report your account. people who can't beat on battle ground do hijra works like you doing 😂😂,3,Sexism
qalandar honey pe ajeeb sa fakhar mehsoos ho raha aaj ;),1,Normal
"ahahahhahahahha bhenchod he lives on money of crooks like jkt , aleem khan and swati who pays for his grocery to cars . how is he not a haramkhor",0,Abusive/Offensive
ary pagal ayse hum bhi krty but kisi.ko hum kbhi phla msg nhi karein gy :-(,1,Normal
"  hamin pta hy k ye  jo batin or rahe hy wo aik musalman aurat nahi kr skti, aik certified ghatya or zalil aurat hy or, sb ap sy bhe hm naraz hain k itni ghatya orat ki itni km kutty wali ki",2,Religious Hate
  magic bat from chain khuli ki main khuli.,1,Normal
  aisi glamorous ko pashteen pe bht takleef hoi q k ham piyala hain ye,1,Normal
 to ku krti ho itna yad kbi mil b lo,1,Normal
"gashti orat tujhy koi amreci ni mila abi tak jo teri garmi ko thik kry kise gashti maa ki baiti,",3,Sexism
 hello shabnam ap picture main really ap hi ho??? i cant blive,1,Normal
bna skti h jihadi h saali,2,Religious Hate
wo pyar mohabbat wala haaai apke type ka nae hai,1,Normal
sene sy tere sir ko lga k  sunti mn rhn nam apna🥰💕,1,Normal
   hamari qeeemat kaa apko abhi pata he kya hai😏😏,1,Normal
tu apne aap ko dekh pehle baad main dusron ko judge kr jo khud top4 tk main ni rhii wo ku bhaunk rhii divorci ,0,Abusive/Offensive
 teri jamaat ko aik haraam hori march b krna chahye..,2,Religious Hate
"abey bewkoof, jis zameen par tu rah kar bhaunk raha hai na, woh bhi hinduon ki hi hai. 😂😂 70 saal pahle hinduon ne hi bheekh mein de diya tha. tere jaise tucchon ki aukaat nahi ki tu kuchh de sake. pahle pakistan ko bhikhari hone se bachaane ka soch.🤔🤔",0,Abusive/Offensive
 bai babari msjd k bry b update dya kren or ho sky tu trend b ik lzmi hna chya.,1,Normal
usko ku mention krta ha u khusray😑,3,Sexism
 han ye scheme sbko bta rhi hu,1,Normal
kia bhenchod hai ye,0,Abusive/Offensive
aby salay rat kabadi m kesa chaita tmhe😂😂😂😂😂 bc february m e suja k bhjty hn tmhe har bar but tmhen b pitne ka shoq h hmse😂😂😂😂😂 itcha pori hugi har bar thoko enko saly nally,0,Abusive/Offensive
haraam khoor...kahan ki baat kahan le jaty ho...beghairt admi ho tum,2,Religious Hate
   jo bi hai uska maqsad to sai hai na haqq ki baat kar raha hai chahe jo bi account use kar raha hai tera to khana kharab ho ghatia aurat,0,Abusive/Offensive
boht bc hai,0,Abusive/Offensive
 allah pak apki ezaat chadar ki haq fazat kry 🙏😔 ameen,1,Normal
exactly & i heard somewhere ik wanted sheikhoo to resign as he didn’t want to fire him but sheikhoo being sheikhoo didn’t resign as he’s a mutmaim beghairat.,0,Abusive/Offensive
tere paas hain numbers to tum bana lo naa raut babu kaha bhaunk rahe ho roj,0,Abusive/Offensive
maslan raham khan kisi yahoodi ky bachy ki maa bane wali hai 😂😂😂😂😂😂😂,2,Religious Hate
o bosdk nikal rahul ke,0,Abusive/Offensive
hum me bohat ghwrat hy beghairton se hidayat leny ki zarorat ni !  tu bta bhai imam kabah ny social media halal krdia ?😂😂,0,Abusive/Offensive
"rt : , , , what about ahmadiya tag of bajwa?",2,Religious Hate
rt : muze to apne aap per sharm aa rahi hai  main kon si dunia me rahti hu. #jacsimfever,0,Abusive/Offensive
"tujhe to pata nahi ki kis padosi or risteydaar ne teri maa ka halala kiya hoga tab tu paida hua hoga,dna test karvale pure mohalle ka tab tujhe pata lagega tere baap ko haiðÿ˜‚ðÿ˜‚",2,Religious Hate
league apni hai song apna ha so we must back it up rather than arguing. #hblpslv #tayyarhain,1,Normal
rt : 14 feb k liye room mile ga?????  beth k rona hai😌😌🙄  single hun bhae😂😂😂😂😂✌😌,1,Normal
 pkj khtm krna hota,1,Normal
 average hai. achi pitches pe bohat pitay ha,1,Normal
#patriotstrustimrankhan agar nawaz shareed k9 bhir jane diya to ia  ko jootay parrein ge jb b logo me jaye ga! mujhe nazar aya to zarur joota maaru ga! the least i can do!   judges aur generals ko b jootay maaro ye sb isi like hain! beghairat bezameer ghaddaaar!,0,Abusive/Offensive
 ma nay socha mera alag sy kro gy shukria ada 🙄🙄antheme suntay hi bnd kr dia tha m ny to 😑,1,Normal
rt : haramzaady hain zong waly😤😤😤,2,Religious Hate
hat bc,0,Abusive/Offensive
"madum ap gharailo maon behno ki terha na blkeh on maon behno ki terha bhi nahi jo moaashrat main ghar sy bahir nikal ker apni , maan baap ki .belky pory moaashry ki izzat ka kgayal rekhti hain .ap oss catogary main ati hain .jisy rundi,jisy tawaif,fahasha, jisy badqar kehty hain",3,Sexism
wo muzakrt ho rahy hein ho skta ha wo man jaye😂,1,Normal
 hahahah rameen api pata nahi kahin parha tha id remember. khet ap keh rhi hyn thik hi hoga 🙊😂,1,Normal
 asli main red red ho kia?  golay molay pappar ke tolay,0,Abusive/Offensive
 behn ji kyu aap hazrat un cheezo mai parh rahy hai jinky sath taluq hi nhi ha auratmarch ka. plz aagy peechy study kren islam ko b study kren sirf social media pe bewakoof na banny.  kia apko lgta pakistan mai aurt ko wo haqoq mily ha jo islam ny diye hai....?????,1,Normal
  aby tu phr agai,1,Normal
 original attitude boys ma hota ha aur fake girls ma,3,Sexism
ok phir thk ha maine 2013 main ki matric federal board se,1,Normal
dil sumbhal ja zra bhenchod,4,Profane/Untargeted
 us pe jo line hai wo ziada achi h,1,Normal
"iran, a lion 🤣🤣... killing 0 us soldiers while murdering iraqi soldiers. rundi rona kiya bus aur kuch nae.",0,Abusive/Offensive
main dar gae the msg dekh kay 😒😒,1,Normal
 mobile mai option hota hai setting ka ap wahan ja k kr lo apni setting  hahahahaha,1,Normal
bhen chod wao apki behan b chodu sath me,0,Abusive/Offensive
aisa to h ni ki bhen ko chocolate ka pta chljae or vo chocolate ko aise chod de,1,Normal
videos porn videos leak karegi hareem shah jaldi,3,Sexism
 sahi baat h.. itni ghatiya acting bardaasht nhi ki jayegi 🤬🤬 doshi ko triple saza milni chahiye..  1) goli chalane ki  2) ghatiya acting ki 3) logo ko dhoka dene ki,1,Normal
akhrot ke kamalat | walnut benefits,1,Normal
ek din ma kuchh nhi ho sakta,1,Normal
 janta hoon smjh gai thi main b mazak kar ra tha  hum jaisay logon ko poetry ni smjh ani to kisay ani😬😂,1,Normal
 nhi lay k bhi jati hun..wahan main use bhi karti hun roz lakin aj time nhi mila..😒,1,Normal
one & only harami khan,2,Religious Hate
"since when army chief has become a head of state and baap? probably that's why bajwa created baap party, because he is now a baap (paap) of pakistan.",1,Normal
 hahahha ye meri nae sharukh khan ki amii kahti thi 🤦😂😂  movies nae na dakhty ap 🙆😂😂,1,Normal
"kejru ji ki aukat ek pagal kutte se bhee zyada gai guzri ho gayi hai. ve theek se bhaunk bhee nhin paa rahe hain, aur aap chahte hain ki ve koi masla gambheerta se len?",0,Abusive/Offensive
acha.. tu v subha se lgi a.. tu dikha.. tera trend kha hai..nn #mahirakapappuparas,1,Normal
chel bhenchod saley  pathan pnjabi bhi hain hamesha se,0,Abusive/Offensive
"pta nhi kon si uni se graduate hote ho aap log jnha aesi wahiyat education di jati hðÿ˜‚ðÿ˜‚ðÿ˜‚ halala, gazwa-e-hind, camel urine or pta nhi kya kyaðÿ˜‚ðÿ˜‚ðÿ˜‚ðÿ¤£ðÿ¤£ðÿ¤£ðÿ¤£ðÿ‘ðÿ»",2,Religious Hate
maro bc ko,0,Abusive/Offensive
 dushmn bhe or khaa bhe poora lya aap ne🤔😂,1,Normal
twitter per aana ajeeb kyun lg raha hai mujhe 😌🙄,1,Normal
ap ko mard banny ki acting pasand i? agr ni to hijra hi bany rahye sir ye mardo k kam hn hijro k ni.,3,Sexism
 ma ny aj kal brha b bohat rakhi ha😂😁,1,Normal
 or mard k bager aurat ksi ko paida kr k dekhay,1,Normal
 ab kya huwa yaqeen nahi a rha kya 😂,1,Normal
mai too drr gyi baap re baap...  asim ke fans se yhi ummeed bhi thi.  #captaincoolshuklaji,1,Normal
akhrot rakhe hain khane hain?,0,Abusive/Offensive
 shayad kisi ki yaad ma,1,Normal
rt : suno aasman chuu lo💞 likn apny  maa baap👈 ko kabi mat bhulo.....!😌💞,1,Normal
abe chaman chutiye ye bata halala kis ko kahte hain aur halala kab kya jata h ???,0,Abusive/Offensive
tujhy khareed lungi tere nakhroon smait bs meri kameti niklny dy😂😜❤️,1,Normal
 lahori ab lahori nahi rahai .dil peshawri krna hua tu  buno jana hoga.,1,Normal
"baki tou apka journey apko mubarak, lekin you are a terrible terrible singer, awam per ehsan hy k aap nay gana chor diya..",1,Normal
le ab bhaunk le 😂😂,0,Abusive/Offensive
 aaa bus kar na yr 😂😂😂😂😂too good man,1,Normal
aik bat bolonn bhai jan aaj jis larke ne protest pe fire khool dia ..wo bht ghalat taa..osko jail me dal dena chahye  agr wo jail me hai to mi bharat sarkar k ache alfaz me tareef  krne se ni rkunga....,1,Normal
 tum socha kro na phir,1,Normal
"chal be bhadawe, gadhe bech kar jeevan chal raha hai aur paise denge jameen ka, bhosari ke bakchod",0,Abusive/Offensive
  mery pas kuch tweets k ss b thy jin ko dakh kar main bohat hansi thi 🌚🌚🌚😂😂😂😂,1,Normal
fake bond a koi 10 din ch kise nu pyaar ni krn lg jnda te oh v sacha😂😂😂,1,Normal
rt : logon ke relationship ka randi rona dekh dekh ke single hone pe proud feel hota hai.😂,4,Profane/Untargeted
 ni ye achi hy,1,Normal
kuch kameeny he nhi beghairt bhi hoty hain 😀,4,Profane/Untargeted
bhai salary wo laitay han jo haq halal ki khanay k aadi hun.. jo loot khusoot aur dakay k aadi hun un ka salary se kia banta ha..,1,Normal
lakh di dur di beghairt. 🙄,0,Abusive/Offensive
"  aj tak tera crush kissi aik per nahi tikka, tujhe khaobboun main koi aik nahi dikha, tera dil her bar anay kay daam per bikka, kiya lagta hai wo tujhe mil jayegi? ab yeh to kissi kitaab main nahi likha.",1,Normal
bhenchod wele ho? mtlb hd hai,4,Profane/Untargeted
abe bharwe main sindhi hun aur ye sindhi nhi bol rhe. kus kadhri k,0,Abusive/Offensive
abbey gaandu... dalle proof chiye bhadwe.. lund le le mera bosdk  #asimfandomhits6m,0,Abusive/Offensive
oye koi nikah hi krwa do. ,1,Normal
randwa gashti,3,Sexism
koi shakhs tou youn milay   keh woh milay tou sakoon milay,1,Normal
tu phir dair kis baat ki ha,1,Normal
he was born and brought up in uk right? tou woh pakistani kaisey howa rundi ki bachey!!,0,Abusive/Offensive
aaj tumhara bian dekha ke maen ns ki jagah hota tou mar jana pasand karta. tum waqai parrhe likhe ho lagte tou perle darje ke ahmaq aur jahil. parties badal badal ke chamcha giri kar kar ke ab pti ne minister for science and technology bana dia woh bhi llb ko.,0,Abusive/Offensive
". tmhra kya pata.. lesbian gashti bi ho skti tum,",3,Sexism
"you mean india is kafir ,pakistan is munafik & kashmir is momin😡😯??agar pakistan ma asey munafik hai to kashmir ma bhi to ap jesay munafik hai ma..",2,Religious Hate
ab iss wahiyat aurat ko 440 volts ke jhtke lge ....bewdi saali,3,Sexism
amer gancy tb lago hoti jb moulana pm s istifa mangrhyty or y kasy hosaqta hn k istifa yahodi agant ko diya jy or abi kashmir banyga pakistan insha'allah humny kashmir s found ni lana blky muslmano ko bahrat k zalim moudi s azad krna h pakistan zindabad pak army agencies zindabad,2,Religious Hate
babu ji limit cross ker jatay hain baap honey ka yeh muqsed na dikhaya jay ky woh puray muhalay ko pereshan kerain,1,Normal
rt : his strength and patience!! kuttay ki maut maro tum sab jis jis ney ek baap say uska beta cheena hai.,0,Abusive/Offensive
my entire neighborhood is making weird sounds bhenchod shaddi hai kya,4,Profane/Untargeted
 ab kismat main hai ya nhi pata nhi..😔,1,Normal
change ur name ghasti,3,Sexism
      ayesha tum ny kashif ka dil tor diya..🥺🥺,1,Normal
i asked about abdominal pain and he said haan hai and pointed towards left iliac fossa 😳  din mein taaray nazar agae thy 2 mint to k ye kya case h jigar mein resha or dard left iliac fossa mein hai. 😂  phir ho guzra to usny btaya liver cyst hai 😂,1,Normal
 meri shakal dekho pehly... mujh sy koi bat nhi krti🤦🏻‍♂️😂🤷‍♂️,1,Normal
fuck u randi sary jahan say chudai karai ha. kuch sharam karo...,3,Sexism
apke shikway sur ankhoon per,1,Normal
pakis are picasso of labeling people. talking of women right would give you label of feminist for nawaz a patwari for imran a yothia for pashtoons a ghaddar for minority a yahodi agent for your country a ghafoora agent. we don't have vision seeing people as humans. we just label,1,Normal
kaam ahista ahista nazdeek hota ja raha hai. ,1,Normal
bus hamara her masla he yahoodi saazish hai,1,Normal
darbar ne 60 lakh kiya h bc 🤣🤣.. ab b shows khake baithe h,4,Profane/Untargeted
isko to mene follow bi nhi kia he phir iske manhoos posts q ati he samny sharam kr lanati aurat sharam haya bi koi cheez hoti he jo tukhme he nhi,0,Abusive/Offensive
rt :   true . but is charsi ki aukat 1 rs wali bhi nhi hai 😂😂😂,0,Abusive/Offensive
    haan yrrr .... come back kia to aj yad aya k ek ozaie bhi thi hmari  👀👀👀👀...😍😂😂,1,Normal
darasal kuty likhna chahye tha or han un kuto ki olaad bolti he or wo tu bola bhenchod peshab pine walo madarchodo,2,Religious Hate
log cigarette ka krty hain...  tu ny meri muhabbat ka smoke kr dia😏,1,Normal
 haan srf batting krny me maza ata hi.  wo b slow ball py  😆😆 mei tu batting le k game se naas jti thi bachpan mei,1,Normal
"khud to tum dono  r  besharam r by haya ho, gandi naali me paida hoi ho dono, r idar oron py b kecharr ochal rahi hon, beghairtoon, kash k qandeel baloch ki jaga koi tum dono ko shoot kar deta, 😡",0,Abusive/Offensive
"fazlu ko agr hakumat mei koi ministry mil jaye tou usey bhi koi masla nhi hoga, ye bs apni ghatiya syasat k liye mazhab card istimal krty hain beghairt log",0,Abusive/Offensive
es yahodi hokomat s appil karna koi faida nahi,1,Normal
road par chalty huwy tere jis baap nay yeh bat boli thi uska content bharwe,0,Abusive/Offensive
"bilawal ek hijra hai kaha khan saab aur kaha ye khusra, khan saab ki tarah koi bhi bhi great leader nahi hai dunya mai",3,Sexism
 mere pass tum ho,1,Normal
tere family ko laat paregi tab pata chalega bjp ke bharwe,0,Abusive/Offensive
ye bc peeke kuch b likhta hai charsi hai ek number.,0,Abusive/Offensive
abu se bhai jaan se chacha jaan sabhi se to halala krwa leti hai begum  or ye tera jeeja ravish khan usse bhi  salon humse akele he kar denge,3,Sexism
 dekho main ny apna badla lay liya..😌,1,Normal
  rehne de ab koshish mat kar😂😂,1,Normal
 main bht pyari hun 😆😆,1,Normal
rt :  meri naseeb dekh tu meri valentine,1,Normal
tu bar bar boly yaar yaar  me teri bund cheeru maar k apni talwar teri baji ki phudi me daalu apna hathyar teri maa ka phuda chod chod k chalau tmary khandan ka karobar  ek din tera aba ro ro k boly dekho tmari bhen ki nangi photo ai ha waha jisy kehty hain akhbaar,0,Abusive/Offensive
jaakar apni maa behen beti ko china ki rakhail ban ne se rok aur unka loan chuka...zaid hamid ke chutiyape ek taraf rakh.. ye bhaunk bhaunk kar wo to mast jee raha h...tum chutiyo ka chutiya kat gaya h...bhukhe mar rahe ho..par bakchodi gazwa ye gazwa wo ki karni h,0,Abusive/Offensive
 😒😒😒😒itni bhi thandi nhi thi ab😪😂😛,1,Normal
lekin caa ke baare mein toh bola hi nahi.,1,Normal
 😂😂 ok na btao hah,1,Normal
hahahaha.achha achha mujhay kia pta ab i'm not smart😔,1,Normal
my fucking picky nail is falling off bc my dumb ass ran into my bed frame and now i literally hit that bitch again. i’m on the verge of bawling.,1,Normal
 ye tho pathan hai hi nhi🤪🤪🤪,1,Normal
apke bt kr rha hn main lahore walo💔,1,Normal
soja bharwe,0,Abusive/Offensive
rt : bhenchod graph paper pe eraser use karo toh graph paper hi gayab ho jaata hai,4,Profane/Untargeted
han na 500 mein bc kya kya ho jata ha😂,4,Profane/Untargeted
world war 3 horha hai bhenchod wahhh,4,Profane/Untargeted
bharwe apni indian chootoya qom ko mazeed kitna chootiya banayega ye iska jawab de to beta,0,Abusive/Offensive
  cheema sb ptm walay kmzkm mulk k wafadaar to rahen na k afghanistan k is par unky sath hain k huqooq ki baat kren!,1,Normal
missing bombay bakery ka coffee cake arsa hi hogaya bhenchod,4,Profane/Untargeted
 han ab opp likh nahi sakti thi 😂 kyun kay wo phir trend kay mutabiq na hota na😂😂😅,1,Normal
chal na randi !  isko phansi hoi thi !,3,Sexism
  iss ehd kay sultan say koi bhool huwe hai,1,Normal
khud ka baap sawal pochy toh mouh bnalengy or insta story par likhengy ‘ask me questions’. wah bhenchod! 👏🏻,4,Profane/Untargeted
be deen hukmaran or begerat meddia k muh band yahodi tukroh pe palne waleh kab muh kohl sakte hai,2,Religious Hate
shanzu na muju unfollow kr daya 😭😭😭😭 koi pyar nh krta 😭😭😭  ,1,Normal
here a war began you need to strong and donot be foolish like 😂,1,Normal
rt : starbucks wale tatti coffee ke 300 lete hain bhenchod aur sabko show off karne mein bada maza aata hai,0,Abusive/Offensive
lol.. check bhi le lo or shikha bhi :d,1,Normal
mukar gaya phattu aadmi. 2 kaudi ka pm hai yaaaar kise bana dia pm 😩😩😩😩😩,0,Abusive/Offensive
ab kuch zada hi horha ha  la dobi gi ya.,1,Normal
"behan.. humra tu rishta nhi a, skta russia sey.  hum tu isi trash se shadi kary ga  😂",1,Normal
motherchoood harami ki olad tum gesey guttar key pedawar ki waja sey sare mulk mey gund howa hey!! tumhari or nawaz sharif ki ma ki choot mey imrak ki jaga hota sarey teri or nawaz ki ma chod detha!!,0,Abusive/Offensive
 hmmm ab legta hai k kuch to hua hai,1,Normal
kyon k yh kuch logo ki fitrat hai ,1,Normal
tik tok na achy bhla larka khusray bana diye hn,3,Sexism
teri maa rundi,0,Abusive/Offensive
lanat tery shakal per  roomie beghairt ye wakil mafias  ka kia dhra ha bond kia khan apny nam se ly raha tha .security  lena bori baat kahan se hoi,0,Abusive/Offensive
q ka ap jyse mere bandr dost yaha hein🧐,0,Abusive/Offensive
  bhai bat kutta malik ki nhi aukat ki hai tumne bhi dikhai aur us bandey me bhi dikhai aur ha malik se yad aya kal raul gandhi kuchh bolrha tha tumhara bare me,0,Abusive/Offensive
teri maa ki kuss takly,0,Abusive/Offensive
 han maine bhi abhi dekha ha face book py post ai hoi thi iski kya pata ye fake ho,1,Normal
 astaghfirullah haram tauba tauba saara mood kharab kar diya,1,Normal
rt : me and randi be missing tf outta our niggas we really some simps 😭😒,1,Normal
  please itni bri khushi humain na do kahin mar he na jain hum   itne ehsanaat ka badla ye awaam kese dy gi   na kro kum qeemat apne pass rakho shayad tumhari koi zaroorat pori hojae,1,Normal
 tum sunao..🌝,1,Normal
"yar this tweet is for those people who carry hate for me, yar me tum logon se kehna chahta hoon apne opinions ki batti banao bhenchod",4,Profane/Untargeted
#drpriyankareddy #justiceforpriyankareddy  #rippriyanakareddy  parents ko bol raha hunn jo jo parents ladkiyon ko bahar jane k liye mana kar rahe hain wo karo uske sath sath ladkon ko sahi sikhshya do... kyun iss ki jimedari pehle maa baap ki hi he...,1,Normal
rt : tu khuda ka hoja phr dekh! wo sari duniya ko  tera bana dega.❤️,1,Normal
 but hamara koi lena dena nahi uss sy😂😂,1,Normal
 nhi nhi esi bhi bt nhi ap ny kha na k ap ka dil kr raha hy mry sath to bs is liay,1,Normal
can you please stop pinning a fan everytime bro  what you need attention  ki log aakar gaali de  usne tera naam likha ho post me  usne tere idol sid ko kuch bola ho   ajeeb chutiya ho yaar poke krna h 24ghante tum chutiyo ko  show ko show ki tarah dekho bc,0,Abusive/Offensive
   mughees zyda pyara ha pata chl gya😂😂,1,Normal
esiooo kooo khusrey hi miltey hen,3,Sexism
 bachy pehle tera dimag tail lene gya tha.....ye sb us ghleez aurat ko defend krne se pehle sochna chahye tha naaa. aur tum ny jo khaleel ur reham ko bkwas ki thi uska hisab kon dy ga ?,0,Abusive/Offensive
and btw i am a minority too and a person from my community became the prime minister despite the fact that we only represent 1.6% of popultaion . can an ahmedi or shia be paks pm?? leave apart hindus and christians they can even tolerate shias and ahmedis . bigots,1,Normal
  haaan mene b dekha thaa ye matermind nai dhokebaz hy,0,Abusive/Offensive
 koi ni seek jao gi mujy bi ni ati thi bas khl khl k seek gia,1,Normal
laanat ho altaf or pore mqm pe  ab mqm ke nam per pabande laga de jai,0,Abusive/Offensive
ye kom bahanchod betichod or madarchod hoti hai. ye log apni ma bahan beti tak ko nahi chodtey never trust them in any condition.,0,Abusive/Offensive
"got it. isis has nothing to do with ahmadiya islam. but i have read the history of early islam, all those wars, punishment for conspiracy against islam, apostasy, beheading due to differences in opinions which were proven true and endorsed by the scholars.",1,Normal
 jo chahye imagine krlein..,1,Normal
"the fact that clubs like watford, leicester, everton and southampton will get rid of managers in an attempt to finish maybe 10th instead of say 15th and we went get rid of this bhenchod at the cost of arguably the easiest top 4 finish in the last few years is astonishing!! crazy.",0,Abusive/Offensive
haha literally those dumb supporters are trained to only bark 1⃣ thing shukla is great.. shukla is winner... are bhai baat kya ho rahi hai aur bhaunk kya rahe hai 😂 😂,0,Abusive/Offensive
 uber book krwai thi.  driver ny ride b nai li. or cancel b ni karta tha. 😡😡😡,1,Normal
"ji bhai usi ki cost bta rha houn ...bohot bara project hai tank kabhi google karna ...waise bhi pak army have lowest budget ..indian army has $65 billion , american $150 nd pak $6.8 billion",1,Normal
"ae ""mtlab"" tera shukriya  tu ne jor rakha hai insano ko .😐",1,Normal
abe halala ki paidaish laude ab 10 -50 baap banayega to yhi hoga ganwar.... kaise pta chalega ki asli  baap kon hai to  phir baap ka naam electoral roll(s) me nhi milega.,2,Religious Hate
asa haal marasi ki bajaye patwari ka hota hai... jis ko baar baar samjao tu b nahi samajta aur vote phir noon league ko dy kr kahta hai k khataa hai tu lagata b hai...,1,Normal
naya lei kar a joke purana hou gaya hai akhrott..😁,0,Abusive/Offensive
 abi tk tu khair hi haa😂,1,Normal
aj bht jaldi thi dono teams ko match khtm krne ki #lqvsqg,1,Normal
tere baap ki bhi aukat h waha ka exam clear krne ki... jo kuttte ki tarah bhaunk rha,0,Abusive/Offensive
 abey bossri k madarchod ab tu kon hai nhenchod,0,Abusive/Offensive
log bc bht liberal hugye hn yar,4,Profane/Untargeted
 ik said ke shaukat khanum mein mujhey teeka laga. us teeka lagne se mujhey nurses hoorein nazar aaney lagein,1,Normal
galia do jooty maro mgr apke jan ni choro ga yad rkhna bs block mat krna😉😉,1,Normal
museebaton ka rona roo to ander sy awaaz aati hai tumhi ko thi naa bdaa hony ki itni jaldii.?  bc jhelo ab😤,4,Profane/Untargeted
waah chutiye waah bc  ye caa h nrc nhi,0,Abusive/Offensive
"rt : qandeel baloch k bad mufti abdul qawi ki hareem shah k sath bhi tasweer viral hogai, awam ki tanqeed shuro.",1,Normal
sterling bhenchod traitor,0,Abusive/Offensive
randi is you and your gadha ka land jasi soch,3,Sexism
 mehrbani krn ap sb log cancer ka mareez hy uss k ly koi madad kr dn pasa ni hy un k pass itna blood cancer hy us ko 03007334159 pr rabta kr ln kisi trha koi bi,1,Normal
bhai ke lie nye akhrot chahiye 😝😝😝,0,Abusive/Offensive
rt : bchoo follow kroo sahab hoo ❤️ burry kam chor diya hain bhai ny 🤐,1,Normal
abe bosdk  gn - 17.5 cr kya tere ghr pe holiday tha???  aur 3800 screens me 16cr opening di hai vo bhi magnum opus ke sath vo bhi bahubali level reviews ke sath ..sharam nhi aati????  rustom ne 2016 me 14cr kie the 2300 screens me clash me😂😂,0,Abusive/Offensive
  ap ko sab ulta ju lagta 🤦😂,1,Normal
"pta nhi logo ko kutya, kuta ban'ny ka q shoq huta ha 🙄🙄",4,Profane/Untargeted
charsi khan se to achi hi he 👊,0,Abusive/Offensive
 aap ke dukh mein barabar ke shareek hain,1,Normal
tujhe tab nahin dikhta jab tere baap arab countries mein jaa ke wahan ke logon ko chipak chipak ke gale lagte hain. woh bhi toh secular pane ka dhong hi hai.,0,Abusive/Offensive
ye insaniyat hai tum mai chato akhrot moodi-shah k. divider in chief of india  kisi ko to zinda rehna do other then rss terrorist.,0,Abusive/Offensive
"retired pak army offcrs hv nw filed a case agnst gen bajwa claiming he's a quadiani (ahmadiya), ergo hs no right to continue as coas. #noextensionforbajwa",1,Normal
   abi tk to koi khabr nhi aysisubha se koi 5...6 news paper parh liye hn,1,Normal
hudd hi ho gayi bhenchod,4,Profane/Untargeted
  na na koi buri bat nhi khudh bhi stalk krti aap,1,Normal
 ary ap rhen na bas,1,Normal
fasla rakhein phr bad main aapki amma ko gharelo larki chahiye hoti hai. 😑🤧,1,Normal
i like how jo khud logoun ki bari egos honey pe unki lerahe hotey hain unki apni ego sabse bari hoti hai. jispe unki koi ley tou rotey hain uspe baqioun ki itni confidently lerahe hotey hain matlab wtf bhenchod,4,Profane/Untargeted
 dafa ho ja yara ja k nahaly😂,0,Abusive/Offensive
 😂😂tum mera karo mein tumhara karti hoon kesa😅😂😂,1,Normal
arrange marriage k bad pta chla k larka fb per larki ki friend list me add tha.  or wo usy reply bhi nhi krti thi... 😂😂😂,1,Normal
"true, but itni jaldi lead role kabhi nahi milega, film milegi bhi to koi chota role hoga, bc. starting me nahi de sakte hero ka role. isliye he can go to kkk 11, it is a good platform too.",4,Profane/Untargeted
 i m punjabi..  agy kaya bataoun pata e hoga apko. shakal hai double wali!! 🙂 single forever alone 💔,1,Normal
haan yrr tuny sahi thukayi ki abhi tak lund dard kr raha hai sahi randi hai...wesy ghalti ki tjhy lund dy k abb pta nhi lund ko koi bemari he naw llag jaye gandi phudi k moun jo lag gayi hai😈😈😈👙🤣🤣,3,Sexism
 ajeain free hoky mil k lagty hein,1,Normal
   oho actually rat ho gai na to my wapes apney ghar hi a gai rasta bhool gai thi 😂🙁,1,Normal
slept for only 4 hours last night bc match daikhty daikhty girny wala hua wa hun,4,Profane/Untargeted
nevermind bhenchod,0,Abusive/Offensive
or un me kulbhoshan ka naam lenai sai dar kisko lagrha tha?kahin isliyai k london or yahodi doctor sai elaj krwanai pr pabandi na lagjai ??,1,Normal
apne kya ha google translate ?,1,Normal
muslims were badly persecuted before hijra in makkah. i doubt they were travelling as far as india in those days. however i am genuinely interested if there is any authentic historical account available to support this claim. jazakallah,1,Normal
ma sha allah khush hogya 2 saal ka bacha achy kapry pehn kar yahodi ka design tha isky kapry per,2,Religious Hate
yajo randay kiy bachy hay ni kiy may ma ko chodi  tamiter 400   (12/11/19) tamiter 30 to 20 par kag (12/11/17) ata 40 par kg (12/11/17) ata 60 par kg (12/11/19 say ha our mozder kiy day ha re hay  800 ropy ik tam ka kahna par jata hay 2 fard ka 600 ropy amran khan ap ni ma choidy,3,Sexism
1000 send krr dyna wo sth sth ma room banta rho ga😂😂😂,1,Normal
 jb kuch krny ko tha tb ki mehnat ka nateeja h,1,Normal
"yaha  2 baar ghar ka main door b khula reh gaya  pata nhi chala....... rabwah mein deewarain b phlaang k aaye hain mere ghar ahmdi bastards hospital thi maan k paas betia akaili thien ghar ye hai pakistan, rabwah 😥",2,Religious Hate
"  haanaur sharjeel ko pm banao, hai na? that's what you want?",4,Profane/Untargeted
  sir ji agar kabi ho sake to apni kitaab mein maafi ka lafaz b add kar lein main jhoota nahi hun🙏😢,1,Normal
 woh kaam kr kon sa raha tha jo kaam say roknay ka notice jary kya 😦😦😦😦😯😯lol,1,Normal
   yes definitely tum log rape main busy ho na wohi kaafi hai 🤷‍♀️ wah re hindustani teri ajab kahani,0,Abusive/Offensive
teri maa ki phudi gashti k bachy kaafir hraami,2,Religious Hate
muh me dant nahi aur ga#nd se akhrot todne ki bat kr rahe ho,0,Abusive/Offensive
"baldia town me 300 jal k mar jane walon ka case in sab cases se bara hai lekin us case me chief justice se le kr civil judge tak poora nizam hijra ban gaya , insaf ki bat karo, bugz na nikalo",3,Sexism
is robot main thori settings change kr len takay wo automated reply say pehlay inbox dekh lay. ,1,Normal
ab baqi reh kya gya mzaq krny ko sary tou try kr lye🤭,1,Normal
rt :   andhi hai saali charsi khan,0,Abusive/Offensive
 shukar karo main ny notice nae keya 🌚😂😂,1,Normal
"ye konsay ahmaq log hain....,2018-05-14 15:52:49,islamabad, pakistan",0,Abusive/Offensive
good .sir ab sabt krna lazm ho giya ha k yeh munafiq log kaissy kaisy hum awam ko pagl bnaty rahy ..,2,Religious Hate
"zulfo ko koi sawarta ha, kismat ko bhi sawar sakte ha",1,Normal
chutiya azam ny kia kia ha ab tk sawa saal mein sirf 11600 arab ka izfa qarzoun mein kia or kuch nhi badlo apni soch ko yahodi na bano or ek muslim ki tarh socho,2,Religious Hate
i don't have whatsapp,1,Normal
 harr jaga apni rundi roona ly kr ajaya kr koonii aonna zoye balochistan,0,Abusive/Offensive
😂😅😂😅 aj kal ki randiyan bht khully amm dhamkiya deti hain wah kiya zaman a gaya hai😂😅,3,Sexism
 kuch ni yr bored,1,Normal
nalit randay kiy bachay,0,Abusive/Offensive
med prescribe to ki hain doc ny suba khaon gi 😐,1,Normal
bhenchod popcorn leke apne mje lo dono side se 😍😄,4,Profane/Untargeted
teri maa ki chuth bhenchod,0,Abusive/Offensive
kia bjaie h sana k bhai ne mahira k papppppu ki #asimriazforthewin,1,Normal
"   haaaaay, kia kehny aap k.",1,Normal
"g lkn ap ny post ghor se nhi prhi shayed bano qudsia ki qoutation men he k ""agar ghalti na bhi ho to bhi mafi mang leni chahiy.."" meri ray is bat pr thi jo ap kh rhy wo bhi bilkul drust he..",1,Normal
waise is wajah se aap lanat k haqdar bante hai,0,Abusive/Offensive
"ek din tu na mile ga, tera name phir bhi rahega 💔  believe me most of us are missing his voice from psl anthem.! his voice was 'jaan' of psl ❤️. #psl2020 #psl5 #alizafar",1,Normal
  oper rooh afza dall kr khana shuru na kar dena ab😋. #achasorry,1,Normal
sasta nasha krta hai bharwe,0,Abusive/Offensive
😂😂😂 dekh bhen k lode   teri maa chod rahe bhakt,0,Abusive/Offensive
ha toin danish koi harami ki olad ha,2,Religious Hate
khan sb en jesi haaz ke najaiz padawaro ke bhen chod k mithi dalain,0,Abusive/Offensive
nhi apk haqeeqi kirdar koi kuch nhi keh raha.. bs meri ek choti c bat ka jawab dy den wo ye keh es daramon or filmon sy hamari new generation ko kia sabaq mily ga??? q k bacha bacha mery pass tum ho ko ly k mutasir he...,1,Normal
chlo ma kr dn ga 😂,1,Normal
jo jo dil huwa kha lejeye ga...don't worry me apka bhai kanjos ni...😂,1,Normal
nhi lekin teri behan ka log jrur h vo bosdi k madarchod sale ...skl se hi rundi k khandan se lgta bc.. m gali ni deta lekin mjburr kiya  tune rundi k 😡,0,Abusive/Offensive
"abey bsdk,  ka photo nikalne ke liye tumhe camera diya tho khudki selfie kaahe kheech rahe ho dalle... akal tere akhrot mei se nikaal bahar 🙄",0,Abusive/Offensive
"acha agar ye yahoodi oic , un mae huzooor aqdas saw k namoos kliye aawaz othata hae.. islam k image kliye awaz othata hae... i will love such yahoodi than those bigots of islam named mulla",2,Religious Hate
bc mera hi account h karde promote. 😁,4,Profane/Untargeted
 ek nhi bhut hai....  bs sochte hai ki goli na chalani pade to acha hai...,1,Normal
 axha us ka khial rakho na..💔🔥😯,1,Normal
din ko jo sojati hoon naw saath mein kya karon adat hai😂😂💔,1,Normal
mje smj nh ati. mhngai ka rona roty ho ap sb lkn jin beghairton ki wja se mhngai ue h unk vote ko izat do k naaray marty nh thakty.,0,Abusive/Offensive
 wo khuch pata nhi khn hoty hn🔥,1,Normal
 or dil krta h bnda sary kam chor kr un ka mehboob dhundh dy unko😏,1,Normal
mei ny jana k umeed agr allah sy ho...to wo zaror pori hti hai,1,Normal
yehi tu bas pata ha,1,Normal
ha...sahi hai gutter ke keede....5 baap ki aulaad...randi ki paidaish... failaad hai tu  chutiye.... or bhaunk.....🗣️🗣️🗣️🗣️🗣️🗣️🗣️🗣️,0,Abusive/Offensive
i am high as a kite and i am headed for another doobie. aaj apun chand pe jayega bhenchod sit and watch,4,Profane/Untargeted
rt : yar bhenchod why would someone like me? im ugly as fuck,4,Profane/Untargeted
tmhe majhab k name py kon istemal kr rha ha?,1,Normal
"i am against this aurat march. sirf is chu**ye insan ko gali nikalnay say roka hay. mazeed izat afzai kay liye dm main ao, aisay chitar maron ga yad rakho gay.",0,Abusive/Offensive
tum logon ki  takleef baja ha  a k tumhari dum pe sheeerrrr ka paa'on aa gia ha,1,Normal
ankhain dukh rahin hayn sir mein dard ho raha hay par bc nendh nahin aa rahi😒,4,Profane/Untargeted
junrs say bna k rkhni chahiye....grad k bad bht kaam aatay hain ye chotay log,1,Normal
 to tu bataegi nai to pata kaise chalega?  😒😒😒,1,Normal
vo toh hai hei sasti randi aur koi bata,3,Sexism
yar  main nay   to ab  tak dm bhe ni kia  kisy  ko bhe,1,Normal
marr bhenchod 😂,0,Abusive/Offensive
abey saali,0,Abusive/Offensive
"yahodi aur qadiyani agenda he,bar bar bata rha hon,per lagta he satto piya hua he is bar qoum ne",2,Religious Hate
haan wapas teri maa ka mujra dekhne aya tha bharwe,0,Abusive/Offensive
to uss sahar se nikal naa lovedi pehli fursat me  daat se biscuits toot nhi rhi gand se akhrot todne chle hai,0,Abusive/Offensive
patjhar mein jou phool murjha jaaty hen woh baharon ky any sy khilty nhin.... kuch log jou yun hi bichar jaty hen woh hazaron ky any sy milty nhin...✖️,1,Normal
bc sala 👨🏿💀🖐🏿🖐🏿,0,Abusive/Offensive
-choro wafaon k kissay yahan sirf rona hy -na pehly koi apna tha na ab ksi ne hona hy,1,Normal
inshallah apko b mile ga but keep on doing what you are doing with commitment and dedication,1,Normal
aap to kahty thy nations are not built by roads metro and motorways. u turn champs,1,Normal
"aaandd reelaccks, bhenchod what the fuck is that",4,Profane/Untargeted
bund garden and bhosari are places🤪,4,Profane/Untargeted
or wahan tumhara jahanumi ahmedi jo naaowz billah nabi hona ka dawa dar tha wo wo case hara tha or court sa bhag gya tha.nabi pak p.b.u.h allah ka akhri nabi han or on ka bad koi nabi nahi ae ga.ya ak haqeqat ha jo quran ma bhi ha.or 1947 ma pak islam ka name par bana tha.,2,Religious Hate
inka abu kaha.ha,1,Normal
rt : ho gaya bhaunk liya ab phooto yaha se 😌😬🙃,0,Abusive/Offensive
 kbi ni ho gi bhai ub wo umar guzar gai,1,Normal
 nhi na ap ki wja se to twitter p ronaq lgi hui h,1,Normal
chup bharwe hamesha kutte ki tarah bhokha rahta hai bc,0,Abusive/Offensive
tera baap hai kia. kanjar iss ko bhi bool mafi mangay . bhosari kay #dharna taba day aur tu bhi tabah day thooooooo,0,Abusive/Offensive
behna sab ke apne chonchle hote hain.. bss banda apna point of view bataye aur side pe beth jaye.. behs main aksar log zatiyaat pe baat karte... to phir at the end galam galoch hota to ziada behs se avoid hi kare banda,1,Normal
     humain himanshi or asim ko sath dekhna tha but himanshi is change wo kia kr rahi hai she is playing wid #asim’s feelings toward her .. its a bullshit man,1,Normal
kyu randi tu roz yahi baans dalti hai kya,3,Sexism
"raat ka bacha hua khana lunch may khaon gi, wbu?",1,Normal
   tu modi ke gand hi chaat saale 😂,0,Abusive/Offensive
 mai kya tareef karu?  ulta to tu patli ho gayi hai😂😂😂  hast pust thi pehle abb dekh khudko..!!!,1,Normal
    haan chal abb teri baari😁,1,Normal
yahoodi saazish k baad pesh hai khatooni sazish,1,Normal
 lo g ya kaya baat hoi bhala,1,Normal
  arey apas main decide krlo dm main merii noti na bajana,1,Normal
gussa kr gya h bhenchod 😂😅🤪 teri ama ko qabar se nikal k uske bund marni ha ma ne. . tjhe abe mera pta nae 😎,0,Abusive/Offensive
"for as long as the recorded memory goes, the yahoodi have been the predators, the exploiters and the instigators of violence. wherever they turned up, they exploited the native population, sucked the ordinary people dry and tricked the nations into conflicts that descended them",1,Normal
aapne bhi kia tha vada kuch naukri ka? kya hua uskam,1,Normal
 wohi mein sochoun ye bndr kiun bnaya hai 😂,1,Normal
 naaa.. naught thora negative hota shararti hona talent ha😂😂,1,Normal
 shukria... islaah krne ky liye.. isko dlete kr deta hu🙏,1,Normal
funny wifi network names found only in #pakistan  rishta do password lo 🙊 apna lagwa ly bsdk🙈 tere bap ka wifi he 💩 baji do password lo😘 baby i love you 😍 aby chal agay nikal 😄 rabia mujhe chor do 🤗 #girlsdad #loveisiand ,4,Profane/Untargeted
hain mtlb me waqai celeb hon jo interact ki tamanna thi?? 😳,1,Normal
aesa mosam mera khaayal sialkot mai hi hota hai :/ ,1,Normal
when teacher say    jo bacha  apna homework ni kar ka lai apna hath khara kare😡  last bancher😅 ,1,Normal
  ab kia h kr tu dia howa unblock 😏,1,Normal
ap bh kiya yad rakhyn gy k kis sakhii bhen sy pala para apka😂😂,1,Normal
vote ko izat do  vote ko izat do  vote ko izat do  hahahahahahahahahahahahahahahahahahahahahahahah  lant tery tay lant tery najaiz abbey donkey king kashmir frosh gandu lanti sazishi bayghart kanjar imran yahodi tay lant sari pti tay,2,Religious Hate
rt : ye waqt bhi guzar jyega.,1,Normal
isi say opration karwaya tha na nawz sharif nay ab isi k khandan walon nay sari n league ko hijra banadiya.altaf bhi nay samjaya bhi tha mian sb ko magar nahi manay.ab sari n league hijra bangai.,3,Sexism
randi kise kahte ha aap hi bata do? ye word ghatiya women ke liye hi use karta ha ab deepika ghatiya ha to randi hi bolenge na,3,Sexism
teri maa ka yaar paisa de kar ja raha aesay hi nai ja raha barri takleef ho rahi he tujhay kutya,0,Abusive/Offensive
"and yeh alone maharshtra's gdp is bigger then porkistan's gdp aisa hai munna ""muh se moongfali na tut rahi ho to gaand se akhrot nai todene chahiye "" 😂  maharashtra akela kafi hai tum bhikari o palne ke liye😂,2019-09-13 11:48:06",0,Abusive/Offensive
"no one:  superstitious pakistanis: ""black friday yahoodi saazish hai!""",1,Normal
 mera jism meri mrzi ki b zra detail bta den or hum ey nai khty k hum support ni kr rahy esy ligon ko to sare am phansi deni xhahey jesy logon ka ap ny video mein btaya hm esy behno k sth hen but ap jesi aurton k sth nai jo 1 boundary sy bahir nikl rahi hen,1,Normal
" sab hu dukhi hain, is janam me . khaas kar boys",1,Normal
rt : #mediastayunbiased jab media ke hath bara paisa lag jaye to...  pakistan ko botti ki trhan noch noch kar khaty hain.,1,Normal
"sir, do you think pak poz, core commander will support bajwa for coup? afterall he is a ahmedi, the talks will surface soon.,",1,Normal
beghairat ye bakwas sikhai hao tujhe tere aba aman ne ???,0,Abusive/Offensive
"aurat ko islam nai galat lagta, ap log lagtay ho jo ye boltay hain k agar aurat ka rape hua to wo uski galtie usne sar par dupatta nai kiya us banday ki nahi wo bechara kesay control karay",3,Sexism
"halala tum karwao aur bhardhwa kisi aur ko banaoðÿ¤£ðÿ˜‚ðÿ˜‚ðÿ˜‚ apni aurato aur behno ka halala maulavio se karwana bhi bhadwapan hi hai. tohin bagh me bhi yhi kam ho rha hoga. ðÿ¤£ðÿ¤£ðÿ¤£ðÿ˜‚ðÿ˜‚ðÿ˜‚ aurato ko aage kar diya, ye bhi bhadwapan hai suar. smajh me aa gya hoga suar. gaa*d  jaliðÿ˜‚ðÿ¤£",2,Religious Hate
ab kya bola jaye ma'am sab halala ki paidais hai,2,Religious Hate
aur jis paper mein 3 sheets bhar ka aya poora kar k aya tha wo rok dia tha bhenchod,1,Normal
 he is just kidding  sana ka name v liya na  not only asim  so just chill,1,Normal
imran khan :sakoon sirf qabr main milta hai   oye bandr abhi sakoon nahi chahiye .....,0,Abusive/Offensive
oye  ghatiya aurat be haya ghashti bhenr chod begairat aurat sharm kr,3,Sexism
abe bharwe chor dana muh jab kholta hai tu gandh hi nikalta hai,0,Abusive/Offensive
u hate but u do?? toppi drama bss kro bhen,1,Normal
nakhre maan baap hi uthatey hain baki sub dhokha dete hain,1,Normal
intihai koi ghtyaaa or randi ka bacha hai tu zaidi mere samny hota to tjhy wo marna tha tere naslain yad rakhtii,0,Abusive/Offensive
"bal k is tasveer ka taluq ghatia aur yahodi ghulam qadyai darbari se hai ,,, baji ki chori pakrri gai ,,,",2,Religious Hate
meko kia mily ga 🥺,1,Normal
 ahu ahu. per chief minister nahi wo dgisi banney ki safarish ker raha tha. dobara check karo.,1,Normal
"uffff is she psycho or what? apparently so... yeh aurat hai jis ke liye kaha jata hai ""parhi likhe jahil"" 🙄 chapair lgayi ho is ke mun pe. english ka rob jhaar rahi hai 🙄",0,Abusive/Offensive
 ma 3 month say 7 lenay ka soch rha ho or pasay ni ho rhy 7 kay tujhy lay do,1,Normal
"with no offense, i believe ""mery zindage, mery marzy"" would've been a much better slogan for the aurat march than ""mera jisam, mery marzy"". it could've changed the dynamics all together. #werejectmerajismmerimrzi",1,Normal
" tum logon nay sahi mazaq bnaya huwa ha security agencies ko isi aisay chotay chotay kaamon k liye free nai ha na un k pas time ha, banda chori ech v pharrya jaye tay naa isi da",1,Normal
yakeen mano hum bhi bhot khatey hai bas picture or location nahi dalte,1,Normal
1995 mein dr sb ne bta dia khan yahoodi agent hai,2,Religious Hate
baap k ha na apny leader khusray say puch fauj ko vote q deya tha assembly ma hahah....wasy bilawal k lia sheikh rasheed hi kafi ha....agr itni takat ha na to mera kuch b ukhar kr dekha day chul mera bcha ab nikal aisa na ho kanhee bori bnd mily q k fauj ko ya b bnana ata ha,3,Sexism
you people just used shehnaz in whole season fck off bc #realwinnershehnaaz,0,Abusive/Offensive
 q bai dil wahn rhna ka kiraya deti thi ap...,1,Normal
hahahahaha bohat bara chutia hay ghumman. tv pay aysay ulloon ko bitha kar qom ki toheen ki jaty hay. ,0,Abusive/Offensive
ager mumtaz qadiri ki terha qanoon hath me lena he he tu ja ki pm ik ko bhi koi marni ke lia chala jae ga   as our jaali molvis claim that he is a yahoodi.,1,Normal
 agriculturist ho aap..???,1,Normal
rt : aj danish ki pehli jumm e raat ha,1,Normal
tu to halala karane wali hai na aur sab halala ki aulad waha baithi hai,2,Religious Hate
tum ek chaval hijra ho.!! jab bearish hoti hai tou paani aata hai..! rip science..,3,Sexism
"new way to propose your crush:  ""aap meri zindagi ki street haen"" 😍😍",1,Normal
"calling opponents ""beghairt"" ""pait phar k nikaloon ga""  ""tracter trolley "" ""yahoodi agent"" ""qadiyanion ka yar ""etc etc etc are very grace full n respect earning language n.a.???",1,Normal
mera bhi yaar bhai...jindgi jhand ho gya hai bhenchodv 3 t20 me 300 rupya haar gye....,4,Profane/Untargeted
bharosa sticker ki tarhan hota h .dosri baar pehle jesa nahi chipakta...,1,Normal
"chupp bhen chod, chup..",0,Abusive/Offensive
banchod bdk rundi ki bachoo dharam k naam p rape ki bhi dekhte ho suar ki aulaaado tm jese log hi rape krte ho uneducated,0,Abusive/Offensive
 sir mazrat k sath.apko sharm to ni atiii apne to doodh ki neharain baha di he pakistan me.worst decision tha jo khan shb ko vote dia tha.khan shb ghurbat ki lakeer se niche valo ko uper lane ka khte the.ap logo ne to safaid posh hi ghurbat ki lakeer k niche dal diye hai,1,Normal
 mard hon mard se pyar krta hoon,1,Normal
"jao apne yahoodi susral k pass, khawar manika ki amant lota do",2,Religious Hate
 q kay mera comsats ma b ho gia tha or bhai nay ni anay dyea lkn wo khud b gcuf say phara hai,1,Normal
randi bharwi marr ja,0,Abusive/Offensive
 experienced bro koi or tareeqa bta do phir.,1,Normal
 arre nahi 😂 din ko so leti hon iss wajah se raat ko phir late soti hon,1,Normal
 skskskkss momo twice ke yg trending tu? aku momo lain 😂,1,Normal
 sir main ap ka aur peshawar zalmi ka bahut bara fan ho hr sal peshawar zalmi ko support krta ho. 26feb ko #msvpz waly match main multan main ap sy milna chahta ho main ny tiket li hovi hy.. +923027423775 +923127850775 ,1,Normal
  ma tou koni bolaya tha ;-;,1,Normal
 pakistan jesa bhe theak ha..tere mashwro ki zarorat nahi...... tu ja apne mulk india... daffa hu ja,0,Abusive/Offensive
 daro iss banday say jiss nay sunday ko exams diay aur sunday ko hi degree bhi haasil ki microsoft fonts ki degree jo 1978 mein maujood hi nahi thi phir bhi aysi degree 1978 mein li 1949 aur 1950 2 dafa paida hony wala insan hai narendra modi,1,Normal
bhenchod poori tl ww3 jokes se bhari hui hai,4,Profane/Untargeted
government randi form a governance soon please bhadwi,0,Abusive/Offensive
matlb bajwa imran yahodi ki tarha baykar jahil aor naehal insan ha,2,Religious Hate
"bol be khati ravi hijde .... ek behan toh gyi teri , chudwate chudwate mar gyi bahanchod... dusri wali behan bhej teri jaldi. ....",0,Abusive/Offensive
 economical range main elis photography walay are so good,1,Normal
after listening to psl anthem...  ye sunny k lia itna intazar kia tha   #psl2020 #tayyarhain ,1,Normal
masha allah  sadda khush rahein  main bhi theek hoon  aap ki dua shukriya,1,Normal
thats the problem for true human nature within nature.  centries ago the 'hijra' trans people were seen as dieties as healers and spiritual people. same with north american indian two spirit lgbt+ people. until current religions came along. b4 that world had a fluidity??????????.,1,Normal
 plzz take care. asi jaghon per jungli janwar bohat hotay hain,1,Normal
are bhenchod itni bheed thi ki nokia 3310 se vedio bna li. hahahahahahahahahahaahaha chutiye tum jahil ho to pkde jana lazim hai,0,Abusive/Offensive
or kuch bharwe reply likh k apnay pages par laga dete hain or reply yahan se delte krdete hain,0,Abusive/Offensive
 ya to bana ka bad pata chala ga  faida ha ya noksan,1,Normal
ajao ...... per please baaki sb se lerna mat .....😜☺️ ,1,Normal
maa bahan kar do saali ki,0,Abusive/Offensive
" sir phr aap apni maa, beti, behen ko b is march ma bhejy agr ap ko koi masla ha to is banner ky sath (mera jism meri marzi)",1,Normal
basti malang askri town: hamsai ne 3 bachon ki maan 30 sala aurat ko intahai tashadud ka nishana bnate hue qatal kr di. #whereisrapistlaw,1,Normal
bollywood ki randi,3,Sexism
zukam ny to bht haal kharab kr diya hai 😑,1,Normal
14 feb ko jumma ha allah walo🤭👲📿,1,Normal
allah pak buhat jaldi yahoodi khan ko dozakh me aalaa muqaam atta farmaye.  ameen sum ameen,2,Religious Hate
sali muslims randi. jihadi sali,2,Religious Hate
hindoo-yahoodi saazish,2,Religious Hate
bc direct hi match hi start kar dety opening ceremony miss kara k.  😑😑 #psl2020 #pslv #hblpsl,4,Profane/Untargeted
 safi ki maa ne haram ki aulad jani thi.,2,Religious Hate
   mjy pata ha i'm ur siso❤,1,Normal
 khud ki pehchan leta to aj single na hota,1,Normal
teri ammi ko bola nikal sale halala ki paidaish,2,Religious Hate
apne profile mein whats app me fb twitter mein is bahadur nojawaan ki pic lga kr islam se or nabi ke din se mhbt ka izhaar kren or itna share kren ek yahoodi apne na pak iradoon se baaz ajaye is shakhs ne quraan pak ki hifazahat mein ek bhtareen mhbt ka jita jagta sabot dia hai,2,Religious Hate
teri bhosdi or boobs me parda mat kar...logo ko dekne de.dhake hoge to kaise pata chalega ki tu hijra nehi hai.   hijra kahi ki.,3,Sexism
sachay pyaar main rishta manga jata hai haar angle se lee hui pictures nai.😊🙄😂,1,Normal
   bina kch hue hi pent geeli ho gai thi niazi ki😂😂  kaisa 2 kaudi ka mulk h  koi bhi ghr me ghus k bombing kr skta h  ye bas twitter p jung krenge🥳🥳🥳🥳,0,Abusive/Offensive
dekhi dekho kon gya youthion ki maan ka yaar aur behnon ka thoku gya  gali gali main shor hai niazi najaiz aulaad kafir yahoodi sikh marzai bhenchod hai,2,Religious Hate
chl phudi dya nikl pnchd mery tatty k bal jitni okat teri nikl mdchd k bchy,0,Abusive/Offensive
bhai khayal kr pakistan me corno virus na phela dena ,1,Normal
plzzz send krnaa mjyy... abi hmary pr itnaa bura wqat nhii ayaa k meri hi cast ki ladki ko koiii galt bat kry. or us harami ki handle b btaoo.,2,Religious Hate
"chalo atleast i got a 72, ithna opp heavy motion tha bhenchod",4,Profane/Untargeted
kyun k muje isb bure team lgte ha ao ne wo select ki ..🙈🙈🙈🙈🙈😔🙃🙃🙃😜😜..,1,Normal
so u know why ahmedi bajwa is desparately wants extension ? bdw tumlog ki country mei doctor nehi hai ?,2,Religious Hate
 q mobile to bht mehga h nokia 3310 ki offer deni thi na😂,1,Normal
bcz liberals are exactly khooni scum here.  first they cheer for drone strikes & anti-militant ops then they cry for human rights for the same ppl against whom they have celebrated attacks and then expext us to give them hr activist status . bhenchod hain sb yahan ?,0,Abusive/Offensive
  tareekh tum b parh lo.. jin k bary me tum bkwas kr rahy ho un ko hazoor ny jannat ki bsharat di hui hai unko jannat ka brry logon ka sardar kaha hun gai un k bary me farmaya hai k umar or abu bakar zameen pr mere 2 wazir hn.. unko siddique or farooq ka laqab diya hai,0,Abusive/Offensive
aap 11 se pehle daal lia krien us me jo kch dalna ho,1,Normal
14 feb k liye room mile ga?????  beth k rona hai😌😌🙄  single hun bhae😂😂😂😂😂✌😌,1,Normal
"bhenchod, cs khelta tu?❤️",0,Abusive/Offensive
abey chodi ke fakeer ..baap ki aulaad hai na apne... jogeshwari me trauma care ke yaha aake msg kar....fir pata chalega kaun kiske jhande gaadta hai,0,Abusive/Offensive
jab yahodi laobi karwa rahi ha sab kush usa b by bas ha tu pakistan ki kia oqaat ha usa k aghy,1,Normal
 acha hy allah sb ko sahe salaamat rkhy aur apni hifz o amaan ma rakhy. ameen,1,Normal
 haye meri bchi ya mat bhool ma teri ma hu jan🙄😥😂😂😂 dono gareeb ha hum😥😥 tera bap or mera ho jany wala habi pochda hi nahi 🙄😥😂😥😥😥😥,1,Normal
ye kon s science h,1,Normal
"what is halala ?  a holy way to reverse the ""khulla""",1,Normal
imran niazi beghairat insan he,0,Abusive/Offensive
dhood se b mehnga bhenchod,4,Profane/Untargeted
sab dua kr lo ,1,Normal
jo in logo k hisab nhi bole wo biased h or jo inki news dikhaye wo constitution bachaye saale terrorists#banrepublictv,0,Abusive/Offensive
wohi pucha hai akhrot,0,Abusive/Offensive
ek pagal kutte or tuj me koi fark nhi hai caa ko pad pehle fir bhaunk. caa me koi bhi valid documents dikhane hai...vese  k documents mile ya tere khud k mile tujhe k nhi?,0,Abusive/Offensive
koi chahry ka dewana hai koi ikhlaq ka manzil sb ki matlab   pyar kon krta hai 💕,1,Normal
"rt : pakistan ki sab say bari achievement atom bomb nahi laree chootee hai, kya gaana hai bhenchod",4,Profane/Untargeted
 right pakistan nay jang ka kaha tu hogi q kay muslman jo ak dafa kah daay kar kay dekhatay han pichay ni hattay,1,Normal
yeh dekh chakki union ki randi,3,Sexism
jitega tera baap #sidarthshukla hi ....abe #krk lukhe,0,Abusive/Offensive
"tumhain apnay baap kay firqay ka pata hay , yahoodi kay bachay",2,Religious Hate
"i wish a film is made on the plight of forcefully castrated males by wives ,girlfriends and hijra mafia.these men are forced to live lives worse than death.even their own parents disown them.only  a case of grievous injury caused by  weapon is registered against offender #chappak",1,Normal
 sharam ani tujhe . khan se nahin dar tu na dar par allah ki pakar se dar. bughz e khan mein itne onche bol mat bol. aj tu teri maa b pareshan hogi jisne tujh jaise beta peda kia,0,Abusive/Offensive
😂😂😂 phir ab apke pass kia?,1,Normal
 khair choro yeh toh roz ki baat hai🥀,1,Normal
#zeenahindarega dallali se,1,Normal
 lagta hsi man chaha job nae de rahy bhai ko😜😜😜,1,Normal
 bhai kya aap aurat march say agree hain??,1,Normal
tere me kis cheez ka attitude hy bai? looks can only get u this far. personality tatti hy.,0,Abusive/Offensive
hira ji aap ka charecter bahut jaandar thha geo walon ke tou osaan hi khataa ho gaye hain,1,Normal
 khushi ki baat ha but implement kabhi nhi hoga sara kaam hi astaghfirullah sood par ho raha ha😥,1,Normal
 bohat axhi ghazal hai ye❤️❤️❤️,1,Normal
arey toh dahian tu kar le call dekh uthate hai kya bb wale😆 yaha bas bhaunk ti rehti hai🤷🏻‍♂️ ek chamach dahi k liyeek tweet😆,0,Abusive/Offensive
hum itne saalo se dukhi the tab inko hindu ki chinta nhi hui . hume humara haq kya milna chalu hua inhone toh randi rona chalu kr diya,0,Abusive/Offensive
 bhai g wo 100 rupiya sadka nikla ha.... kbhi ap ne sadka diya tw hoga nhi na 😂,1,Normal
#stopauratbarbadimarch aurat ghr k andr hi achi lgti he yu sarkon par nikalna kisi bhi aurat ki izzat par daag lga skta he,3,Sexism
kutiya bhaunk bhaunk ke bhadkane ki koshish kar rahi hai aur riots ho gaye to is baar yogiji ki atrocities against minorities par book likhegi-u.p files🤣🤣🤣🤣,0,Abusive/Offensive
try okat nahi h modi ji se sabal karne ki....jitni okat hai utna bol bus....tu bc bus bhok skta hai or tweet kar skta hai agar himmat hai to #caa ko rok k dikhana.....bahut mar paregi agar samne aaya to,0,Abusive/Offensive
"sabah ahmedi and mansoor clarke, imams of the ahmadiyya muslim community, leave first flower and pray to mourn the victims at london bridge",1,Normal
kbi b nai ay ga vo bcz phr phr yahodi naraz ho jain gy us sy,1,Normal
ronaldo hits 200 million follower on instagram  itne tou awam k ludo star pe coins nahi hoty 😒,1,Normal
 ap ko bra pata ha😂,1,Normal
chutiye ja pta krle pahle fir bhaunk.,0,Abusive/Offensive
aap bahut galat baat kar rahi ho sabse pahle insaniyat ko dekho ek aurat ko aap ek bhains ke sath mozina name kar rahi ho aapko aisa nahin karna chahie kyunki vah aurat jata hai aur hamari maan bhi hai hamari beti bhi hain hamari bahan bhi hai,1,Normal
 maguire lindelof shaw matic martial!! all of them started. this is your first team lol also check liverpool's lineup against shrewsbury. first team ka sirf fabinho hai. uss ne bhi weekend pe 20 mins khela tha sirf.,1,Normal
2 type of friends :  zaalim friends: message dekh kar ignore kar dete hein.  reham dil friends: notification sa message parh k ignore kar dete hai.,1,Normal
peanuts are the tastiest and cheapest dryfruits thank the lord for it. salted pistachios and badam the second. then akhrot. kaju sucks. maybe i've never had 'real chalghozay' but from my experience they are kinda avg in taste.,1,Normal
     sala jb m hashtag use krta hu hmesha vo trending dikhayga jo left or communal log chlate h. bhnchod phle special dekhna pdta h mujhe fir tweet krna pdta h #twiter #restoreaccount_jbmis,4,Profane/Untargeted
tu bhi mare gi saali,0,Abusive/Offensive
saqib nisar yaad to bohat aya hoga kal? ,1,Normal
  cynthia tum bhi veena malik aur amir liaquat ka mixture nikli🙄,0,Abusive/Offensive
o bhootniii keeee ye hindu e aesi tesi krwa rhy hn kashmir mn. hindu e america ke sath afghanistan mn hn hindu e apny hindustan mn sub ki band bja rhy hn or tum logon ki phat rhi hai ab bc,2,Religious Hate
but we have a firm belief now that qadiyani and ahmedi neither want muslims nor pakistanis to live in a harmony,2,Religious Hate
  obviously main ny badla kiya hai..😌,1,Normal
imran chore zakat khore yahodi destroyed pakistan and business of pakistan nation. master of barking do nothing like this imran pagal khan. mental case imran chore zakat khore,0,Abusive/Offensive
man krta h tv screen m ghus k us akhrot jaisi shakal k lukkhe or uski sasti sadak chap grlfrn k 2-2 lagau.,0,Abusive/Offensive
deepika padukone ka to pata nahi lekin tu to ek number ki randi ki tarah behave kar rahi h aajakl,3,Sexism
imran khan yahodi agent nahi rah🤨,1,Normal
tum jaise bharwe jo hote hai na apne ap ko hero banane ke chkkar mai yaha bhokte hai..  ajr sala real life mai dekho tum log hi hote ho aise ladke jo ladkio ko gande nazar se dekhte hai..  chal nikal..  bhosdika,0,Abusive/Offensive
 acha joke tha or suna na aise joke lekin pehle teeka lagwa lena,1,Normal
fasla islie rakha mn ny  wo qareeb tha har kisi k,1,Normal
"rt :  rameez, the incident took place in rotterdam in october. not yahodi kay karnamy.",1,Normal
bro apke pottery all  ache ha,1,Normal
 awaz dy aap..hum tyar ha✋✋,1,Normal
 ni me phly ja chuka tum yhin rho 😔,1,Normal
 wo to me hn hi😌,1,Normal
tum larty thora ho bhenchodo,0,Abusive/Offensive
teri maa chod di kya isne,0,Abusive/Offensive
"chandrachud ki sahi li jaa rahi hai, lekin ye bhenchod nazeer ko free pass  kaise mil raha hai?",4,Profane/Untargeted
 ohhh bhai hai yai sach mahngai apne arooj per hai.... bilawaja check bill's of electricity gas every dear,1,Normal
sharam karo anupam kabhi rozi roti job ki baat par b baat karo desh ko barbad aap jaise bhakto ne kiya hua h kuch fayde b geenwao ya ye bc batie sirf,4,Profane/Untargeted
gashti or randi mai kya fark hota hai?,1,Normal
 na andha na bahra pyar chalak hota ha 🎶,1,Normal
 mashallah stay blessed 😇❤🔥,1,Normal
   uske pas air gun thi,1,Normal
jee ammi wapsi pe dahi leta hua aon ga. 😂,1,Normal
15 tak tu main bhi theek thaa  yeh aa gay kyun calculation hain ?,1,Normal
"dear imran khan  aap gadhe the  ho aur ange bhi rahoge  allah thala ke karm se  apna randi rona chalu rakhko , 😜😝😜😝😜",2,Religious Hate
"ishq je saukhaa hundaa bahu sab aashiq ban baihnde hoo.  ""love is not child’s play o bahu! if it were everyone would have become a lover of god.""  ~ bahu.❤",1,Normal
 aapny aurat ka case mazeed kharab kardia ha i am sorry,1,Normal
bhen bhe chod donga baad main😂🤣,0,Abusive/Offensive
me: menay baat nahi karni mein naraz hoon friend: okay  me  when she not replying  me:😂😂chalo mein raazi hogai dekh lo bas itna sa naraz hoti hoon mujh say nahi raha jata na aunko fark parta,1,Normal
"aurat bhatak sakri hy kbi “maa” ni bhatakti .  ye line hmy btati hy ky islam ny nikah ko kitna khubsurat rishta bnaya hy , jismy aurat phly sy ziada mazboot hojati , mukammal hojati hy . ♥️  #alif",1,Normal
gujjar bc sharaaam kar ab tweet dell kar day bc pata tumn apna b nahi aur tanqeed kay liye aa jaty hain ghuttia,0,Abusive/Offensive
 nahi ignore krun gi😂,1,Normal
apne behnoi ko aisa nahi kehtey. teri maa da yaa niazi moodi k jeetney ki dua maang raha tha bharwe !!! 😅😅😅😅,0,Abusive/Offensive
pyar me na pd jae islie bhi kabhi kabhi ignore karna padta hai,1,Normal
same with ahmaddiya. they segregate male and raaje there and rich and poor.,1,Normal
hahaha hr jga khud ko celebrity banana aap ...  chlo btaen road bnvaya k ni khan ne layyah ka ?,1,Normal
 ap hi search kar do,1,Normal
bhot acha  allaha na aap ko tofeeq di hai to khul k asy logon ki help karain allaha aap ko aur nawazy gaa,1,Normal
"jalse mie nai tha, taqreeb mie tha. ar udher selected bharwe ne apni bakwas control mie rakhi.",0,Abusive/Offensive
bare pyaare abu hain apke... mashaallah,1,Normal
 ni chahy ab 😭😭😭,1,Normal
thora sasty me dekhaya ja rha hai1🥺,1,Normal
unho ne phr b ye e kehna apki shadi pe.😂😂😂. is liye na e puchen apto.😝🙊,1,Normal
randi chali kothe par thumka lagane...😂😂😂,3,Sexism
 mujhy kiya pata ab..🤣🤣,1,Normal
 ye facebook waly b mily howy hn daikho facebook location main kartarpur ko endia main show kr rahy hn main ny report ki hy ap sab bhi report karain ,1,Normal
haan re madar chod .. tum bulao to wo na aaen bhosdike.. chutiye ho na to chutiye hi aayenge .. maadarchod..,0,Abusive/Offensive
or be bat sun be ooo choot ke muu wale agar tumse darr kar use chora hota to abhi tak us indian bandar kubhoshan ko q nai choro gand tak to marwali puri dunya me india ne lekin hum ne na chora bharwe to aoo na charo tarf se .charo taraf se choodenge pakistani foji .indian dalle,0,Abusive/Offensive
  insha allah ap jung jeet jaen gy .bahot fb jaldi mir ke sath hell main hon gy,1,Normal
 oo bhosdike   galat afwahe mat faila mujhe pata hai tu it cell se hai,0,Abusive/Offensive
  hamara new catalog anaa walaa h 13 march tak discount ma milaa gyaa,1,Normal
bhaunk le beta bhaunk le tera bhi time aayega. jab amit shah pichhware me danda dalega.,0,Abusive/Offensive
 net wo zong k,1,Normal
chehry par tanz mat kia karo allah ny tumhara chehra khud bnaya hy.❤ hazrat mohammad ( s.a.w),1,Normal
"riyasate madina took many years to construct.jews,infidels,muslims all woven into one.ik facing full time assault by ppl calling him yahoodi agent,qadiyani,blasphamer and these guys taunting him for being ineffective never call out his opponents for hypocrisy",1,Normal
 nahi mere illwa 🙂,1,Normal
sara cover hogya na is mein 😜,1,Normal
hahahah saalay ko dhakka de dya tha achay say. dont you worry. 😛,0,Abusive/Offensive
 pta nahi is bry me mujhy.. dekhny wlai ankh py dipnd hota hai.. wo wesa he dekhta hai yan nzren bdl k..,1,Normal
tum namaaz ke liye waqt nikalo  allah tumhari zindagi se bura waqt nikale ga❤️,1,Normal
criminal kutta   namarad salmankhan hijra ki aulad,3,Sexism
please mat jao...wrna bura wakat a jae ga😀,1,Normal
 ye rhetorical kya hota hai . mujhay to itna b nai pata . haeyyyyyyyy life wasted.,1,Normal
ooo ya tum kr kya rhy ho,1,Normal
 me tu kisi ko bewafa nahi keh rahi lekin according to drama danish ne kha tha mard mashoor hai bewafai ke liye,1,Normal
aur is ladki ko bolo mera land khaye bhenchod sali randi ki aulad,3,Sexism
"mariam gashti nawaz, qatari shehzado ki kanjari",3,Sexism
menuu bandr bana ditta 😒😒,1,Normal
rt : bahria central park karachi forms sold out in two days. abhi tax maango bhenchodo ka rona shru hojayega,4,Profane/Untargeted
decided...  kisi celeb sy frndshp ni krni apun newbies sy frndshp kry gi bs 😌 where are u newbies.. 😍,1,Normal
gand phatt kr hanth main agayi is bharwe ki,0,Abusive/Offensive
 dil kisi se tab lagana jab dilo ko parhan seekh lo har ik cheray ki fitrat me wafadari nahi huti,1,Normal
"bv be like ""abay saalay""",4,Profane/Untargeted
 nafrat nai mohabbat zaroor ho jayegi poetry se 😂😃,1,Normal
harami dabbo k ander parre hain 😂😂,2,Religious Hate
shuker hain youthai hain chu.... nahin. dusra ap k bhagore na kon sa koi ghairat ka koi kaam kia hai? benazir ki shalwaren utarne ki baten kerta tha baad main ameer ul momineen banne ki chah char gei thi us ganje shaitan ko. yahoodi k sath business bhi ap k leader ne he kiay hain,2,Religious Hate
jis tarha se shadab batting kr rha hay agr yehi passion barqarar rakha to pakistan team me kafii arsy se jo proper power hitting batsman's ki kami jaa rhi thi wo shadab khan ki surat me puri ho jaye gi jo k bhot khush annd hay very well done   #psl5  #shadabkhan,1,Normal
agr ap chahtay hn k log ap ko acha kahean to apna naam acha rakh lean or koi tareeqa nai h,1,Normal
  o larky zaida hassi ni aa rhe tujhy ? teri maa ko na de dun ?or sath is k or bhi kuch de sun to wo zaida khush ho jaegi,0,Abusive/Offensive
 aisa nahi ho paye ga.,1,Normal
abe halala ki paidaish..  tumhara to wajood hi 800 years purana hai..  jab bhagwan ram ko kagaj dikhane ki jarurat par gayi to tum kaun ho.. kagaj to dikhana hi parega.. #nrc_caa_npr,2,Religious Hate
 chwlan na maro,1,Normal
akhrot maghz,0,Abusive/Offensive
abe bhosdike halala ki paidaish sale randi ki aaulad teri himmat kesi huyi ye bolne ki sale tu apni ulti ginti suru kr abðÿ’©ðÿ’©,2,Religious Hate
   wo mehngy hoty kbhi kro to pata chly na😂,1,Normal
apna maal bechnay kay kabhi kabar mirasi bhi banna parta hai. 😂😂😂,0,Abusive/Offensive
  fyp me b kuj asa hi scene hota,1,Normal
haraam khoro phely apnay leaderon ko dekho sab randdi khanay ki pedawaar hen,0,Abusive/Offensive
rt :   mard sath na de to kr legi peda?,1,Normal
mr. salman khan if you will defend him this wkw then buhat bara hijra hai tu,3,Sexism
 achaww ab aap bhi aese kahain gee🙂💔,1,Normal
chutiya he b tuu. bhen chod.,0,Abusive/Offensive
where are you    ?? sharam nhi ati ya guts hi nhi hain ?? phattu saale. #jnuvioence  #jnuattacks,0,Abusive/Offensive
beech mein teri maa ka pahla yaar.😂😂😂,0,Abusive/Offensive
yesterday somebody in pakistan have filed litigation in supreme court claiming that general bazwa is ahmadiya and higher positions are not for non muslims like ahmadiya,1,Normal
harami lifafon ko apni auqat yad dilai ha hor das hor koi hukam,2,Religious Hate
o rundi ghashti hai jo 2 2 lun ak sat andar leti hai aur poren star hai aski maa hera mundi ki paydwar hai mean tawaif hai aska pura handan ghashtio ki paydwar hai hud to  lunchos k nam say jani jati hai,3,Sexism
rt : *me in market with my mom* bestfriend: hor bhenchod kidda,4,Profane/Untargeted
ap ko aise logic dy kr apni maa bahn ak krany ka zeyda shoq hii ya chasky lyta ho rundi waly,0,Abusive/Offensive
theek hai aap america mein hote hamen batane ki zarurat nahin hai lekin tweet kiya karen kuch,1,Normal
hmm yar aur upar se hamara dumala garmi niklne nahi deta na,1,Normal
ye damsa aa kar khatam bhi ho gaya aur mujhey patta bhi nahi laga :/,1,Normal
   main ny tumhain gussa toh nhi kiya..main ny kaha k main ab tumhain kiya kahun jab meri apni dost ny esay kiya..😭😭,1,Normal
ye charsi hai 😂😂,0,Abusive/Offensive
ye mohabbat aur cheez hai abby bc ye ashqi aur cheez hai. phly in mein dono ka difference dekh le bc,0,Abusive/Offensive
"gau mutr peeyo tum log lodu awkat bna phir aake muh lag, randwa saala",2,Religious Hate
bhen chod jinda kya hota hai?,4,Profane/Untargeted
mukamal do hi dano pr tasbeh muhabat hoti ha  jo aye tisra dana ye tasbih toot jati ha,1,Normal
  bata ab aurat ke naam ke kalakh,3,Sexism
"no dude. this is twitter. you don't get bios written in french here. instead, you get madarchod, bhenchod  here in bios.",4,Profane/Untargeted
rt : 2 din randi rona krna hai ab,0,Abusive/Offensive
 aur jo sajji dikha k khabbi mari?,1,Normal
chalo dekh len gey in sha allah,1,Normal
  neki kar dariya me daal..!!!  terko pyare pyare gol matol gorey gorey bacchey hongey bhai..!!!,1,Normal
" q nai sir, aap bismillah karain. insha allah hum aap k sath hon gey.",1,Normal
"when my husband was a kid, he went to his ahmedi teacher’s wedding, when he came back his father punished him for eating food from kafir’s place. i am glad that didn’t change his views.",1,Normal
 g ni g ni g ni g ni,1,Normal
wah mashallah stay blessed..khana hy ga 😂😆🙈,1,Normal
   nai nai nai bilkul bhi nai matlab tum ho kon jiski my ny tension leni hy wo to aesy hi my msgs kar rahi thi ky meryum sahiba wapes a jain,1,Normal
jahil k bachy kahan likha h k gair mazhb sy nikaah jaiz ha... tmari gand me jo keera ha wo nhi merna... khoty khany waly... yahoodi kahan sy hogaey ahle kitaab ....tm.b yahoodi to nhi,2,Religious Hate
but sorry hm kuch nahii bolein gy hmari economy ka msla h 😡 ,1,Normal
 sab kuch bta doun? best friend bana loun???😌,1,Normal
 flu ki tarah hai virus you won't have to do anything.,1,Normal
israel yahoodi sabse bade atankwaadi hai,2,Religious Hate
dhaniya ke king ham hain jaisa ham kahenge vaise hi duniya karegi chaliye ye india ki jo media hai jo india ke anchor hai unko bahar se funding hoti hai usse funding yahoodi karte hain aur india ki help yahoo hi karte hain aur usse char guna jyada hamen chahie,1,Normal
bakwas band kr chutiye o i mean youthie. niazi harmai ko uski ukaat yaad dilana rayasat as takrana nhi ha. ye chooran bechna band kro. sub muhabe watan ha. niazi ab apni performance dikhe. boot chat k vote na mange.,2,Religious Hate
  ab stage pe nachne wali or jism ki numaish krne wali islam ka sabq den gi,2,Religious Hate
"if you have harami, begherat and lanti friends like this. trust me you have everything. ❤😂✌ #ehdewafa",2,Religious Hate
yeh major gurav aur modi endia main toilet na hone ki wajah se hi to paida hoay hain werna jo naik maa aur aur aik baap ka ho woh na zalim hota hay na beghairat,0,Abusive/Offensive
kya ho rha h bc ye,4,Profane/Untargeted
bharwe k aulad .... tum saray indian ko duniya deikh rahi hai tumhare zulam ko aur atankwad ko. soon it will end and u will be destroyed,0,Abusive/Offensive
beghairt kutti zinda hai? 😪😂,0,Abusive/Offensive
😂😂😂 apki khidmat main haazir hain😂😂,1,Normal
sharifon ki kisi bhi zamanat ka jo aitbaar krayga ahmaq hoga.,4,Profane/Untargeted
niazi yahoodi agent he,2,Religious Hate
rao jee apke peechay konsi mehwish parr gayi hai.,1,Normal
q aap don hu....😲,1,Normal
allah apke har khwahish puri kry ameen😇,1,Normal
well no offense 😂😂 marasi😊,0,Abusive/Offensive
 bs lagti nae main tu aisay keh diya tha,1,Normal
   na ja bhai abhe.  tu bhi aja....dobara chala jana. health is more important.,1,Normal
 wah wali knsi baat hai is mai,1,Normal
 pata sab ko hai but i dnt know sacha pyar dunia m naxar q ni ata 🙁,1,Normal
yahodi agent qadyani chamcha,2,Religious Hate
 yr kr rhi hon gi no doubt... par na m ne kbhi koi kiya r na e aesi kisi ko dekha ya janti so m tou yehi kahun gi r hn abu se. ab tou unho ne b chorr di hui h r wo typical abba type ni hain m ne srf try krni thi that's why krne di mjhy tb  & it's abu not my baba abbu is bare aba,1,Normal
 yani 4 diwari kra ln😐,1,Normal
ajk mein to bht km ha,1,Normal
  bhai kis chutiye se apne ne islam sikha hai jisne aap ko yeh baat batai hai. usko kaho yehi islam le kar tujhe aur apne aap ko chuli bhar paani mein doob ke marh jaye islam uski bas ki baat nahi.,2,Religious Hate
aur yeh baat sarfraz nay teri baji ko bataye ya biwi ko ya ammi ko??? kanjeri daya,0,Abusive/Offensive
firdus beghairt ki bachii,0,Abusive/Offensive
hamein or jeeny ki chahat na hoti agar tum na hoty agar tum na hoty,1,Normal
#stopisraeliterror   yahoodi mulk jisey israel ka naam diya gaya najaiz hai yahoodi sabse bada dahshatgard,2,Religious Hate
2 4 hazar dal k b video bnany ki zrort ni hy. ap ny allah ki rza k liy krny hota hy dikhawy k liy nahin.,1,Normal
"path of cruelty , path of violence, path of halala , path of tripe talaq, path of marrying 6 years old aisha,path to discipline their wives by beating them,path of hurun,path of apostasy,path of punishable apostasy, path of beheading. what a pissful religion izlam is ðÿ‘",2,Religious Hate
ma ny ap ka tweet ghor sy he parha ha ok uncle or fahad bhai ko agar anthem pasand ha to is ma burai kia ha,1,Normal
  kaaash main aisa kar pata😢,1,Normal
 ab jis ny socha hoga bn ny ka wo yh parh k plan hi cancel kr dy ga😂,1,Normal
sir g psl songs ki abtk ki history m aapka koi saani nhi aap lajawab hain apki awaz m psl songs jadu hy jo cricket ka josh jzba r wlwala ubharta hy r dill dhmaal dalny ko krta hy u r fantastic ...  should give chance to you again next 3session,1,Normal
 ab pappu hi shi pampu ka to pta nhi tha trend to krna hy na ab kis kis ko pampu samjhayeyn ge #mahirakapappuparas,1,Normal
 zrori to ni phly text py zaleel hoga bnda😒,1,Normal
rt : tu hai kaun be ?? maine invite kiya tha kya tuze jo mere tl pe aake bhaunk rahi 🙄🙄,0,Abusive/Offensive
you think women need men to feel worthy? think again bhenchod 😘😘😘😘😘,0,Abusive/Offensive
hahahaha akhrot ney ser per paon rekh ker bhag jana hi shaded allergic hi voh choty alhroton sey,1,Normal
sali is bar mil teri chudai to mi karunga last se bhi wild,3,Sexism
 gobar ka dher hai tu i bri jism fitymun te lakh di lanat tere te te tere bghrt moty bhady jism te khair jism to ni hai gobar zror hai,0,Abusive/Offensive
arre aahiste bol.... baap log sun lenge,0,Abusive/Offensive
"bhai mein aap ko batameez, bad ikhlaq , jahil , ganwaar ,ahmaq , be hooda insan bol sakta hoon magar bolna nhe chahta.",0,Abusive/Offensive
madarchod aurat ki aulaad gen soleimani wo wahid insaan tha jis nay iraq mein daesh ko defeat kia. tujh jaisi gashti ko chudwanay say fursat milay tu dunya ka pata ho.,3,Sexism
teri ma ki choot bsdk nikal laude  kutte jaisi sakal hai teri  ma chuda bsdk madarchod landoor,0,Abusive/Offensive
   pagal ho tum,0,Abusive/Offensive
toh allah kyu kehta hai jo islam ko nahi maanta woh kaafir hai..usse maar/bhagaa do?,1,Normal
bhenchod sb din tu rndi rona krta rh jayega beta....tere jaise..bhrbe bhut aye bgut gye beta...koi.shi.likha h..jinka.tu.burai ya.apna...achai krte unke house ka look ..looks..like..suprb..jo.baith.hr.bat pe.nuska.beta.apna.ghr.dekh.dena..mc...kbhi.fact pe.bhi.bola.kro,0,Abusive/Offensive
suar ki nasal ho tum,0,Abusive/Offensive
surround yourself with healthy minded people .,1,Normal
#boycottchhapaak deepika randi hai,3,Sexism
mam kindly do tell me in multan where orat march is being organised as i want to participate in a march,1,Normal
mulk ko bachana hy pani  kheton tak ponchana hy.,1,Normal
relation main password daina lazmi.hota ....?,1,Normal
  apny bhai ko kb khila rahi ho bs ye btao,1,Normal
bhenchod ye ff walo se pareshaan ho gaya  hu tl puri bhar dete h sale,0,Abusive/Offensive
 main mar gya hun..kuch din pehly depressed soul sy name change kia hy,1,Normal
kya be hijra taking help of congress?? u r rahul gandhi of shivsena shameonyou,3,Sexism
wo wala chakar nahi socha tha dost real hoon gy but wo bohat bary bc hain😂😂,0,Abusive/Offensive
hahah itnay gheratmand nahi unko bhi pata hai pm sada charsi hai,0,Abusive/Offensive
 yahan hum thand se maray ja rahain hai,1,Normal
main ap k hath ni doon ga naaw😂😂,1,Normal
rt : sala aik nawaz shareef pori judiciary ko hijra bana gaya...  #nbc #justiceforsaleinpakistan,3,Sexism
i am thinking that ghafooria would conduct a coup to become military chief.  bajwa the secret ahmadiya would be excecuted.,1,Normal
larti hai saali 😤,0,Abusive/Offensive
"we should start within our home pakistan first.everyone know ahmedis are nonmuslims.all non muslims like hindus, christians and ahmedis should be given freedom to practice their i am also against burning of ahmedi temples.",1,Normal
rt : watson bhi soch mein par gaya hai bc ye kidhar se fast bowlers nikaal rahe hain.,4,Profane/Untargeted
yeh hamara bharat hai tere baap ka nahi...,0,Abusive/Offensive
abay saalay malboro nahi pee rahe light double o hai ye 🙄,0,Abusive/Offensive
  tere pas bht hain 🌚💔,1,Normal
 ghor sy ni na prha ad ap ny 🤦,1,Normal
inke maa ka sale chutiye hai kya ye dekho bhenchod #nidhiagarwalchutmariki,0,Abusive/Offensive
 tujhe zillat hi milni bs kamini aurat,0,Abusive/Offensive
shamo a rae ha mujy 🙈🙈 koi meri maa ko bi dikha de ye tweet plzzz,1,Normal
hm b kia yad karyn gy k hamary area ka cm of punjab laga tha aur hamary area k road aisy hain k patient diseases  ki wajah sy ni jumps ki wajah sy marr jata hai..tibbi taunsa road #usmanbuzdar,1,Normal
"#ڈpak army celebrates india's dream with dust on february 27 !!!   imran khan also unveiled india's terror in the un on september 27 and on october 27, indian yahodi agent maulan diesalhumiliated.",2,Religious Hate
"pm khan being called yahodi agent by other politicians ""this nation kept mocking his wife ""he has been forced to send his first wife along with his kids out of pakistan, he's one being mocked by all other politicians but thats okay right? stop making stupid things a big issues",1,Normal
baap ke ghutno me acha lag rha hoga xd,1,Normal
madam ham ik ba kirdaar k sath muslim country hain ham iran ka defend q nahe karte? ham america jo yahodi mulk ha ham uska sath q de rahe hai...,1,Normal
bc poora gaana bhi nahein chala rahe.,4,Profane/Untargeted
ab tou aese mat bolllll 😂😂 ,1,Normal
apny bury khuabon per sadka deny lag jaon tou sari pay sadka deny me hi lag jay,1,Normal
bc hum ne ye mehndiyon pe chalane k liye rakhe hain?? #modi,4,Profane/Untargeted
na mne aurat k nange pann ki support kiya hai or na mard k khule aam sandh ki trah ghoomne ko! dono chezein galat hain ainda bina sari bat sune mou kholne se pehle 2 bar sochiyega. shukriya.,1,Normal
it's one shameless govt that only knows how to lie. sahiwal qasur sindh conversions ahmedi persecution anti jewish rants by state ministers the whole set up of the shoddy govt deserves one huge slap on their ugly and dirty lying faces,1,Normal
maa behn aik hogi hai,4,Profane/Untargeted
    ni smjhana me ne khd smjho,1,Normal
 ap ko to lagaya ta khan ny pir kiya nazar aya ta us waqat,1,Normal
professional protestors of jamia+jnu perpetually at police hq! aur koi kaam nahi. 🙄 ,1,Normal
hahahaha rundi baaz aa,0,Abusive/Offensive
 yeah sub woh ho bhi nhi sakta tum ho gay..or sajal ki or uski shadi hai feb main..😭😭,1,Normal
 12 am ma bas 15 mint reh gy hain pgl or abi sab soy hain suba uty gy to faida uta sake gy sab offer ka kisi k dil ma armaan na reh jay kahin rat jaldi sony ka🤣🤣,1,Normal
"i have analysed sufism - at the level of fundamentals, history and behaviour: 1. sufism is tariq'a, is always subordinate to shari'a; 2. a sufi peer is prohibited to give anything to a kaafir, except the gift of deen. foolish to go to a dargah 3. sufis carried out great massacres",1,Normal
"lahore ka scene bnaon ga kisi 1,2 matches ka btaon ga",1,Normal
not even a single soul.  i repeat  not a single person.   ju ja rha hai.. darwaza band kar k jaye..! . ,1,Normal
ka jri ur rundi ka bacha tuje paida jerne waali ka phudaaa,0,Abusive/Offensive
 to kia wo apni social life ko tbah krde? fazol tweet ki ha apne kaam pe ghour kro,1,Normal
kia apky namak ma toothpaste ha -;,1,Normal
tum ny bhi dekh hi li akhir..😂😂,1,Normal
 bilkol nai hon.. bush apko pata nai kyu lagta hon💔,1,Normal
 hahaha sb smjh rhay hon gy k kisi ko tou aya hoga msg 😂🙊,1,Normal
"   jab tak yeh apni beti ko roads pe mera jism meri marzi kehta na suny, allah kary us waqt tak isy maut b na aye..",2,Religious Hate
  awww 😐 ye hamare lye nhe tha 😕,1,Normal
chutiya hai bhenchod ye. zindagi mein yain machaya hua hai.,0,Abusive/Offensive
"meri maa chod gya aasaram, fir teri ammi ka halala mai ne kiya halahal",2,Religious Hate
mere pas tum ho ny to puray saal ka rula dia bhenchod,4,Profane/Untargeted
dekh bharwe madarchod,0,Abusive/Offensive
 kiya ap apni sister ko raat ko akely bahir jany dein gy? akely kahi out of city? nahi na kiun? kiun k halat nahi theek. or ek aurat to ye sub kar nahi sakty obviously ap mard k dar se he roky gy na????,1,Normal
#article6forptmleadership  sab ptm walo ko sar e aam goli meri jai,0,Abusive/Offensive
pindu pagal ho gya hai hum nai sary records ford diay pher bhi apny mai hi hai charsi 😂😂,0,Abusive/Offensive
"khana banana aata hai? asked the mother of the potential groom  ""nahi par banana ek baar mai khana aata hai"" she winked looking at the guy  her wordplay and his foreplay made them for forever 😂",1,Normal
tumhari maa ka bhosra khinzeer ki nasal,0,Abusive/Offensive
aby gandoo aqal ni ha kia yahoodi khi ky .. bharwaay,2,Religious Hate
fit aap bataein,1,Normal
aap hmesha itni sad q rehti hain ?,1,Normal
   apka account hi ni show hota open hi ni ho raha,1,Normal
"lolz, whatsapp se bahar nikal akhrot and have pork chops in dubai",0,Abusive/Offensive
    ary asy sab k samny ni smjhaty smjh jaty hen khd hi,1,Normal
medical report mai rape show hote hi rapist ko saja de deni chaiye kyo saalo tak un bichare maa baap ko ehsaah dilate rehte hai ki unki betiyan kis dard se gujari hai #justiceforpriyankareddy #justiceforroja #balatkari_mohammed_nikala  ,1,Normal
bhenchod or idhr tmhari mann py lecture deta wo. ju us ny kia dekha sekha woe btana tha.,0,Abusive/Offensive
 kar liya..😂,1,Normal
  yeah toh mujhy pata hai koi nai baat karo..😂😂,1,Normal
mn bhi jaon ga..😯😏😁,1,Normal
hahaha ye aap ne khud ko dm kia naa 😂,1,Normal
unadkat ke 8 akhrot to bhool hi gaye log,1,Normal
rt : rt if u ever played any of these 90’s games.  bandar qilla yassu panju waanjhu kokra chapati bantay gulli danda staapoo g,1,Normal
 na chairo hamein ham sataye huy hein,1,Normal
 g ni 😑😑 bongiyan e marna tum bss,1,Normal
"i can’t ask ik, they aleady declarerd him ahamdi agent. he is of no use anymore. which one has more value? ik has to pick between yahoodi agent or ahmadi agent!!!! 😂😂😂😂😂",1,Normal
mery liye b koi kr dy aisi tweet😭😭😭 ,1,Normal
 jahil insan ye sharab nahy🤣🤣🤣🤣🤣🤣🤣🙄🤣,0,Abusive/Offensive
where are signatures?  ye bhen chod kbhi wapis nahi aye ga ab im 100% sure,0,Abusive/Offensive
mahira khud badtameezi se baat kar ke bolti hai mere se aise baat mat karo.. kya irritating hai. #bb13,1,Normal
ab ye khabar kon phela raha hai k #maryam nam ki larkiyan chorniyan hotin hain? 🙂,0,Abusive/Offensive
sale kam se kaam smart to hu na teri taara randi ki aaulad thodi saleee tatttii😂😂chiii beee kitni gandi shakal h teri isee achi to meri tatti hoti h,0,Abusive/Offensive
🤣😂😝😝😝 akhrot baney moongfali.,1,Normal
doub mar yahoodi kaan,2,Religious Hate
mai to aj bhi apni honda se kaam chala raha hu 😉,1,Normal
we are silent and enjoying the drama.... bhaunk to tum log rahe ho 😂😂 achha kaisa lagta hai jab tumhe ye yaad aata hai ke itna chilla to rahe par ye caa wapas nahin hoga kabhi... 🤣🤣🤣 bahut bura feel hota hoga na 😜😜,0,Abusive/Offensive
raytawati aundies and their liberal dinduist philsophy needs to take note of this. i don't even care about madern liberandu randi aundie and her dottors as they are haram even as compost,2,Religious Hate
    dhoondhty phiry gy log k kabi dc hamza shafqaat hova krta tha islamabad may👌,1,Normal
 ya allah khair tum mar kay ilawa baat nae karti ludo main maar twitter pe maar😒😒,1,Normal
irmnch program ko kb regular kia jaey ga  6 saal sy contrct ar lum sum pay 15000 jo k time py bhi ni milti,1,Normal
india ka aur hamara aaj se koi lena dena nahi. ,1,Normal
battery low ho rhy apke cell ki charge kr len😜,1,Normal
 ni mujy specially allah ki trf se blessing hy 😅,1,Normal
saale madarchodi karta hai ....randi ka aulad ...mera din kharab karke khud apni behen ke choot marta hai,0,Abusive/Offensive
kia cheez ho aap log 🤣,1,Normal
jis psl anthem main ali zafar na ho tou fittay munh uss psl anthem ka..😒 #tayyarhain #psl2020 #pslanthem  #pslv,4,Profane/Untargeted
aay haay aap jesa gareeb main b hona chahta hon  handfree kharab kar loon.?😂,1,Normal
lahore qalandars k hone se hi psl me hi ronaq hai..  #lahoreqalandar #psl5,1,Normal
" tery jesi ko to koi dekhy bhi na, sex to buht door ki bat h harami aurat",3,Sexism
persecute muslim lmao they are thriving like any other community in india. just give ahmedi their freedom then talk about muslim og anywhere else,1,Normal
bhen itna dukhh😣,1,Normal
mujhe pata hai wo mujhe sy pyar nahi krti lakin main pir bhi osy pyar krta bohat😍💕🌷,1,Normal
chl rundi k bachay khadray😂😂😂😂,0,Abusive/Offensive
he isnt worthy of a man. he is hijra,3,Sexism
haramkhor hain kuttay i inko kis ne haq diya hai janwar hain ye bs   is jesa shaitaan khanzeer tou paida he nahi hua hai,2,Religious Hate
 itna me chaho tujhe koi ksii ko na chahe 😂,1,Normal
"here's my twitter fam finally, sb dekh lein koi miss to ni hogya..",1,Normal
" hm allah pak k mohtaj hain har lmhay, mra jism meri marzi pe gai he ni, ye totally wrong h",1,Normal
 mn smja ki azadi march related h,1,Normal
mny tu kia hwa kb ka,1,Normal
asa koi ek aur drama buna chaye,1,Normal
"awaam ko ungli,naika,tractor trolly,pait phaar kay..ikki bivi yahoodi agent,imran khan ki bivi jadugarni..coke sniffer..and offcourse asking ppl to make the talwar to kill pti and than actually killing one..haye sary bechary others..",1,Normal
14 feb ko roses ka stall laga lena acha business ha 😂😂,1,Normal
 ma nhi kisi ka supporter,1,Normal
ya mirasi hain ya molvi hain. drmyan mai kuch bhi nhe. ajeeb maashra ban gaya hai,0,Abusive/Offensive
i should've a bhenchod counter which will count the amount of times i've sad bhenchod,4,Profane/Untargeted
      benazir jatoi ka jism pure pakistan ki marzi,3,Sexism
drama main kisi ko pareshan dekh k haqiqat smjhna or haqiqat main kisi ko pareshan dekh k drama smjhna hmari qoam ka qoami khail bn gya hai.,1,Normal
 ok... main teri trah yaad nai krta gaany,1,Normal
 tere bina jeena jeena mumkin nh 😢,1,Normal
 wese hota nhi pareshan but jb hota hu to ami ky pas beth jata hu,1,Normal
 jazz is really shit network i say.  mn ne raat 3 bjy movie download ki jo 2.5 gb se bhi shayad zayada thi speed itni axhi 60 mbps de rha tha. 7 se 8 min mb download ho gai. isi network pe din ko 2 mb ki video download krne mn 3 min lga diye ab aese to nii hotaa,1,Normal
   hn asim ka fan ye kia scene bhai,1,Normal
mera bhot dil ha me is force k hisa bano lakin larki hn nh kr sakti bhai k bar bar kh rhi tm ban jao😢 i wish me larka hoti,1,Normal
yahi azeem aurtain fasaad ki jar hain khud zulm sehti hain buzdil aur jub saas bunti hain tu 10 guna barhr k zulm kr k badla laiti hain gharo aur shadi jaise anmool insitituts ko barbaad inho ne kiya hai aur ahmaq mardo ki support ne,4,Profane/Untargeted
 🖐ho funded media and journalists pe👞👞,0,Abusive/Offensive
probably a block is what they really wanted so that they could do randee roana 🙄,0,Abusive/Offensive
islam sa agay kuch nahi ha rat muhammad saw kul kahinat ka ma likee hain,1,Normal
proved his own son is a hijra,3,Sexism
bharwe ki halat dekhe.,0,Abusive/Offensive
delhi police k pass sabka jawab hain tera bhi charsi or is launde ka bhi.,0,Abusive/Offensive
haan theek hai bhenchod phool khil gaye lekin i love you nahi bola,4,Profane/Untargeted
   dani koi jaga hai meri bisti na krrwi ho 😑😑😑,1,Normal
teri ma ki chut randi k km bol,3,Sexism
ye randiyo k sath koi bhi beth skta h yh aam bat nhi h.,0,Abusive/Offensive
"matlab pakistani yahoodi jaisay hein aur owaisi aur uss ka perukaar tauheed parasat hein,   sadkay jaoun tumhari soch k :)",1,Normal
aby saalay😂😂😂,0,Abusive/Offensive
 han to jab bataya hay to lagna e tha pata,1,Normal
yeh reach na aany ka neteeja hai bas yaar😭😂😂,1,Normal
bhen k lund ye vahi hai jisne tere jso ki ammi chod rkhi hai...sale itna marunga gharwale lene se bhi inkar krdege..sale halala ki paidais...yogi ki baat kaha kri mne...sale ghar me baith k jyada hosiyari dikhara hai..bahar nikal teri ammi na chod di..gandu,0,Abusive/Offensive
 koi baat nhi..ap meri tweet pay bhi ziyada dhiyan na dain..😒,1,Normal
  15 15  fake id chlane wala aise hi sab pe copy paste krta hai.🤣 yeh b nhi dekhta k ldki ki id se ldkion vale comment kiye jate hai..🤣,1,Normal
army say phatti tu ik ko bola bhen chod mulla,0,Abusive/Offensive
marny say pehly banda aise he sochta ha sakoon ma reh bayta abhe kisi din tumhari dorm ma a jana ha zombie na 😂😂,1,Normal
get lost you kaafir.,2,Religious Hate
 meri to apnay kuch doston say debate hoi is baray main hai dosti khatam to nahi hoi  disagreement say to kisi ko problem nahi hona chaiye aur jo banda sirf difference of opinion ki wajah say dosti tor day uski to kiya hi bat hai 👏,1,Normal
bharwe aa gye hai sarkar me,0,Abusive/Offensive
"kitna bhaunk rahe ho, nas fat jayega.",0,Abusive/Offensive
 han ho gaya galti say..🤐,1,Normal
ab ye cut lulli waale bhi kitna mza denge humko to chod nhi paate aur khwaab dekh rhe hain gaand se akhrott todne ka,0,Abusive/Offensive
mam  g aap b u trun boht l lti h,1,Normal
 young kon hai yaha py,1,Normal
ya allah khair.😂😂😂...bajii on fire now.😝😝 lgta zyda e dil pe ly lee ha bat😂😂,1,Normal
   kuch seekho ap log b insy 😅,1,Normal
kya ab dish py ptv sports dekh sakhy gy. ..kya method ho ga?,1,Normal
tu ek number ka hijra hai aftab tera baap terrorist hai aur tu security guard ka naukari karta hai isiliye do rupaye ke liye twitter per aaya hai yah sach accept karle kyon jhooth bolata hai ki tere pass indian visa hai so kar jahid jihadi tourist,3,Sexism
dil sambhal ja zara bhenchod!,0,Abusive/Offensive
 name bhi mention kr dena tha jis ko bola 😄😄,1,Normal
rt :   beghairt word will mind it calling her beghairt 😂,4,Profane/Untargeted
aap b to baz ni aty janab had ha pane pm package ka mazaq uraya wo b so called showbiz celebrities k sath mil kr,1,Normal
bro yeh jo mere pass tum ho drama tha jitna awam nay is pay tamsha aur rola machaya hai rona dhona it didn't deserve ,1,Normal
 court will never summon ptm worker and leaders jin k narry pori qoum ki feelings ko hurt karty hain when they say abuse our state and army,1,Normal
bahoot gatya insan ho beghairt,0,Abusive/Offensive
 sir next konse tv pe ??,1,Normal
lanti yahoodi khan or yahodiye like youthiye lakh di lanat in ki shaklon pr,2,Religious Hate
g bilkul laanat ho aesi kartuton par..!! this is clear violation of military sops. budhhay ko sharam karni chahiye thori si..!,0,Abusive/Offensive
tu pakistan aa pher kartay hain.  😂🤣😂🤣😂🤣  apni soni gashti bevi ko lay aana.,0,Abusive/Offensive
apni trah charsi samjha hua hai 🙄,0,Abusive/Offensive
 tu to rhene de bas,1,Normal
ye bhenchod crush ki story dekhne ke time mera net slow kyun ho jata heiiiii,4,Profane/Untargeted
"shame on you and your lies about youth ,idiot ,yahoodi ....",2,Religious Hate
halala and its implications are debatable sir,1,Normal
we are done bro kuch nhi bn skta apna hairat hai mujhe ek randi ny puray mulk ko nacha diya hai😶 #hareemshah,3,Sexism
bharway gando kartarpur pakistan mai hai agar imran khan is ko nahi kholta tau tera baap teri maa ka yaar modi kaisay khol skta tha iss ko. bharway tere ami k ander modi ka sperm hai isi liay tuje nazar nahi a raha k kartarpur is in pakistan.,0,Abusive/Offensive
bala sahab nein aapko hijra bola hai,3,Sexism
be ye handsome h akhrot si shakal ka 😂😂,0,Abusive/Offensive
chutiya orat sirf 2 nahi orr bhi log hai teri misaal randi ki hai teri to mai marunga magar orron ko bhi tym dunga,3,Sexism
 degree kis kam ki...humary pas koi nokarya nahi hai..hasi khushi ki zindagi sirf khahanyo mein hotii hai..tabdeeli😄😄😄,1,Normal
 apki commentary program se b zyada intrusting hai... 😂😂,1,Normal
bharwe hai saale do taake ke,0,Abusive/Offensive
tum sirf khisrey our hadsati chairman ho bharwe,0,Abusive/Offensive
tum ache banke tow dekho .... duniya kese hrami ban jaati hai .!!!,1,Normal
repair khusray ko koi bataye ka is ka bap mian saanp b ek boot walay ki paidawar ha or jiski tareef kar rahe ha wo kanjar jis party sa ha wo b boot wali sarkar ki paidawar ha..madarchodo pahle tarekh parh lea karo phir bhonka karo...ja bibi fridge ki dukan ha wo chala,3,Sexism
tb e ma apny 3 card use kro ga,1,Normal
i thought bcv was when fobs tryna type bhenchod,4,Profane/Untargeted
haha wo phr bhi bdal jai ga 😉😅,1,Normal
yahodi agento ka qabza ma hy,2,Religious Hate
"jee lekin wo paisey nhi phaink rahay, inko properly utilize ker rehey he corona se fight ke liey. agay aap ki merzi sis.",1,Normal
iske baad yehi log modi ji ko galiyan denge sarkar ki burai  karenge,1,Normal
randiyan brave hoti hain ??? isko pta hai meny sar e aam izat bech di hai ab nangi nachon ya kch bhi krn izat tw h nh tw jo jee m aye wo kia jaye,3,Sexism
i can confirm k ye indians kanjari k bachon ko koi aur kaam nahi hai. bhain k chud,0,Abusive/Offensive
chup kar randi ki bachy angreez ki nayaz olaad tu mat bhaag mai yehi hu madarchod apnay bhai ko bol k becha mai na ae,3,Sexism
rt : kitni pyari lag rahi ho aap suru aunty 😍😍😍,1,Normal
"ammi: i'm coming to doha to make sure you eat healthy and exercise. me: uhhh also ammi : arrives with degh ki biryani, akhrot ka halwa, bihari kebab, malai boti, sheermal",1,Normal
aur agr kisi din na parh saka fajar ki namaz to yeh larki is mard per haram ho jaye gi?,1,Normal
chudwa liya maiya.. paar le jo paarna hai charsi.. madarchod,0,Abusive/Offensive
fasad level mein ny dekhna yahodi bachiyo ka takay koi reason ho enke tangein uthane ka😂😉,2,Religious Hate
wo beghairt montshr minded aada paghal bazum khud danshwr actually hramkhor hramkar zameer frosh tc expert black mailer money maker joker🤡💰👺,0,Abusive/Offensive
i don't like u bc i don't know u,1,Normal
 sach karwa hota,1,Normal
ashraf ghani ki hukumat kisi b waqat khatam ho sakti hai. trumpt direct mulabaradar say phon pe bat kr raha. farhanvirak sab samjhao ptm k kuttay maar moham start ho chuki hai.,0,Abusive/Offensive
arey aesa kuch ni ha kesi batein kr rhein ap,1,Normal
phoppooooooooo dekh lynnnnn,1,Normal
 jis trha mene chaha  koi chahe tu bhul jana mjhe,1,Normal
"  bhai jaan, where did musalmaan came here? i am talking about political parties?? gandhi ji ki killing se kaun se musalman ka sambandh hai maulana sahab? apna agenda ghusaane ki koshish na kijie🙏",1,Normal
sare amm tweets main bat kary gy to sab ko ptaa chaly ga naaa 😑😑🤦🤦😂,1,Normal
  comments or like wasy b mil jny h....labas tu achx ho.,0,Abusive/Offensive
asan na kaya notebook ko sa rc hehehe,1,Normal
that bhenchod one would be so true 😭,4,Profane/Untargeted
rt : ye baap- beti ki jodi hain( 18+ vale baap- beti)  #bb13 #biggboss13  #weareproudofyouasim,0,Abusive/Offensive
parhaii karny k time pe me sad kiun hojata hoon :(,1,Normal
"soch lo avi suggestions kon day ga, pictures insta size kon karay ga ratain jaag kar dukhray kon sunay ga phir aap kay??😌",1,Normal
 not fair...... sorry to say ......phir hum dunia ko theek karne chal partey hein.....,1,Normal
aj bhera accudent me yeh bacha bhera hospital me aya hy isko koi janta hy to kindly rabta kre.,1,Normal
tujhe yaad dilaana padega ki kis kis tweet pe maine teri gaand maari thi ? 😂 saala jhaantu khud hi bhaunk ke khud hi khush ho leta hai,0,Abusive/Offensive
 aap sahi bukhari uttha k parh lein. kya us main ulam e soo ka roll nahin bataya hamary nabi saww ne. sahasat ulma ka kaam tha jo inho ne choron per chor diya,0,Abusive/Offensive
farq ka or fikar ka bi aik taulaq ha..farq unhein parta ha jin ko fikr ho lekin farq ko mehsos krna thora mushkil ha pehly fikr krna sekhein 🙂 chahy khud ki hi🌼,1,Normal
tere ma ko choodne ke laye... aise jaise hindustani kutttu dogs ko hum pesab palate ha...,2,Religious Hate
bc nasal ki randi,3,Sexism
randdi hai,3,Sexism
abe half briyani bejamin ne chodh diya to kuch bhi bakega bhen ke lund unblock kar apne baap logo ko teri maa u.s tak aake chod denge .. jaake koi nigga doodhle ache se shaant kardega tujhe yahan daily daily hum logo ka lene aajata hai,0,Abusive/Offensive
   ap jealous q hota just fun,1,Normal
mtlb apke trf say ab na samjo ma,1,Normal
rt : bhenchod speed kam hogayi  namard salman khan  i want to b this trend is top in indiawide !,3,Sexism
chutiye yahi hu gand teng kar apni randi ki nasal,3,Sexism
hamid mir terey mioo mien khaaaaak indian air yahoodi agent.,2,Religious Hate
"tujhy apnay gashti pan ki qasam   zartaj ki video leak kar....,",3,Sexism
bhai to thek logo ko follow kro na randi rono walo ko nhe choice apki ha,4,Profane/Untargeted
kabhi halala kabhi kya kabhi kya tum log bus apni bahan betiyon ko nanga kar nahin jante ho unki ijjat batana nahin jante ho kya tum,1,Normal
dikhta ha dikhta ha aata ha jaata ha har koi khush ha sabko hi bhaata ha (o ji yunhi nikalta ha sooper) haan hm hain tum hain isky mazay me sab hi gum hain isky mazay me sabse aagay sabse upr peakfreans sooper peakfreans sooper ,1,Normal
tmhara bhae bara bhenchod hai,0,Abusive/Offensive
🤣🤣🤣🤣🤣 charsi kab se freedom fighter ban gaye,0,Abusive/Offensive
 many asa kaha hi nai tha tm.ny hi kha is k mtlb tmhy kasar ha,4,Profane/Untargeted
 pretty is kool but why sad? kis ne sad kiya? kyun kiya? us ki itni himaat kaisay hoi?,1,Normal
 ohh kon bhool giya,1,Normal
chokidar ka jhel pae gi saali ? jitni bakwas kar rahi hai tu.,3,Sexism
sharm aati hai bhenchod? sharm aati hai?,0,Abusive/Offensive
"yaar gill sahab aap esi baatain mat kia karo...aap ke leader ki source of income kia hai? 22 saal ki so called aiyasi struggle main kitne din jail gaya hai? charsi, zaani, or gay wo khud hai bete yahoodi hain or baatain aap karte ho bari bari....",2,Religious Hate
 ek tweet retweet karwani hai..tum ny vada kiya hai..🥺🥺,1,Normal
 idhr e ghom phir ri hu😃 group sy nikal dia ksi ny😀,1,Normal
randi retweet ka option disable kr diye....bc 😂😂,4,Profane/Untargeted
 maqsad ka pata hai to khamosh rahain mohtarma.,1,Normal
is bat prr aap khud b amal kre madam,1,Normal
tharki tu larkiyo ke ( hmmm) ka bhi reply krty ...😂😂😂,1,Normal
"someone idk tried to facetime me and i declined bc tf? then they text me ""why u dissin me"" what",4,Profane/Untargeted
 band karo ye madrasa aur bachon ko unke maan baap ke pas wapis bhaijo.,1,Normal
sarfaraz ko bitha k is rizwan kuttay k bachay ko khilaya strike tk rotate ho nhi rhi is bharwe s,0,Abusive/Offensive
me so gai thi. ,1,Normal
sary chor daku pti ka hisa or imran yahodi k sahulat kar han phir bhe khan kisi chor daku ko nai chorey ga,1,Normal
"  aray aray aray😂😂 mjhe english pe taunt marnay wale ki khud ki english tau dekho zara🤣 ""starts to teach us to improve"" 😂 yeh kaun si nayi english aijaad ki hai tum ne bhai😂 bas rehne do tum, tna kaafi hai tumharay liye aaj ka🤣 bye bye bhaiyya",1,Normal
aye yahudiyo jitna zulm karna hai kar lo in sha allah woh din bhi zaroor aayega ke tumhe chun chun ke maara jayega yahan tak ke tum darakht ya pattharoñ ke piche chhup jaoge to bejan chizen bhi kahengi yahan yahoodi chhupa hai.hadees ka farman hai ho kar rahega #israeliterrorism,2,Religious Hate
 😂😂😂bas aik hai dua karna tum okie😂😌,1,Normal
sakal se hi randi lagti hai tu,3,Sexism
teri kya maa chod di indians ne bhadwi quom ki gandi nasal,0,Abusive/Offensive
 abhi nhi hua. jb hoga sb ko inform kiya jay ga 👍,1,Normal
    sir app kuch kehna chaoge shehnaaz ke brother ke liye,1,Normal
ye khud sali randi hai tabhi to muh fat raha hai,3,Sexism
 sunna bhi mat..bara pachtaogi😃,1,Normal
teri mai na genes change kar lia apni hijra ban gae,3,Sexism
o gashti jab tumharay saudi wahabi un kay fouji maro gay tu wo sirf warning bhi na dain. ,3,Sexism
 sawaagat k liye bht bht shukria 😂😂,1,Normal
 kal baat karu? aaj toda nind aarahi hai. 😢,1,Normal
jb choti the. tab m bolte the. lakin ab pata nhe kea hogea. na ab punjabi parhe jati ha. na mery sy boli jati ha aur likhe b nhe jate.,1,Normal
 ye saholat ap ko na mil saki,1,Normal
my uncles house sweepers 13 year old has a mobile phone and he is a small grocery store owner.. kbhi office sy niklain to pta chaly aap ko,1,Normal
lanti randi,3,Sexism
jb peeli taxi waloun ko land cruiser mil jayegi to yehi krenge wo log.. laanat ho is nasli ghulami pe...,0,Abusive/Offensive
"bharwe , modi aur iske yaroon ke tattey utha kar rakhne wala tumhara ns begair passport aur visa ke unko bulata tha",0,Abusive/Offensive
 twitter pe hi meet up plan kr lu 😂,1,Normal
   jab hogi tab bhonkna yaha pe kukku name pta karlena punjab matlab btau sidhe shabdo me ( rand ),3,Sexism
sab kuch to kisi ko nhe milta yaar.  kuch cheezein hoti hain jo apky haath mai nhe hoti... ❤️😊,1,Normal
hahaha pahly sochun ga phir nah kah dunga,1,Normal
ye to full randi lagti hay mujy. kahi sunny leon ki partner to nhi ye,3,Sexism
aby gashti aurat khabees ki bachi randi aurat chinal kanjri randi kuttiya teri gaand me khud chala.jaonga andr haramzadi tu samjhti kia he khudko randi aurat gashti chinaal shetaan ki aulad ainda teri aisi fzol post dekha to teri maa ka or tera bhosda phaar dunga 😡😡😡😡😡😡😡😡,3,Sexism
 woh iss table per nahi tha.. kisi ne bulaya to betha,1,Normal
wo apne baap ko follow krri hai ..is bharwe ko bol apne baap ko follow kre ..iddhrr uddhr ka gyan chonda bnd kre madhrchod..,0,Abusive/Offensive
 kon ni rhany ni de rha apko,1,Normal
smart or cute sahi ha?,1,Normal
    inhen promote hony ki zarurat e nahi ..badshah bandy hn yh😍😘,1,Normal
"beta tu pitt raha hai teri bezzati ho ri hai ,jaise baap bete ko daanta hai na waise hi ...",1,Normal
sanum apni. ajaiz maa ki tasveer kun lgaia hou hai apni asli maa ki lagao  bhen chod ki buchi,0,Abusive/Offensive
rt : 10 rs tak ayien gay kuch din tak wait kro bus,1,Normal
"when you are taking a catch and your friend says "" bhai wo chatt pr se tujhy hi dekh rahi hai""😂",1,Normal
motherfker aur kitna choso gay? eik taraf mukalifat kar rahy ho bhen chod or dusri taraf credit ley rahy ho madar chod,0,Abusive/Offensive
 likes k leay kuch bhe krain gy 😂,1,Normal
abay bc mujhe bhi mehngi mil rahi chezain😂,4,Profane/Untargeted
bhen  ... rest is history,1,Normal
     khel to pehly bhi nhi tha? 🤔,1,Normal
  main larki hon khatoon nahi,1,Normal
ja halala bnd krwa bahan jakr phle..gyan mat chod,0,Abusive/Offensive
 ap 1000 baar laant send karain lkn wazarat say achi koi cheez ni. cheema sb ap ko kia pata jo maza wazarat main woo haqaarat main ni.,1,Normal
astaghfirullah astaghfirullah astaghfirullah! bhai tmhara zameer is bat ki ijazat deta ha k koi b nabi ki beti ka ghar jalaye? wo ghar jahan nabi ijazat le k dakhil hon or ye 2 taky k musalman jalany k liye pohanch gye hon!  allah ne tm logo k dilo pe muhar lga di ha koi shak ni,2,Religious Hate
ye teri ama ne chodwaya tha phudi ki,0,Abusive/Offensive
  pata nahi india ney siachen par kabza kar key kia achieve kia hai..siachen main na toh kisi kism ka khazana hai aur na hi wahan koi cheez ugti hai aur na hi siachen main aam log reh sakte hain....so i dont knowwhy pakistan and india are fighting over siachen..lol.....,1,Normal
tere liye khush hu mai pagle tere khushi hi mere liye sab kuch hai... bas fikar mat karna ki tere picche kahi paagal na ho jayu. yahi hu teri hu tere siwaye kisi ki nahi. remember it. ❤,1,Normal
i feel that the sikhs should b allowed accesses 2 their relgious places but the way imran beghairt zani kunjar & bajwa the shameless dictator is playing the religion card &timing of it simply shows that these both psycopaths don't give a rat's ass about how the pakistanis feel😡,0,Abusive/Offensive
wo waqt any wala hai ky jab imran niazi kokeen pi ker pak army ky khilaf bhonka kery ga kaha that na ye yahodi bacha hai is sy mulk ko bachao  ab to imran niazi sirf yahodi nahi qadiyani modi air sikh bacha b hai dalal khaty pakistan ka nokri dushmano ki  lakh di laant,2,Religious Hate
to bc tu ne unhain hi dikhani jo krh rahi woh ker,0,Abusive/Offensive
hay shalu randi follow back karke dm me aao sex chat karte hai,3,Sexism
"ari bhenchod, mera reply tere liye hai chaman chutiye... wo londa ho ya londia, dekh le dp aur hila ke soja.. nehru gandwe kar bhi kya sakta hai tu.. tharki",0,Abusive/Offensive
nisa bharwi hum teeno kay beech mai mat ao randi please,0,Abusive/Offensive
rt : fariha without fa is riha and  riha kerdo koi bhenchod is zindagi se,4,Profane/Untargeted
 ni 🙄 but u also have attitude,1,Normal
chor dou tasbeeh ko gin gin ke parhna  ussay kia hisaab rakhna jo be-hisaab deta ho 💚,1,Normal
"haalaat-e- zindagi esy mor par le aai, ki manzil par pohunch kar safar ki yaad ai.",1,Normal
i just received akhrot from kashmir n kashmiri kulchy toooo😍😍❤️❤️,1,Normal
"teri maa ki choodra hn rundi ke buchay, tu apne mulk ki halat dekh, bloody rapist nation",0,Abusive/Offensive
ye ha he aisa start he is ka ak lafz say hota ghar waly bhe is k marty hein is ko is waja say 😂😂,1,Normal
kuch logon ke chehre celebrity se milte hai aur yahan meri khudki shakal khud se nahi milti..   subha kuch aur shaam ko kuch aur lagti hai..😐,1,Normal
akhrot kha ke aao phir😛😛,1,Normal
soch rha hn danish bhuk ki waja sy mara ha?,1,Normal
 aye teri abay nawazz shareeef nay bana way saliya,0,Abusive/Offensive
is se ziada gehra rang tu sirf piar ka rang ha. 💝💘❣️,1,Normal
 es ka mtlb soch rahi ho mery bary mai..koi nhi socho sochny pey kis ka xoar hai👍👍🤭😂,1,Normal
bhenchod u cant even cry onto ur pillow cause it’s so wet and cold,4,Profane/Untargeted
rundi ka bacha teri behen ki phudi,0,Abusive/Offensive
 ab hr jga apny sath to mat rkho na humko🤦🏻‍♂️🤣🙏,1,Normal
bharwe apni baji ko bacha phle woh kitnon sy chudwa rhi h dekh jaa k randi k bache hahahahah😂😂😆😆 teri maa ki chooth randi kay bachy.,0,Abusive/Offensive
" allah kary teri beti tery samny roads pe mera jism meri marzi pukary, aur yeh manzar dekhny se pehly allah tujhy maut bhi naseeb na kary.. ameen",2,Religious Hate
 tumhay kasay bol sakta ho ma tum to aqalmand ho bht zyada,1,Normal
tu sach mein bata ki tu kaun hai hijra hai yah ladka hai ya ladki hai yah bata bad mein baat karna aakhri baar main tujhse poochh raha hun fake propaganda chalata hai,3,Sexism
tumhri maa kk chodu sale apni maa ko chod ke paida hone wale randi ki aulad sale apni behan ko biwi bana ke rkhne wale muhammad ki nazayaj aulad,2,Religious Hate
teri ma na apni choot ma sa jo gand nikala ha qaymat tk koi mafi nahi us ki rendi k bachay,0,Abusive/Offensive
btaya bhi nhi bc 😑,0,Abusive/Offensive
"doing rundi ronay 24/7:  -koi gf ban jaye, koi tu gf ban jaye  also me when a girl is being nice to me:  -ap to meri api ki trha ho",1,Normal
duniya mein pehle hi bahut kuch ho raha hai ab bas ye #coronavirus ki kami reh gayi thi 😌,1,Normal
ye bata ganje to boht sare hain tera wala ganja baap konsa hai nikaal ke de ta ke isko ghaseetun,0,Abusive/Offensive
janty ho dukh kia hota hai khud ki tweet p kisi or k setting hoty dekhna😪😪,1,Normal
 tumhein bhi lagany ko dil kar rha vese mera 😕😂😂,0,Abusive/Offensive
 chalo rehny do sb ko pata lag jaana hy 😂😂,1,Normal
isss beghairat sy koye poocheh kitna maaal recover kiya .ulta govt ky paisy per dunya ky chakar laga raha hy. london embassador hotel mai stay karta hy.iskee shakal iss qabil thee.,0,Abusive/Offensive
 gaur say padhiye is trend ko isme hindu ki koi baat nahi hai baat ho rahi hai hindutva ki. extremist are always dangerous for society either hindu or muslim.  #,1,Normal
abay saalay paani to band kardeta bhai,0,Abusive/Offensive
us sy acha to  ny ga lana tha🤨,1,Normal
and hijra are trans!,1,Normal
bc fincher ko goli maardeta mere saamne hota toh aisa end kon karta hai 😭😭 3 ghante chitiya kaata bas,0,Abusive/Offensive
kuch loog dekh rhy 🤫🤫🤫🤫🤫,1,Normal
"ye sutiya to esa baat kar raha hey jese ki papad tod ne ki aukat nehin hey aur pichwade me akhrot todne ki baat kar raha ahey. afim, ganja, drugs ek sath milakar khata hoga. bc",0,Abusive/Offensive
  apni behn ko bhejo gay na aurat march me??,3,Sexism
isko gaaliyan dilaany k lue phir share kr dya khoty dimag ki aurat ne,3,Sexism
 shukr hay allah ka... apna khiyal khud kro na wrna kro-na virus a gya hay😀,1,Normal
 ohhh ye to pakistaniyo ka sub se bara masla hai😁😂,1,Normal
 main mazaq kar rahi thi..konsa main ny lay lena tha tumhara account..keh detay k han lay lo..😒,1,Normal
 baz aja khan 😤😤 kisi kisi ka kam hota hai kazuya khelna sabke bas ki baat nhi😏😂,1,Normal
dekh le be bhadwe #paraschhabra tere baap ki aukat !!! #asimraiz #asimriazforthewin #asimwinninghearts #nationwithasimriaz,0,Abusive/Offensive
sb jante sir hum punjab ke log apke sath he,1,Normal
tu apni maa chudai se baaz ajao bhen k lory warna .. tera youtube nhi rhy gaaa??? firqawareyat phaila rha hy haramzady,2,Religious Hate
rt :  bc sara maza kharab kardiya,0,Abusive/Offensive
jala k dil bujha dia tu ye bta thi kesi ye deewangi 💔🎶,1,Normal
apne maa khe gand maarrandi khe pile ....* bhenchod,0,Abusive/Offensive
phir in yahodi khanzeer logo ko pata chalaiga kai kia ta aur kia nahen ye sirf dajjal kai liye aisa kar rahai hain kyunkai ye yahodi log khazeer log dajjal ko apna leader samjhtai hain aur tumhara pura bollywood bollyminati ban chuka hain tumharai dimagh ko programming ki ja rah,2,Religious Hate
  main unfollow kar ka 3 bar dubara follow karta hun😂😂😂,1,Normal
 kal ak female ma line mar ra tha,1,Normal
  bhai main hindu hu janm se bhi aur karm se bhi...😊,1,Normal
chalo beta ab bht pharwa li apni baaki kal k liye bhi kuch chor do randi ki nasal,4,Profane/Untargeted
" i agree with you....  i want... law bnain jain aur harassment pr sakht saza di jaye, phansi do rape krny waly ko, beti ko jaidad main hissa do, beti ko taleem do, jobs opportunity ho etc etc  ye ni k kaisy bethna hy, apna khana khud garam kro etc",1,Normal
sab doctors ko chahiy k 3 sy 4 mask lagaya kren pakistan me mask ki  quality achi ni ha aesy men 4 mask lagany sy doctors save rahen gy,1,Normal
tum chutiya saali actress kaise ho gayi ... hadh chutiya ho ... matlb bc kuch pata nii rule k bare mai ... publicity k liye kuch bhi bakk do ... publicity k liye nude ho kar ghum leti accha advertisement ho jata tera ... #nonsense_swara,3,Sexism
"ah thank you. we are discussing whether the qur'an's hgr originally referred to hagar the emigrant, i.e. hagarenes, rather than hijra, if you'd like to comment:",1,Normal
hero of islam jis na allah ka quran jalana waly ko sabaq sekhaya norway main ik yahoodi na jab quran pak ko jalana ki koshesh ki to is nojwan muslman na isa ondy hatho liya dua han allah pak is nojwan ko dono jahano ki kamyabi ata farmay.or is gustakh ko nast o nabod kary ameen,1,Normal
akhrot*,0,Abusive/Offensive
ab page ki advertisement shuru kr do,1,Normal
dur dur begaitatonnn..... bc apnay paida honay walay afsos naak waqiyay par bhe fooj ko mulzim thehra,0,Abusive/Offensive
fasla rakain pir bad mein ap ky ghar waly desi family mein shadi ni karty,1,Normal
kyu be shera ki randi namard salman khan,3,Sexism
 mujy yd aa wo zra zra unhy yd ho k na yd ho,1,Normal
o ha main to madarchod plus bahanchod hoon tu nikal le ab...,0,Abusive/Offensive
aby apni achi dost hy anhi man jy gi ek doo sorry py 😜,1,Normal
#justiceforpriyankareddy #rippriyanakareddy  main yahan se kuch nhi kr sakta par itna to keh sakta hunn ki ladkiyon ki koi kasoor hi nhi he in rapist logo ko na unke maa baap ne chapal main gobbar lapet k nanga karke mara hota na to ye sab na hota...,1,Normal
you don't need to tell me anything about the laws of pakistan neither do i need to know from you that wether he's a ahmdiya muslim or not.👎,1,Normal
imran 5 jaga sa lara aur 5 ki 5 jeet gaya aur ye pathano ki sweetdish kehta/kahti hai k imran ki pehchan oye ghatiya gandi nasal imran teri maa ka yaar raha hai.😋,0,Abusive/Offensive
 matlab k unfollow kar dayna. 😂,1,Normal
 payaar jb b hota h sacha hi hota h😂,1,Normal
sasti randi.... apna modi ki english dkhi ha.. bc us ka knowledge dkha ha... 🤣 🤣 🤣 🤣 🤣,3,Sexism
rt :  think about your self hijra  billu rani,3,Sexism
 tum 102 salon k ho??🤣🤣,1,Normal
bibi aap ne b kch pyia hua hai srf figure likh k pic laga di kese pata chaley ga k ye insoliene ki amount likhi hai,0,Abusive/Offensive
 apna tu puri life kharab ho gya 🙄,1,Normal
aap kiska intjar kr rhe yha so jao 😛😅,1,Normal
esay cooking kartay kartay kitna dil karta hay na kay masala channel pay apna show hona chahye🙇🏻‍♀️itni calls aen or sabhi tareefein karein🙇🏻‍♀️,1,Normal
 acha han tm multan se ho?,1,Normal
      tum tumor ho..😒,0,Abusive/Offensive
"jaaa naaa gashti,",3,Sexism
 🤣shukur hai yad nahi 🤪 warna masom dil ko aur kitna tabha karna😝😜,1,Normal
 alla... aur jo haarta hai wo waise he faarig ho jata hai...😁😁😁😁😁😁😁,1,Normal
 zehr kha lo mujh pay taras mat khao..😒,1,Normal
 pata chaly wo mazak men galy par jaey 😂😂,1,Normal
ab jo marze kreen agr pak aa gye hane to qandeel bloch wala qisa anqareeb he ho ga q k is mulk mane education aur justice system dono ke kami ha. aur jahil log had say zayada hane jo izat k naam pr kuj b kr jaty hane.,1,Normal
 aurat ko gali ni di kisi dyin ko gali di  ha isliay hum geo k sab channel ka boycott kartay hain jis pakistan k norms ko khatam karnay wali dyin ko support kia,1,Normal
 fer mzak urau ga to ap ne age se drame shru krdene he 😂😂,1,Normal
pmln did this at the time of appointment of coas in 2016..! you can not judge someone..declaring someone qadiyani or yahoodi agent is not islam...!,1,Normal
bus kur do tc aap log please,1,Normal
his strength and patience!! kuttay ki maut maro tum sab jis jis ney ek baap say uska beta cheena hai.,0,Abusive/Offensive
 to sir agar  ap ne  mehngai nai ki to us pr notas to ap le sakty hen  jab ap ne mehngai ki nai to usy  rokty kion  nai  ap pm ho kar bhi mehngai pr roktham nai kr skty  mehrbani kejiy  choty choty bchy hen humary  kuch to khial kro khan sahib,1,Normal
tu hijra hai,3,Sexism
is ka shakal kharab ha delet karo is ko lanat is picture par,0,Abusive/Offensive
  waqai ni hai??,1,Normal
 yar aysi bat to mat kro... meri tarah ka koi shadeed single nhi ho skta🤷‍♂️😕,1,Normal
bhen chod ki aulad 15 lakh gin   randi maaa ki bharway aulad lol  tujh ko aur teri pori qom ko mulana ki gaand main ghusssa dain ge   randi ka bahca gin   aur peshab main doob mar lol  mulana aur tuh dono pe lanat,0,Abusive/Offensive
chup kar phattu insaan,0,Abusive/Offensive
 kbhi nahi in my view point i think parent hi wo insan jo apki choti efforts ko b appreciate krte..  shyd  kbhi wo esa pretend krte k hum kuch krte nhi just to motivate us do more,1,Normal
kaun iska movie dekhne jata h be iss randi ki ek movie bhi koi na dekhna,3,Sexism
akhrot kya hota hai,1,Normal
is k baap ki uni mr resaearch hui hai isse keh chawle marna bnd kr de bhenchod,0,Abusive/Offensive
 q ni ap papers thori ho jo chor dain haha,1,Normal
 no matter its the old pic but ab un landy ki liberal feminist ko aqal chye k wo kis ko follow kr thi hain... jin k mazhab me to talaq ka concept b ni hai...!!!,0,Abusive/Offensive
    ok wo madarsa ka us ko choro  what is international media saying about your economy and #rssterrorists  government and your economy crisis,1,Normal
pasand ki shai krne pe mujhe zinda darghoz kr diya us waqt mera jism aur trei marzi thi~aimma,1,Normal
mera banda he nae hai bhenchod 😔👌,4,Profane/Untargeted
aray baap ray  #vishra,1,Normal
"  jhoot ka sahara mat lo, lk agar paisun pe marta to jemima goldsmith se penalty ki raqam bhi zrur le leta",1,Normal
madina ki rayasat ki baat krny waala yahoodi,2,Religious Hate
yes agreed 👍🏻koi haqooq ly kar pyda nahin hoi... alhamdulillah aourat ko tahfuz deen e islam ny diya quran pak se milay sub haq 😍. ,1,Normal
   arey yaaar 😂🤦🏻‍♀️🤦🏻‍♀️🤦🏻‍♀️🤦🏻‍♀️ yahi bakwaas reh gai thi kiaa,4,Profane/Untargeted
hum kisi ko ungali ni karty or agar koi kary to ungali toor k uski gand ko gift krdetty hain 😂 if u dnt beleive me ask from abhinandan and general bakshi randi 😂😂,0,Abusive/Offensive
randi bohot pitegi,3,Sexism
koi larka real life mein bhook hartal kar b ly na phir b usy milna kuch nai kyun k orat ka koi bhrosa nai kia pta wo keh dy k mene kaha tha ap kri bhook hartal,1,Normal
haahhahha saqib bhai ki halat toh apne s zyada tight hogyi th😂 abay pait khulne tk kharay rahay thay sab bc itne kanjar hain,0,Abusive/Offensive
tu photoshop or tera baap ask mein badsoorat ai 😂😂😂😂 bhosrike ka movie mein hona na hona barabar fatima and bauna,0,Abusive/Offensive
naahi us ki bhen ka yaar naahi magar itna pata hai kai teri bhen ka yaar ho...apni bhen sai jaah kar pouch turrab aya tha kaisa chod kar gaya tha...chekein nikli thi virgin sai non virgin kardiya,0,Abusive/Offensive
 ni hona chahy...nd i m hoping this time she will nt react..may be,1,Normal
mje to apke ghr k ye lwn acha lgta 😬😬,1,Normal
un k bary me bkwas kr rahy ho jinho ny apni sari zindgi islam pr waqf kr di.. pehly khud ko daikho k tum kia ho.. tareekh tum bhul chuky ho hme yad hai,0,Abusive/Offensive
ab bta phr lanat to banti hy tery py 😂,0,Abusive/Offensive
if youthias hit tounting my self i should survive. but they hit my kid. who is innocent and doesn't know any thing of this situation. if this id user is the son of human than come himself other wise he is the son of randi.,0,Abusive/Offensive
 aby mry ko pta bhi nhi kon thi 😭💔,1,Normal
crush ko stalk kerne k liye ,1,Normal
  hahhaah shatoops zyada dramy mat karo 😬😬😂😂😂  aik bari behn kabi b apny choty bhai par knife st war nae kar sakti 🌚🌚😂😂,1,Normal
kya pta na ho me to shakal dekh k andaza lgaya shreefon wali shakal 🤣,1,Normal
rt : ullu ka patha bhenchod potty,0,Abusive/Offensive
 teri pen di siri,1,Normal
  abhi tk lagend ny apko block kiya k nhn?😀,1,Normal
   haan yr they are using herr every1 vo kehte hain na jab kisi ko zada apna smjhne lage toh vo apka fayda uthate hain so ab shukla yehi kr rhe hain sana ke sth feeling really bad for her 😑,1,Normal
ayeeee ❤️❤️❤️ yh phly dyga phir hamsy ly ga,1,Normal
yh tbh hota kia ae? mne bht jga dekha meanings ni pta,1,Normal
 😂😂😂😂😂  pehle ye decide kar lo acha ho ya achi 😐🙊😂,1,Normal
 teri 0 ki h honi e ni to nzr kesy ay,1,Normal
 if u don't mind.. ap ka naaam mubarak pata chal sakta hau?,1,Normal
abe bosdk dlal unhone to apna vada nibhaya he,0,Abusive/Offensive
awara randi k najaiz bachy tri maa behan to 2014 k dhrny main bhi ai thi rent py chupy bhi fit lgti or threesome bhi,0,Abusive/Offensive
aby 😂😂😂😂 broken manhoos aurat thk rhy ga ! 😂😂😂,0,Abusive/Offensive
mard hu na mard mard,1,Normal
this is your reality fake propaganda chalate ho shame on you to hijra nikala rahe!!!,3,Sexism
"dekha hai kabhi kashmir chutiya saali tumhaari wjaah sey hi saa desh barabad ho rha , beti bacho beti padhao arey tum jaisi ladkiyo ney saari ladkiyo ki aisi taisi kar rhi ho maa chuda ab. bhkk bc😡😡😡😡😡😡😡😡😡",0,Abusive/Offensive
you know nothing about ahmaddiya community except what you have been fed. hating another human being is the worst of crimes according to islamic teachings. if you have common sense then do some research.,1,Normal
phir kehty hum bhot badry #muslim hn aur #ashaq_e_rasool sawm hain lanat hai un sab #haramio py jinho ny bibi fatima zahra ko shahheed kia aur #haq khaya 🖐🏻😡🐕 aur lanat un sab py jo un #haramio ky hamdard hain,2,Religious Hate
to aya ja b. c awe bhonkty rethi han ghasti,3,Sexism
rt : modi be like: dekh jani itnay itnay bacchay bhi gahliyan detay hain mujhy aaj doob hi jata hoon,4,Profane/Untargeted
 jaha pai tag kro vo video plzz koi   jaha arshi wali krio #mahirakapappuparas,1,Normal
olana was right all along. kudos to molana for bringing this issue to light and exposing the qadiyanis among the army ranks and also the yahoodi agent mangu niazi.,2,Religious Hate
 pochna chahye tha,1,Normal
mery knowledge k mutabik christian mzhab me sb sy zyada azadi di gai hai jbk muslims me or baki mzahib me pabanidi hai is liya boht sy yahodi or butprast christian mzhab ki taraf jati hai...,1,Normal
abyyy chutiyeee nawaz sharif ny maa k zever baich kyy road bnai thee???,0,Abusive/Offensive
abi to safarish he pta ni manzoor ho k na ho ,1,Normal
haan teri phudi ki peyass nhi bhujti naw br br abb kn kapry outary tu ny awaxx di mai tery oper....kesa😉,3,Sexism
 tum to pehly e frnd 😂,1,Normal
mc ye kaya ha ? iska b tu kuch bol bhenchod,0,Abusive/Offensive
 pata karen zaini 😢😢 meeko bura nai lagna na 💔,1,Normal
bharwe ye barish ki waja se hua hai jhoot mat bolo gadhay,0,Abusive/Offensive
    ap se kisi ne pocha??,1,Normal
my dear mr bharwe every dalal journalist say no 1 then who is no 2,0,Abusive/Offensive
 bs social media se off ho rhi kuch time k liye need a break 😊,1,Normal
ye kanjar hijra jo sindh pe musalat ho gaya h in shaa allah iska haramkhorr baap zardari b kuttey ki mout hi marrey ga aameen summa aameen. kanjar khandan zardari khandan 🖐🏿,2,Religious Hate
jab naayi apkay baalon main kanchee phairta hai aik alag hi satisfaction hoti hai,1,Normal
 dob ky mar jana chaheey awam ky sath is mazaq per ,0,Abusive/Offensive
tweet pe tweet pe why..?,1,Normal
 pata tha saifi tumy pasnd aygi,1,Normal
 is masoom aurat ki london to kya pakistan mai b koi jaidad nahe thee. lanat hai alay sareef per.,0,Abusive/Offensive
"tu randi ke bachy thora sa time nikal kar mar kion nahi jata ,kisi begairat randi ke akhri bachy",3,Sexism
kaif tu  tharki ha bc  ladki ka post dhakta rahata hai,0,Abusive/Offensive
  qasam sy pr ab nhi rahy gi wo izzat teri mere contact  mein🙈,1,Normal
medical rep ka profession khtam ker dena chahya is country me phir hi dr thek ho saktay hain aur ya pharma companies bhi... croro ka target achieve kereatay ha medical rep 2 number medicine bech bech ker medical rape ko phansi honi chaya is mulk ka bera gharaq kr dia inho na,0,Abusive/Offensive
abey haramkhor pehle yah to bata de.. mein ek analyst hoon mera kya matlab hai iske pichhe konsi script kaam kar raha hai? tere jaise chutiya samajh rakha hai kya mujhe ki har baat pe ungli marunga par koi kaam dhang se nahi karunga.. last me wohi reservation,0,Abusive/Offensive
lanat abbtknews k khilaf trend bnane walye yazeedion pe r bibi k dushmano p bhi ,2,Religious Hate
zartaj gul tu mera lora chup ghastiyan lully khanay wali ghashti imran niazi ka lun muh mein leti hai phudi on ki teri maa ko lun maru ghashti .....teri phudi mein pta nai kitny waray vy hein check kr zra... gandi phudi,3,Sexism
yahoodi public should have said: khata ha tu (falasteeni) marta bhee ha aur ghar (settlements) banwata bhee tu ha.,1,Normal
tere baap hoga hijra !,3,Sexism
jhot na bol gando teri maa ki phudi,0,Abusive/Offensive
rona araha hai bhenchod why am i such a clown why am i so unimportant,4,Profane/Untargeted
 mjy b pooch do🙄,1,Normal
 muj sa raha nahi gy because i know you are very important to me,1,Normal
no doubt you have never seen a mirror. chamche me he dekh le jo naye waley nikal k diye the tere karyakarta ne!,0,Abusive/Offensive
     honey we love sid too buhh it dzn mean kisi ko support karnay k leay dusray ko nicha dikhana zruri hai relaxx spred love...,1,Normal
jo bhi #psl5  anthem ko bura keh re hn wo sb stadium mei match k doran issi anthem pe naachty nzr aen ge.,1,Normal
 ha meeting achi rhi meri  apky lie envelope bheja hain waha k pm ny😂😂😂😂😂,1,Normal
"jo guzari na jaa saki hum se, hum ne woh zindagi guzari hai.",1,Normal
bhag bhsdki randi,3,Sexism
edi pehn di siri..,0,Abusive/Offensive
ap munafiq insan ho ...rana sb kahi na gya pak mein h,2,Religious Hate
rt : fuck wapda bhenchod kis chutiya mulk main paida hogaye hoon main,0,Abusive/Offensive
   ap ahsan bhai ko baj dein mai un sa la lon ga kindly line are too awesome.. i want to make a video for me.,1,Normal
"aap phrr wohi hukmaran hnge jinke baap dada ne siyasat ki phrr unhi k potey par potey,  this is not a system jb aap ek ko galat keh rhe ho or us jaga k liye aap capable ho tw aap ko whn tk zror jana chahiye",1,Normal
hahaahhahahaaahahhahaah ye fatwe laga chukay hain mujhe pr tery jaisy ahmaq tlp k hain kuch,0,Abusive/Offensive
 waisay jalana ya dafnana important nahi h.marna bahtar h un ka ...😂,1,Normal
main aapke sath hu aap aise hi reporting karte rahiye #zeenahindarega,1,Normal
 g apne kya kaha samj nahi ayi,1,Normal
hm kehte k kaaaan yahoodi agent he bulke ab to qadiani or sikh agent bi he,2,Religious Hate
"modi , shah . patel , sarey harami bhenchod",0,Abusive/Offensive
laanat aap py.. n league bht pehle surrender kr gyi thi kis khayal mai ho bibi... lifafa band ho jaye tou bhonkna banta hi hai,0,Abusive/Offensive
 aur yeh k jiss ka haath hai uss ki 1 shaadi toe confirm hai..😁😁😁😁😁😁😁😁😁,1,Normal
ye maine tiktok pe dekha tha,1,Normal
"aren't you the ones who created ""sita white"" havoc .  who posted jamima's western style pictures.  who called khan yahoodi because he converted a jew????   what happened to your islamic & cultural. ""values"" now ?  you hypocrites.   ",1,Normal
 yr wo tu general bat ki thi hoor keh dainy sy koi oski izat thori km ho gai wo tu aur barh gai he,1,Normal
pata nahi kon c jaga me fogg chal raha hai  yaha to randi rony hi nai khatam hoty .,4,Profane/Untargeted
     oh i see.. apki jagah kisi aur ko dulha bna den gy.. 😛,1,Normal
typical muslim randi-rona taqia.,2,Religious Hate
roads pe lab coat b ap ki gender hi pehnti ha 😂,3,Sexism
issi jagah kisi ne aurat pe baat ki hoti dunya ne pagal ho jana tha. gandgi har jagah hai.,1,Normal
nahi g sari rat nahi ki khbi hahaha din me hi ho jati,1,Normal
khan ka tareqah bhi butto wala lag raha he  bahir zaidah time deta he  pakistan per kam interior ministry bhi apney pas rahki he ahmaq aur mutasib log minister hein,0,Abusive/Offensive
sary beghairat khud u turn lete hain zara bhi sharam nahi inme,4,Profane/Untargeted
"is bajwa from ahmdiya sect? if,yes so can't be the general. pkmkb is in full form 😂😝😝😂",1,Normal
hum aapky h kon....😂😂😂,1,Normal
just tell him iss main uss ka ghata aap ka kuch nai jata😂,1,Normal
psl intezamia se mutalba hai ke lahore qalandar ke tamam matches queeta ke sath karwai jain..😪,1,Normal
rt : not gonna exaggerate or anything but i can play better than fred atm. no jokes. he's fkn useless. rundi ka bacha!,0,Abusive/Offensive
university road charsi tikka,1,Normal
bc 😂 😂 pagal ho gaya tu 😂 😂,4,Profane/Untargeted
     esy koi party nahi chorta bhai 20 sall ho gay han party ko lahore m defend karna app ko may b pta na ho kitna mushkil kam tha ham to sath thy han rahyn gay inshallah koi dhaky b dey phr b ppp ❤️🖤💚,1,Normal
"charsi, high hai abhi!!! 😂😅",0,Abusive/Offensive
 hum 3 4 ko teri saari kartootein pata is liye😂,1,Normal
bhenchod hain ye😂,0,Abusive/Offensive
 police k ghr ki kheti hai kya ...jo bina kisi order k kisi ko bhi rok le,1,Normal
 pr ye h kn😂,1,Normal
aur teri maa ka yaar lagta hai....kash k wo condom pehen leta to tumaray jaisi chawal na wajti.,0,Abusive/Offensive
bc tujhe pakistan ya bangladesh hi courier karna padega,0,Abusive/Offensive
 tu aesi na banen,1,Normal
"yes now the culprit is a muslim then don't bring religion n what happens when the culprit is a hindu, than communal ho jaata hai. please stop all this nonsense everyone knows about you. first practice what u preach n we are not fools. tumhare baap hain so don't b smart samghe",0,Abusive/Offensive
ma*arch*d bina langot ka akhrot 😤,0,Abusive/Offensive
where did good old motichoor ke laddoo and akhrot ka halwa go? poll rejected! 😭,1,Normal
yarrr kis kism ka beghairt hai ye😂😂😂,0,Abusive/Offensive
rt : feminists: mera jism meri marzi,1,Normal
 insan kisi cheez ko tootny sy rok nh sktaa...phr wo dil ho ya sheeshaaa,1,Normal
 aisa nai hota bhai ...is gen ko mj jese hun-nihar teacher ki zarurat hai🙊😁,1,Normal
 han ye b hy mashallah waqai bht pyari hy,1,Normal
ho skta hai pr mera baap hi meri maa ko chod ta hai shyd teri mummy ko itte log chodte h,0,Abusive/Offensive
 lucky hu.. hum ko tu sirf emails wale dm hi ate 😂,1,Normal
   pagal hogi ho koi bat b na ho hasny wali hans rhi,0,Abusive/Offensive
all i can think of this unnie what is this behaviour and baap per nahi janay ka,0,Abusive/Offensive
  kaha se beech main aa...gya ye fans ka pyaar jo ap se brdaasht ni ho rha...uss ki koi galti ni... or  woh..twitter prr active zyada ni reh skta doctor hai na jiss trha krte ho... uss trha krte rho jub payment milay toh..btana...#wewantasimumarreunion #ourheroasim ,1,Normal
 shaheen ni ullu jesi nzr hai😏,1,Normal
 abi hajj ni kea 👊👊😂,1,Normal
 aur yeah apko kis ny kaha k ap meray crush hain??😒,1,Normal
puri dunya ne kaha k jhoot hai. koi 1 b proof ni hai ... dijye agar hai aap k pas to!,1,Normal
"from where do you gather such nonsensical and unprofessional approach... appears, you don’t do your homework and keep saying anything which doesn’t make any sense to the world... miyan, patang udate raho... what about your ahmadiya friend ? is he counting days or are you...",1,Normal
acha ha g bohat acha ha,1,Normal
 zehr ki jga agr paisay mng leta tb hn nhi hni thi r ab dekh lo...😒😒😂,1,Normal
ab dil itna b bacha nh hai k gadhi pe b ajyee,0,Abusive/Offensive
"parr lia, yah kafi hay teri maa ko chodnay kay liay, ab teri behn ki gand maroo ga",0,Abusive/Offensive
" koi nhi, hum kisi ko dosh to tabhi de sakte hein na jab hum sahi hon.  wahi karo jo sahi hai.",1,Normal
"r randi chodwati rahi ge ,,,koti tum ho",3,Sexism
tu woh kanjar hai islam ki aarh main yahoodi say bhi batar hai yazeed main tum main bas itna farq hai k tum abbasi ho baqi tu sab ek hai,2,Religious Hate
astagfirullah muje yaqeen ha ya tum hee ho sakti ho,1,Normal
"logoon k visay lag rahy hain, idhr sirf loray lag rahy hain 😅",4,Profane/Untargeted
agar hum khud books parh lein tou ye larai hi na rahey :)),1,Normal
bhenchod....go to your bangladesh and give the same advice to your govt there to build hospital by ravaging mosques,0,Abusive/Offensive
maine bhi yahi para ha yar,1,Normal
"ye manhoos hinduon ki diwali k chakkar mai har jaga ki aur quality kharab hogai, bharwe",2,Religious Hate
 abba ko patta hota sb😂 so chupane kaa faida nii tha😂,1,Normal
 real aurat march 😍😍,1,Normal
agr koi bnda muhammad ﷺ par apni sansoo k brabar bhi #darood parhy tb bhi haq ada na hoga✋,1,Normal
level ha boss😎,1,Normal
bhenchod sudhar ja😂😑🖐,0,Abusive/Offensive
amitabh bachchan came to check the situation   makeup artist was trying to hide aishwarya stains on face.  there was also some salman close circle guy.  amitabh bachchan said to them ' us bhenchod ko bata do yha ka don aaj bhe main hun'  namard salman khan,3,Sexism
tuj jesa lanati randi baz sacreen k peeche aik makrooh chehre wala insan m ne apni pori zindgi m ni dekha...,0,Abusive/Offensive
 hr chezz h btayen ap k liye kia paish kiya jaye😂,1,Normal
yeh dabbo men parre howe harami tere abbu hain ... saale tere abbu b gandu or tu b gandu  praatna hai bss terii mama thkk ho hamen us ki zrorat hai gaoo mutra pee gandu sala poor nation,2,Religious Hate
there will be a clash on 8th march aurtain apas mn larain gi .. i repeat there will be a clash.. kuch karo is sy phly baat aggy nikal jai   desi liberals(feminist) vs burqa avengers  #stopauratbarbadimarch,1,Normal
eri post ko koi like nhi karta kiya mai apko acha nhi lagta ya meri post apko sab ko achi nhi lagti,1,Normal
khusray bhutto jo army k talway chaat kr aya uski nawasa. ik ko bol ra selected tu ha e hijra madarchod,3,Sexism
no we do not want a syria. peoples sects should he stated instead of accusations being fired hes ahmedi. etc . we are a sunni country it should remain that way.,1,Normal
 dono bhai mil k lain gay afford ni na  hum dono akailay akailay kar sktay😬😬,1,Normal
aap se yahi umeed thi  fakhar,1,Normal
"so bilowal calling him beghairat,all those mullah brigades called him qadiyani, yahoodi talking abt hiswife, who has nothing to do with politics, is justified but he cant say anything?? what a logic.he can do and say whatever the fuck he want to. he is pm. u r nothing but a zero",1,Normal
tu chutiya kya b randi....lvdi sali kuch b edited or bkwas tweet krti h randi ki olaad,3,Sexism
abey bhosdiwala sun teri maa ke chut mai tata sky ghusa ke chodunga tu aur tera baap live porn dbhosdiwalaekhna samjha.. apani aukat mai reh..  maa chod ke idhar hi rakhdunga..  behenchod..  dusre li image ko kharab karta hai..  saale bharwe tere khud ka koi image nhi motherchod,0,Abusive/Offensive
 kisi dost sy bt kr rhy hongy m,1,Normal
ab ye mat bol dena is wale bhi yahoodi h. ar unke jhande pr lalla h akbar nhu likha.,2,Religious Hate
 press clubs me jesy inho ne mera jism meri mrzi kh k azadi izhaar kia wesy hi journalists ne wha se uth k apna azhaar kia.journalists ki mrzi wo inhy cover kren ya na kren,1,Normal
heera mandi ke randi german kutia bagharat,3,Sexism
khataa tha badaam akhrot :p,1,Normal
tere niki bhen to is wqt b mary pas bthe hy bhen chod daly,0,Abusive/Offensive
"white masters karain to theek, ye kare tu bc disgusting.",4,Profane/Untargeted
saaly tu pakistan aaa teri laash phr hum uthaingay ... saalay kuttaray,0,Abusive/Offensive
gashti tu tum ho aur isi business kay liay tum mulk say bahir gayee ho.,3,Sexism
lyken mastanda bhai ye baji to nahi ye to hijra hai😂,3,Sexism
sana - tu task ni karega shehnaaz shehnaaz - mai toh karunga  typical indian siblings ❤️😂  #bb13 #biggboss13 #shehnaazgill,1,Normal
uth jao bhena subha ho gyi ha 😂😂,1,Normal
bhenchod yaha depression hai,4,Profane/Untargeted
koi b ni q k jb chor kr jaty bht dukh hota💔,1,Normal
rt : zaroorat hoti hai to yaad kartey hain or kehtey hain hum tum par martey hain? 😏,1,Normal
 apk options thk ni hain....basically logon ko march pe ni slogans pe aitraz hai,1,Normal
 aurat ke rights allah ne quran mein clearly difine ker diye huwe hain jo wo rights nahi deta wo bhi ghalat aur jo unn se zayada demand kerr wo bhi ghalat hai,1,Normal
randi ka bachay madarchod afghani tere maa ka bhosra agar pakistan ka bray me kuch bakwas ki......bharway afghanistan ja,0,Abusive/Offensive
khusray nachwa lo idr ab,3,Sexism
ye kya marny ka tareeka sekha rha bc😂😂,0,Abusive/Offensive
teri phudi b mari hy,3,Sexism
bhi nay samjaya tha 92 main nahi manay ab bhugat rahin hain.mian sb nay karachi main jo boya tha ab katt rahin hain aur aagay bhi katay gain.thakur k khandan walon nay n league ko hijra banadiya.,3,Sexism
to yakeen krta kon hy🤪🤷‍♂️ ,1,Normal
"kaam woh sikhon aur hindos k liay kr rahay hain aur kehna “yahoodi agent”ye he zehni pasmandgi patwarion ki.khan aik azeem leader hay,chhor nahin.",1,Normal
🤣😂mere desh ke bikari dushman mulk se beekh nahi mang rahe 🤣😂<s>tum matherchod to humse beekh mang rahe ho🤣😂ek or suar jese muh wali bikhari 🤣😂dekha isko matherchod randi ko chudne bhi humare pass aana hai🤣😂,3,Sexism
#auratmarch2020 mera jism allah ki marzi.. allah ka to hukam ha tum char dewari me raho .. nd ya nikl k apni nimaish karna chahten,3,Sexism
 mujhy nhi pata..,1,Normal
" insta account kyu jaa rhe hai sabke ? do account ki information aa gayi, ek aapka orr ek orr .",1,Normal
"... want or change their religion.   #pakistan’s constitution does not give its citizens right to choose any religion or even change it, in fact it criminalizes and persecutes its own ahmaddiya muslim community (who are criminalized to not even call themselves muslims)",1,Normal
"bilkul,itny lecture milny hain jese christmas or new year pe milty hain ,kya apko pata bhi hai k kaafir janwaro k haqq main dua bhi nahi krni chahye",2,Religious Hate
sae abrarulhaq jaga ra qaum ko bhag bhag k aur dj un ka awaz e mute kr rkha bhen ka taka huh,0,Abusive/Offensive
hinduon me halala aur triple talaq jaisi koi cheez nai hoti.,1,Normal
 aap ki to quetta team thi ab karachi kahan se ho gayi,1,Normal
akhrot ka to pata nahi but hamare yaha thand me mungfali jarur ban jati hai,1,Normal
basra bhai ap tension ni lain hum inshaallah kaptan ka sath hai or yeh fund khuron ka buht achi tarha pata ha,1,Normal
bol bosdk ab,0,Abusive/Offensive
ye jism hai to kya ye rooh ka libaas hai ye dard hai to kya ye ishq ki talash hai fana kia mujhe ye chahnay ki aas ne tarah tarah shikast hi hua 🔥🔥🔥🔥🔥 #feltthosewords #wordsarepower,1,Normal
 ag sara ja kahn rhy hain subha sa 3 bnda hy jo twitter chor rha 😐,1,Normal
randi gaand maruga bol kha contact karu,3,Sexism
ma nai dekh rh😂,1,Normal
yeh jhoota or selected wazeer e azam kabhi bhi nahi krwaye ka report jama parliament main randi ka bacha ha yeh selected wazeer e azam,0,Abusive/Offensive
hahahahah winner ko votes to dekh lo kitne % ai ha,1,Normal
"ye bc kya predestination bana diya hai isko, khud hi beta aur khud hi papa? kuch to maryada rakhiye.",4,Profane/Untargeted
jinhon ny dooosron ko chup krwaya ho unhy b koii chup krwa skta hai?? 🙃 ,1,Normal
teri maa ki kuss bharwe yeh kiya bakwas ki hai,0,Abusive/Offensive
phle ek dafa kaha thaaa yaad hai k kitnay kiye thay???,1,Normal
bhen chod lun ko tou mxakh smjh rakha hai...w.t.f 🤔,4,Profane/Untargeted
 teri  ty honi ni 😁 😋 awein kush hota reh,1,Normal
start ke fans mc nh kya hai chacha namard salman kahn  criminal pakistani suppoter   shera ki chamiya mc hai tu namarad salmankhan hijra hai sala,3,Sexism
ye lodhi beghairton ka sardar hai,0,Abusive/Offensive
tera najaiz abba ha khosa yakeen nai to apnay asli abba jan bayghart kanjar kashmir frosh gandu lanti sazishi imran yahodi say pochh lay imrani tati,2,Religious Hate
ohh acha woo wli ho aik baar mar gai thi fer zinda hui 😂😂,1,Normal
hawwwwwwwn main to hon rishty wali auntie 😂,1,Normal
 tmhary hony yah na hony sy fark nhe parhta 🤪🌚,1,Normal
randi of pakistan,3,Sexism
rt : skin randi clear ho ja bharwi please,0,Abusive/Offensive
"maryam bhi maidan mei hy jaldi mulk se farar hone ki line mei baap, bhaio or dosre haram khor rishtaydaro ki terha",0,Abusive/Offensive
randi of the century,3,Sexism
thook chat zakat chore yahodi labi kaa muhara lant,2,Religious Hate
kheera khaao. main gaajar khaunga. main to omlette khaunga.,1,Normal
 😂😂😂 aik rooh bhatakti phir rhi hoti hai 😂😂😂,1,Normal
 ohooo... 🙁phir ghor sy dekhna tha na kahin jin na ho😂🙏,1,Normal
   or mujhe un ladkiyo se utni hi nafrat hai jo mullo se shadi karti hai jitni kisi normal hindu ko😡 or mujhe hindu ladko se bhi itni hi nafrat hai jo muslim ladkiyo se shadi karte hai... dharam me koi milawat mujhe pasand nahi,2,Religious Hate
tm panda male ya female lkin agr 1 dffa ar gaali nikli na to tmhare maa  baap b sochne lg jayega k kaash us raat jldi so jaty....samjh ayi na...,0,Abusive/Offensive
yara tumhari profile pe entertainment business lga hua he..ent business to showbiz walu k lie hota he jese actor singer stage dancer+khusray wghera...kb se start kia he ye business?wese sood aaly km kolu tan wt v acha he😄😄😄,3,Sexism
 btao to kya hua ha headache q neend puri to ki thi,1,Normal
marvi sirmad to frishta: mera jism meri marzi fristha to marvi: mera danda meri marzi 😌 #werejectmerajismmerimarzi,1,Normal
bahanchod gandu bbc din rat bbc ko bharat dikhta hhh baki k desh nhi h kya be salo,0,Abusive/Offensive
"jo bachay daulat bachane ki khatir maa ke janaza mein na aayein, baap itna beemar ho tab bhi naa aayein woh bachay sirf harami hi ho sakte hain.  waise qatari ne london flats tumhari behn ko gift kiye aur tum wahan reh rahe ho. lagte to khandani beghairat ho",0,Abusive/Offensive
chal jhootha bakchodi naa kar pahle bangladesh wapis le kar dikha. muh me daant nahi aur gand se akhrot foden ki baat karta hai.,0,Abusive/Offensive
  kutay ka pata phir khol diya masters nay lanat tery zindagi pay 🤮🤮🤮🤮🤮🤮🤮🤮🤮🤮🤮,0,Abusive/Offensive
isse kehte hn akheer confidence.. idr hm hn (80% of boys) bc agr genuine kaam bhi ho to number nhi maang skte 😂,4,Profane/Untargeted
you are a madarchod bhenchod and chutiya chaman,0,Abusive/Offensive
 😭😭😭😭sunset +vine was better... itni halki ki trf kyu gye?????????,1,Normal
 ajeeb sa song tha ais dafa koi,1,Normal
  pitch bnai ni barish ki waja se hui aisi,1,Normal
  hawwwwwwwn sorry yar time he nahi hota hai 😪,1,Normal
yes they are involved in bomb blast... halala and bakrigiri,2,Religious Hate
godse hijra ta he or rehega.,3,Sexism
chutiye halala ki upaz tu hai mein nahin isaliye tujhe zyada pata hoga,2,Religious Hate
  same here also🙄💚,1,Normal
😂😂😂😂acha bharwe sahe hogya,0,Abusive/Offensive
zalimo koi hmy b s/o dy do k hmary sath koi dushmni hai....😥😥,1,Normal
 aap dajjal ki sathi ho aur koi bat nahi amna......ais liye toh pakistan main shadi jaise pakeeza rishtey ko khatam kar ke living relationship concept lana chahte hain....marvi sirmed ne pakistan ki nazriati border ko cross kia hai toh ais liye mavi k liye galian bhi kam hain...,2,Religious Hate
abe chutiye agr koi kuch bole to bjp supporter h wo?? tumahre jaise rande bne h politics aur journalism k liye,3,Sexism
 you r soni kis ny bola😁🗽😝,1,Normal
aap ki azadi nezdik hai.jald e aap ki gardan aap sy juda ho jy gi.tery jasi orat ki pakistan mei koi jga ni.,3,Sexism
toh phir apni maa ki phudi usky agy phela rehe ho,0,Abusive/Offensive
 ji sahe hy lekin agar haalat aisy ho toh shadi jaldi kar leni chahye ! 😊,1,Normal
ye kuta yahodi agent wohi ki paidawar hy ye q kuch kahy ga ... is ko chars mily gi tu stage par a kar phr boly ga ma pak ko rayasty e madina banao ga ... is k din thory hy balky is k or is ki party k or qadiyanio k jin k leay ye laya gya hy...,2,Religious Hate
is ka matlab hai is bc ko bewi bhi nahi pasand karti hai,0,Abusive/Offensive
 fake jo tha apny expose kia block to krna tha usny,1,Normal
"sahi kehtey hain.. kuttey ko kheer, aur aurat ko zaroorat se zeyada mohabbat hazam nahi hoti.🤔🤔🤔",0,Abusive/Offensive
  tu cycle pe ja...whi teri aukat hai🤣🤣,0,Abusive/Offensive
jab tumhare favourite contestant ke khilaaf kuch nhi bolte toh bhenchod #besthostsalmankhan trend karoge... aur agar tumhare fab ke khilaaf boldiye toh biased. chutiyo sachai ka stand lo... favourites ka nahi bhosdiwalo !!!,0,Abusive/Offensive
if she's got 2 a's in her name she's aurat lmao haha...what do you meaaaannnnnn,1,Normal
 part 3 hareem shah or qandel bloch k bad ye chaany wlai hai,3,Sexism
iski maa ko dramy bazo ne mil k choda tha  randi maa ka bahrwa beta hy ye kuty ki nasal ka kabse bhonk raha hy jata ni hy  ye ni jawga is randi nasal k bachy ko attwntion chaye thi jo iski gand m bhar dia logo ne chashmish gashti maa ka gandu bacha,0,Abusive/Offensive
murad k mutabik waziristan me haqqani network wale moheb e watan loga ha. por se state terrorism ko dunya k samne expose kia,1,Normal
 hy main qurban jaoo apki aqalmandi k 🤩🤩  sab samgty hai na ap phir manty kyu nae bhae 🙄🙄🧐🧐🧐😯😯,0,Abusive/Offensive
bhenchod gandi nasal k log zaleel kerwane ka thaika liya hua hai,0,Abusive/Offensive
ok. time to block my younger cousin. bc private tweets parh raha hai merey.,4,Profane/Untargeted
"teen talak, halala par inki awaz inkey apney male people hi nahi sun rahey",1,Normal
isme kahne ki kya baat hai ki ye rundi ka bacha nai hai ye to maha madarkhod hai 😆😅😂🤣#antinational_owaisi,0,Abusive/Offensive
 oho mujhe kiya zarorat hai aap k what’s up number mangny ki madem mery pass kya kami ha mery pass meri apni prinses ha pari,1,Normal
"doob maro police waalo, jiska skull faad diya gaya bhenchodo usi ladki k khilaaf f.i.r kr di, ye tumhare baap itne khule statement de rhe h to gaand fat rhi h action lene me, abvp walo ko sympathy de rhe the aram se rehne ko or bharat mata ki hai,thu hai aise bharat maa kehne pr",0,Abusive/Offensive
 lalchi aurat paisa dekhti hai aur khandani aurat sirf sehrat dekhti hai,3,Sexism
 puchhne ke liye guts nhi,1,Normal
yar marjao tm please marja randi pls,3,Sexism
 sukar karo..3.5k ny tumhain follow kiya hua hai..shakal toh tumhari 350 ki bhi nhi hay..🤣🤣,0,Abusive/Offensive
  aap bhi patri se uttar gae,1,Normal
"sohan halwa, akhrot halwa, coconut halwa, badam halwa, khashkhash halwa, baghair ghee halwa, qadeemi halwa, man milan halwa. everywhere you will see, hear, smell, taste and touch halwa. is this why ik and his team call mfr halwa? someone answer me, i really don't know the story.",1,Normal
bhenchod exams uff,4,Profane/Untargeted
ta k or bera gharaq ho jae😂,1,Normal
or lanat hai tum jesy lundy k liberal pr khud ko musalman kehty ho mgr toheen e risalat k qanoon ko kala qanoon kehny waly ki himayat krty or shaheed ka drja dety ho us lanati ki har bat on record h k kya bakwas ki us ny mgr tum sirf is liye k wo ppp ka numainda h usy defend krty,0,Abusive/Offensive
bechara randwa ho geya he,3,Sexism
bhenchod kitna bara wallet hai yeh,4,Profane/Untargeted
are baggey tujhe dekh ke to kutya bhi na ah ah kare....itna ganda hai tu....thooooooo,0,Abusive/Offensive
 wow!!!! what a crowd......i am impressed....really!!!! . . abay chutiay tery endian media nay tum sb logo ko cn dikha dikha k tum ko cartoon he bna dia hay.,0,Abusive/Offensive
maryam aurangzeb ko randi kehty hue apko sharm ani chahye 😐. daddo charger kaho duck kaho lekin gaali na do.,3,Sexism
 mereko bhe insta py shout-out chahiye mereko nhi pta main nhi... 😂,1,Normal
hafto bhar kharcha kiya na lawda day lassan day mana k apni gaand marvao na hotels me jaake..!!!  nahi to jaake apne maa baap ko bolo shaadi karwa dene.   ye public place me r*ndi khana kholega to bakaida pele jaoge..!!!  aur haa teri bkc tu kya pincture wale ki paidaish hai?,0,Abusive/Offensive
sir block hne ka darr sirf aap se lgta ha 😝😁,1,Normal
"moulana , mujhe apse munafik ki pehchan malooom karni he",1,Normal
 abb kyahi bol sakte hai apne apne pasand hai..!!!  wo uska personal hai apan kuch nai bol sakte badh me sahi galat pata chal jata hai..!!!,1,Normal
rt : the whole fuckn weekend was spent doing rrs about my single life bhenchod,4,Profane/Untargeted
 meethy ka bhen nelay ka kia hota h ya allah😂🤦‍♀️,0,Abusive/Offensive
"chal dil mare, ye duniya jhooti, log hain bharwe.",4,Profane/Untargeted
"liking recent massages during convo. is new way of saying ... . ""jaa na bhenchod memes dekhne de""😒 . #instagram",4,Profane/Untargeted
halala wali aulaad  jaisi hi hoti h .. hila hila hillli la,2,Religious Hate
what makes him wrong... he is right only hijra will bow down to touch her feet and drink her washed feet water,3,Sexism
